API server request failed. {
  requestId: 'req_msgdnubm_9lr423',
  method: 'GET',
  path: '/api/rivers/summary.json',
  error: Error: river summary scoring timed out after 12000ms
      at Timeout.<anonymous> (C:\Users\Yerff\source\repos\PaddleTodayV2\src\server\server-runtime.ts:18:18)
      at listOnTimeout (node:internal/timers:605:17)
      at process.processTimers (node:internal/timers:541:7)
}
[weather] NWS fetch failed for 48.01040,-89.70830 Error: HTTP 404
    at fetchJson (C:\Users\Yerff\source\repos\PaddleTodayV2\src\lib\http.ts:94:15)
    at process.processTicksAndRejections (node:internal/process/task_queues:104:5)
    at asAPI server request failed. {
  requestId: 'req_msgwpc85_005wdm',
  method: 'GET',
  path: '/api/rivers/summary.json',
  error: Error: river summary scoring timed out after 12000ms
      at Timeout.<anonymous> (C:\Users\Yerff\source\repos\PaddleTodayV2\src\server\server-runtime.ts:18:18)
      at listOnTimeout (node:internal/timers:605:17)
      at process.processTimers (node:internal/timers:541:7)
}
[weather] NWS fetch failed for 48.01040,-89.70830 Error: HTTP 404
    at fetchJson (C:\Users\Yerff\source\repos\PaddleTodayV2\src\lib\http.ts:94:15)
    at process.processTicksAndRejections (node:internal/process/task_queues:104:5)
    at async fetchNwsWeatherSnapshot (C:\Users\Yerff\source\repos\PaddleTodayV2\src\lib\nws.ts:87:17)
    at async Promise.all (index 0)
    at async fetchWeatherSnapshot (C:\Users\Yerff\source\repos\PaddleTodayV2\src\lib\weather.ts:7:27)
    at async Promise.all (index 1)
    at async scoreRiver (C:\Users\Yerff\source\repos\PaddleTodayV2\src\lib\rivers.ts:179:28)
    at async worker (C:\Users\Yerff\source\repos\PaddleTodayV2\src\lib\async-concurrency.ts:22:24)
    at async Promise.all (index 0)
    at async mapWithConcurrency (C:\Users\Yerff\source\repos\PaddleTodayV2\src\lib\async-concurrency.ts:26:3)
[weather] Weather snapshot unavailable for 48.01040,-89.70830
node:events:486
      throw er; // Unhandled 'error' event
      ^

Error: listen EADDRINUSE: address already in use 0.0.0.0:4322
    at Server.setupListenHandle [as _listen2] (node:net:1948:16)
    at listenInCluster (node:net:2005:12)
    at node:net:2214:7
    at process.processTicksAndRejections (node:internal/process/task_queues:90:21)
Emitted 'error' event on Server instance at:
    at emitErrorNT (node:net:1984:8)
    at process.processTicksAndRejections (node:internal/process/task_queues:90:21) {
  code: 'EADDRINUSE',
  errno: -4091,
  syscall: 'listen',
  address: '0.0.0.0',
  port: 4322
}

Node.js v24.14.0
node:events:486
      throw er; // Unhandled 'error' event
      ^

Error: listen EADDRINUSE: address already in use 0.0.0.0:4322
    at Server.setupListenHandle [as _listen2] (node:net:1948:16)
    at listenInCluster (node:net:2005:12)
    at node:net:2214:7
    at process.processTicksAndRejections (node:internal/process/task_queues:90:21)
Emitted 'error' event on Server instance at:
    at emitErrorNT (node:net:1984:8)
    at process.processTicksAndRejections (node:internal/process/task_queues:90:21) {
  code: 'EADDRINUSE',
  errno: -4091,
  syscall: 'listen',
  address: '0.0.0.0',
  port: 4322
}

Node.js v24.14.0
node:events:486
      throw er; // Unhandled 'error' event
      ^

Error: listen EADDRINUSE: address already in use 0.0.0.0:4322
    at Server.setupListenHandle [as _listen2] (node:net:1948:16)
    at listenInCluster (node:net:2005:12)
    at node:net:2214:7
    at process.processTicksAndRejections (node:internal/process/task_queues:90:21)
Emitted 'error' event on Server instance at:
    at emitErrorNT (node:net:1984:8)
    at process.processTicksAndRejections (node:internal/process/task_queues:90:21) {
  code: 'EADDRINUSE',
  errno: -4091,
  syscall: 'listen',
  address: '0.0.0.0',
  port: 4322
}

Node.js v24.14.0
API server request failed. {
  requestId: 'req_mshuhope_c22nj4',
  method: 'GET',
  path: '/api/rivers/summary.json',
  error: Error: river summary scoring timed out after 12000ms
      at Timeout.<anonymous> (C:\Users\Yerff\source\repos\PaddleTodayV2\src\server\server-runtime.ts:18:18)
      at listOnTimeout (node:internal/timers:605:17)
      at process.processTimers (node:internal/timers:541:7)
}
[weather] NWS fetch failed for 48.01040,-89.70830 Error: HTTP 404
    at fetchJson (C:\Users\Yerff\source\repos\PaddleTodayV2\src\lib\http.ts:94:15)
    at process.processTicksAndRejections (node:internal/process/task_queues:104:5)
    at async fetchNwsWeatherSnapshot (C:\Users\Yerff\source\repos\PaddleTodayV2\src\lib\nws.ts:87:17)
    at async Promise.all (index 0)
    at async fetchWeatherSnapshot (C:\Users\Yerff\source\repos\PaddleTodayV2\src\lib\weather.ts:7:27)
    at async Promise.all (index 1)
    at async scoreRiver (C:\Users\Yerff\source\repos\PaddleTodayV2\src\lib\rivers.ts:179:28)
    at async worker (C:\Users\Yerff\source\repos\PaddleTodayV2\src\lib\async-concurrency.ts:22:24)
    at async Promise.all (index 4)
    at async mapWithConcurrency (C:\Users\Yerff\source\repos\PaddleTodayV2\src\lib\async-concurrency.ts:26:3)
[weather] Weather snapshot unavailable for 48.01040,-89.70830
API server request failed. {
  requestId: 'req_mshv0z5a_6iwjcn',
  method: 'GET',
  path: '/api/rivers/summary.json',
  error: Error: river summary scoring timed out after 12000ms
      at Timeout.<anonymous> (C:\Users\Yerff\source\repos\PaddleTodayV2\src\server\server-runtime.ts:18:18)
      at listOnTimeout (node:internal/timers:605:17)
      at process.processTimers (node:internal/timers:541:7)
}
[weather] NWS fetch failed for 48.01040,-89.70830 Error: HTTP 404
    at fetchJson (C:\Users\Yerff\source\repos\PaddleTodayV2\src\lib\http.ts:94:15)
    at process.processTicksAndRejections (node:internal/process/task_queues:104:5)
    at async fetchNwsWeatherSnapshot (C:\Users\Yerff\source\repos\PaddleTodayV2\src\lib\nws.ts:87:17)
    at async Promise.all (index 0)
    at async fetchWeatherSnapshot (C:\Users\Yerff\source\repos\PaddleTodayV2\src\lib\weather.ts:7:27)
    at async Promise.all (index 1)
    at async scoreRiver (C:\Users\Yerff\source\repos\PaddleTodayV2\src\lib\rivers.ts:179:28)
    at async worker (C:\Users\Yerff\source\repos\PaddleTodayV2\src\lib\async-concurrency.ts:22:24)
    at async Promise.all (index 6)
    at async mapWithConcurrency (C:\Users\Yerff\source\repos\PaddleTodayV2\src\lib\async-concurrency.ts:26:3)
[weather] Weather snapshot unavailable for 48.01040,-89.70830
API server request failed. {
  requestId: 'req_mshvk9l0_vrdwiv',
  method: 'GET',
  path: '/api/rivers/summary.json',
  error: Error: river summary scoring timed out after 12000ms
      at Timeout.<anonymous> (C:\Users\Yerff\source\repos\PaddleTodayV2\src\server\server-runtime.ts:18:18)
      at listOnTimeout (node:internal/timers:605:17)
      at process.processTimers (node:internal/timers:541:7)
}
[weather] NWS fetch failed for 48.01040,-89.70830 Error: HTTP 404
    at fetchJson (C:\Users\Yerff\source\repos\PaddleTodayV2\src\lib\http.ts:94:15)
    at process.processTicksAndRejections (node:internal/process/task_queues:104:5)
    at async fetchNwsWeatherSnapshot (C:\Users\Yerff\source\repos\PaddleTodayV2\src\lib\nws.ts:87:17)
    at async Promise.all (index 0)
    at async fetchWeatherSnapshot (C:\Users\Yerff\source\repos\PaddleTodayV2\src\lib\weather.ts:7:27)
    at async Promise.all (index 1)
    at async scoreRiver (C:\Users\Yerff\source\repos\PaddleTodayV2\src\lib\rivers.ts:179:28)
    at async worker (C:\Users\Yerff\source\repos\PaddleTodayV2\src\lib\async-concurrency.ts:22:24)
    at async Promise.all (index 1)
    at async mapWithConcurrency (C:\Users\Yerff\source\repos\PaddleTodayV2\src\lib\async-concurrency.ts:26:3)
[weather] Weather snapshot unavailable for 48.01040,-89.70830
API server request failed. {
  requestId: 'req_mshvx4jr_evrrhc',
  method: 'GET',
  path: '/api/rivers/summary.json',
  error: Error: river summary scoring timed out after 12000ms
      at Timeout.<anonymous> (C:\Users\Yerff\source\repos\PaddleTodayV2\src\server\server-runtime.ts:18:18)
      at listOnTimeout (node:internal/timers:605:17)
      at process.processTimers (node:internal/timers:541:7)
}
[weather] NWS fetch failed for 48.01040,-89.70830 Error: HTTP 404
    at fetchJson (C:\Users\Yerff\source\repos\PaddleTodayV2\src\lib\http.ts:94:15)
    at process.processTicksAndRejections (node:internal/process/task_queues:104:5)
    at async fetchNwsWeatherSnapshot (C:\Users\Yerff\source\repos\PaddleTodayV2\src\lib\nws.ts:87:17)
    at async Promise.all (index 0)
    at async fetchWeatherSnapshot (C:\Users\Yerff\source\repos\PaddleTodayV2\src\lib\weather.ts:7:27)
    at async Promise.all (index 1)
    at async scoreRiver (C:\Users\Yerff\source\repos\PaddleTodayV2\src\lib\rivers.ts:179:28)
    at async worker (C:\Users\Yerff\source\repos\PaddleTodayV2\src\lib\async-concurrency.ts:22:24)
    at async Promise.all (index 4)
    at async mapWithConcurrency (C:\Users\Yerff\source\repos\PaddleTodayV2\src\lib\async-concurrency.ts:26:3)
[weather] Weather snapshot unavailable for 48.01040,-89.70830
API server request failed. {
  requestId: 'req_mshwgezw_pno7s4',
  method: 'GET',
  path: '/api/rivers/summary.json',
  error: Error: river summary scoring timed out after 12000ms
      at Timeout.<anonymous> (C:\Users\Yerff\source\repos\PaddleTodayV2\src\server\server-runtime.ts:18:18)
      at listOnTimeout (node:internal/timers:605:17)
      at process.processTimers (node:internal/timers:541:7)
}
[weather] NWS fetch failed for 48.01040,-89.70830 Error: HTTP 404
    at fetchJson (C:\Users\Yerff\source\repos\PaddleTodayV2\src\lib\http.ts:94:15)
    at process.processTicksAndRejections (node:internal/process/task_queues:104:5)
    at async fetchNwsWeatherSnapshot (C:\Users\Yerff\source\repos\PaddleTodayV2\src\lib\nws.ts:87:17)
    at async Promise.all (index 0)
    at async fetchWeatherSnapshot (C:\Users\Yerff\source\repos\PaddleTodayV2\src\lib\weather.ts:7:27)
    at async Promise.all (index 1)
    at async scoreRiver (C:\Users\Yerff\source\repos\PaddleTodayV2\src\lib\rivers.ts:179:28)
    at async worker (C:\Users\Yerff\source\repos\PaddleTodayV2\src\lib\async-concurrency.ts:22:24)
    at async Promise.all (index 0)
    at async mapWithConcurrency (C:\Users\Yerff\source\repos\PaddleTodayV2\src\lib\async-concurrency.ts:26:3)
[weather] Weather snapshot unavailable for 48.01040,-89.70830
[weather] NOAA precip fetch failed for 41.72490,-91.52570 Error: HTTP 502
    at fetchJson (C:\Users\Yerff\source\repos\PaddleTodayV2\src\lib\http.ts:94:15)
    at process.processTicksAndRejections (node:internal/process/task_queues:104:5)
    at async sampleMrmsTotal (C:\Users\Yerff\source\repos\PaddleTodayV2\src\lib\noaa-precip.ts:57:16)
    at async Promise.all (index 0)
    at async fetchRecentRainTotals (C:\Users\Yerff\source\repos\PaddleTodayV2\src\lib\noaa-precip.ts:18:46)
    at async Promise.all (index 1)
    at async fetchWeatherSnapshot (C:\Users\Yerff\source\repos\PaddleTodayV2\src\lib\weather.ts:7:27)
    at async Promise.all (index 1)
    at async scoreRiver (C:\Users\Yerff\source\repos\PaddleTodayV2\src\lib\rivers.ts:179:28)
    at async worker (C:\Users\Yerff\source\repos\PaddleTodayV2\src\lib\async-concurrency.ts:22:24)
[weather] NOAA precip fetch failed for 42.53987,-94.34342 Error: HTTP 502
    at fetchJson (C:\Users\Yerff\source\repos\PaddleTodayV2\src\lib\http.ts:94:15)
    at process.processTicksAndRejections (node:internal/process/task_queues:104:5)
    at async sampleMrmsTotal (C:\Users\Yerff\source\repos\PaddleTodayV2\src\lib\noaa-precip.ts:57:16)
    at async Promise.all (index 1)
    at async fetchRecentRainTotals (C:\Users\Yerff\source\repos\PaddleTodayV2\src\lib\noaa-precip.ts:18:46)
    at async Promise.all (index 1)
    at async fetchWeatherSnapshot (C:\Users\Yerff\source\repos\PaddleTodayV2\src\lib\weather.ts:7:27)
    at async Promise.all (index 1)
    at async scoreRiver (C:\Users\Yerff\source\repos\PaddleTodayV2\src\lib\rivers.ts:179:28)
    at async worker (C:\Users\Yerff\source\repos\PaddleTodayV2\src\lib\async-concurrency.ts:22:24)
[weather] NOAA precip fetch failed for 42.72096,-92.46475 Error: HTTP 502
    at fetchJson (C:\Users\Yerff\source\repos\PaddleTodayV2\src\lib\http.ts:94:15)
    at process.processTicksAndRejections (node:internal/process/task_queues:104:5)
    at async sampleMrmsTotal (C:\Users\Yerff\source\repos\PaddleTodayV2\src\lib\noaa-precip.ts:57:16)
    at async Promise.all (index 0)
    at async fetchRecentRainTotals (C:\Users\Yerff\source\repos\PaddleTodayV2\src\lib\noaa-precip.ts:18:46)
    at async Promise.all (index 1)
    at async fetchWeatherSnapshot (C:\Users\Yerff\source\repos\PaddleTodayV2\src\lib\weather.ts:7:27)
    at async Promise.all (index 1)
    at async scoreRiver (C:\Users\Yerff\source\repos\PaddleTodayV2\src\lib\rivers.ts:179:28)
    at async worker (C:\Users\Yerff\source\repos\PaddleTodayV2\src\lib\async-concurrency.ts:22:24)
[weather] NOAA precip fetch failed for 48.19741,-93.80496 Error: HTTP 502
    at fetchJson (C:\Users\Yerff\source\repos\PaddleTodayV2\src\lib\http.ts:94:15)
    at process.processTicksAndRejections (node:internal/process/task_queues:104:5)
    at async sampleMrmsTotal (C:\Users\Yerff\source\repos\PaddleTodayV2\src\lib\noaa-precip.ts:57:16)
    at async Promise.all (index 1)
    at async fetchRecentRainTotals (C:\Users\Yerff\source\repos\PaddleTodayV2\src\lib\noaa-precip.ts:18:46)
    at async Promise.all (index 1)
    at async fetchWeatherSnapshot (C:\Users\Yerff\source\repos\PaddleTodayV2\src\lib\weather.ts:7:27)
    at async Promise.all (index 1)
    at async scoreRiver (C:\Users\Yerff\source\repos\PaddleTodayV2\src\lib\rivers.ts:179:28)
    at async worker (C:\Users\Yerff\source\repos\PaddleTodayV2\src\lib\async-concurrency.ts:22:24)
[weather] NOAA precip fetch failed for 48.29914,-93.82038 Error: HTTP 502
    at fetchJson (C:\Users\Yerff\source\repos\PaddleTodayV2\src\lib\http.ts:94:15)
    at process.processTicksAndRejections (node:internal/process/task_queues:104:5)
    at async sampleMrmsTotal (C:\Users\Yerff\source\repos\PaddleTodayV2\src\lib\noaa-precip.ts:57:16)
    at async Promise.all (index 1)
    at async fetchRecentRainTotals (C:\Users\Yerff\source\repos\PaddleTodayV2\src\lib\noaa-precip.ts:18:46)
    at async Promise.all (index 1)
    at async fetchWeatherSnapshot (C:\Users\Yerff\source\repos\PaddleTodayV2\src\lib\weather.ts:7:27)
    at async Promise.all (index 1)
    at async scoreRiver (C:\Users\Yerff\source\repos\PaddleTodayV2\src\lib\rivers.ts:179:28)
    at async worker (C:\Users\Yerff\source\repos\PaddleTodayV2\src\lib\async-concurrency.ts:22:24)
[weather] NOAA precip fetch failed for 43.80301,-91.76036 Error: HTTP 502
    at fetchJson (C:\Users\Yerff\source\repos\PaddleTodayV2\src\lib\http.ts:94:15)
    at process.processTicksAndRejections (node:internal/process/task_queues:104:5)
    at async sampleMrmsTotal (C:\Users\Yerff\source\repos\PaddleTodayV2\src\lib\noaa-precip.ts:57:16)
    at async Promise.all (index 1)
    at async fetchRecentRainTotals (C:\Users\Yerff\source\repos\PaddleTodayV2\src\lib\noaa-precip.ts:18:46)
    at async Promise.all (index 1)
    at async fetchWeatherSnapshot (C:\Users\Yerff\source\repos\PaddleTodayV2\src\lib\weather.ts:7:27)
    at async Promise.all (index 1)
    at async scoreRiver (C:\Users\Yerff\source\repos\PaddleTodayV2\src\lib\rivers.ts:179:28)
    at async worker (C:\Users\Yerff\source\repos\PaddleTodayV2\src\lib\async-concurrency.ts:22:24)
[weather] NOAA precip fetch failed for 43.81641,-92.13924 Error: HTTP 502
    at fetchJson (C:\Users\Yerff\source\repos\PaddleTodayV2\src\lib\http.ts:94:15)
    at process.processTicksAndRejections (node:internal/process/task_queues:104:5)
    at async sampleMrmsTotal (C:\Users\Yerff\source\repos\PaddleTodayV2\src\lib\noaa-precip.ts:57:16)
    at async Promise.all (index 0)
    at async fetchRecentRainTotals (C:\Users\Yerff\source\repos\PaddleTodayV2\src\lib\noaa-precip.ts:18:46)
    at async Promise.all (index 1)
    at async fetchWeatherSnapshot (C:\Users\Yerff\source\repos\PaddleTodayV2\src\lib\weather.ts:7:27)
    at async Promise.all (index 1)
    at async scoreRiver (C:\Users\Yerff\source\repos\PaddleTodayV2\src\lib\rivers.ts:179:28)
    at async worker (C:\Users\Yerff\source\repos\PaddleTodayV2\src\lib\async-concurrency.ts:22:24)
[weather] NOAA precip fetch failed for 45.55236,-91.22839 Error: HTTP 502
    at fetchJson (C:\Users\Yerff\source\repos\PaddleTodayV2\src\lib\http.ts:94:15)
    at process.processTicksAndRejections (node:internal/process/task_queues:104:5)
    at async sampleMrmsTotal (C:\Users\Yerff\source\repos\PaddleTodayV2\src\lib\noaa-precip.ts:57:16)
    at async Promise.all (index 0)
    at async fetchRecentRainTotals (C:\Users\Yerff\source\repos\PaddleTodayV2\src\lib\noaa-precip.ts:18:46)
    at async Promise.all (index 1)
    at async fetchWeatherSnapshot (C:\Users\Yerff\source\repos\PaddleTodayV2\src\lib\weather.ts:7:27)
    at async Promise.all (index 1)
    at async scoreRiver (C:\Users\Yerff\source\repos\PaddleTodayV2\src\lib\rivers.ts:179:28)
    at async worker (C:\Users\Yerff\source\repos\PaddleTodayV2\src\lib\async-concurrency.ts:22:24)
[weather] NOAA precip fetch failed for 45.12518,-88.66322 Error: HTTP 502
    at fetchJson (C:\Users\Yerff\source\repos\PaddleTodayV2\src\lib\http.ts:94:15)
    at process.processTicksAndRejections (node:internal/process/task_queues:104:5)
    at async sampleMrmsTotal (C:\Users\Yerff\source\repos\PaddleTodayV2\src\lib\noaa-precip.ts:57:16)
    at async Promise.all (index 1)
    at async fetchRecentRainTotals (C:\Users\Yerff\source\repos\PaddleTodayV2\src\lib\noaa-precip.ts:18:46)
    at async Promise.all (index 1)
    at async fetchWeatherSnapshot (C:\Users\Yerff\source\repos\PaddleTodayV2\src\lib\weather.ts:7:27)
    at async Promise.all (index 1)
    at async scoreRiver (C:\Users\Yerff\source\repos\PaddleTodayV2\src\lib\rivers.ts:179:28)
    at async worker (C:\Users\Yerff\source\repos\PaddleTodayV2\src\lib\async-concurrency.ts:22:24)
API server request failed. {
  requestId: 'req_mshwzpfq_igh69j',
  method: 'GET',
  path: '/api/rivers/summary.json',
  error: Error: river summary scoring timed out after 12000ms
      at Timeout.<anonymous> (C:\Users\Yerff\source\repos\PaddleTodayV2\src\server\server-runtime.ts:18:18)
      at listOnTimeout (node:internal/timers:605:17)
      at process.processTimers (node:internal/timers:541:7)
}
[weather] NWS fetch failed for 48.01040,-89.70830 Error: HTTP 404
    at fetchJson (C:\Users\Yerff\source\repos\PaddleTodayV2\src\lib\http.ts:94:15)
    at process.processTicksAndRejections (node:internal/process/task_queues:104:5)
    at async fetchNwsWeatherSnapshot (C:\Users\Yerff\source\repos\PaddleTodayV2\src\lib\nws.ts:87:17)
    at async Promise.all (index 0)
    at async fetchWeatherSnapshot (C:\Users\Yerff\source\repos\PaddleTodayV2\src\lib\weather.ts:7:27)
    at async Promise.all (index 1)
    at async scoreRiver (C:\Users\Yerff\source\repos\PaddleTodayV2\src\lib\rivers.ts:179:28)
    at async worker (C:\Users\Yerff\source\repos\PaddleTodayV2\src\lib\async-concurrency.ts:22:24)
    at async Promise.all (index 4)
    at async mapWithConcurrency (C:\Users\Yerff\source\repos\PaddleTodayV2\src\lib\async-concurrency.ts:26:3)
[weather] Weather snapshot unavailable for 48.01040,-89.70830
API server request failed. {
  requestId: 'req_mshxizvn_qr1xac',
  method: 'GET',
  path: '/api/rivers/summary.json',
  error: Error: river summary scoring timed out after 12000ms
      at Timeout.<anonymous> (C:\Users\Yerff\source\repos\PaddleTodayV2\src\server\server-runtime.ts:18:18)
      at listOnTimeout (node:internal/timers:605:17)
      at process.processTimers (node:internal/timers:541:7)
}
[weather] NWS fetch failed for 48.01040,-89.70830 Error: HTTP 404
    at fetchJson (C:\Users\Yerff\source\repos\PaddleTodayV2\src\lib\http.ts:94:15)
    at process.processTicksAndRejections (node:internal/process/task_queues:104:5)
    at async fetchNwsWeatherSnapshot (C:\Users\Yerff\source\repos\PaddleTodayV2\src\lib\nws.ts:87:17)
    at async Promise.all (index 0)
    at async fetchWeatherSnapshot (C:\Users\Yerff\source\repos\PaddleTodayV2\src\lib\weather.ts:7:27)
    at async Promise.all (index 1)
    at async scoreRiver (C:\Users\Yerff\source\repos\PaddleTodayV2\src\lib\rivers.ts:179:28)
    at async worker (C:\Users\Yerff\source\repos\PaddleTodayV2\src\lib\async-concurrency.ts:22:24)
    at async Promise.all (index 8)
    at async mapWithConcurrency (C:\Users\Yerff\source\repos\PaddleTodayV2\src\lib\async-concurrency.ts:26:3)
[weather] Weather snapshot unavailable for 48.01040,-89.70830
API server request failed. {
  requestId: 'req_mshy2abn_7ldawq',
  method: 'GET',
  path: '/api/rivers/summary.json',
  error: Error: river summary scoring timed out after 12000ms
      at Timeout.<anonymous> (C:\Users\Yerff\source\repos\PaddleTodayV2\src\server\server-runtime.ts:18:18)
      at listOnTimeout (node:internal/timers:605:17)
      at process.processTimers (node:internal/timers:541:7)
}
[weather] NWS fetch failed for 48.01040,-89.70830 Error: HTTP 404
    at fetchJson (C:\Users\Yerff\source\repos\PaddleTodayV2\src\lib\http.ts:94:15)
    at process.processTicksAndRejections (node:internal/process/task_queues:104:5)
    at async fetchNwsWeatherSnapshot (C:\Users\Yerff\source\repos\PaddleTodayV2\src\lib\nws.ts:87:17)
    at async Promise.all (index 0)
    at async fetchWeatherSnapshot (C:\Users\Yerff\source\repos\PaddleTodayV2\src\lib\weather.ts:7:27)
    at async Promise.all (index 1)
    at async scoreRiver (C:\Users\Yerff\source\repos\PaddleTodayV2\src\lib\rivers.ts:179:28)
    at async worker (C:\Users\Yerff\source\repos\PaddleTodayV2\src\lib\async-concurrency.ts:22:24)
    at async Promise.all (index 0)
    at async mapWithConcurrency (C:\Users\Yerff\source\repos\PaddleTodayV2\src\lib\async-concurrency.ts:26:3)
[weather] Weather snapshot unavailable for 48.01040,-89.70830
API server request failed. {
  requestId: 'req_mshyf5ac_2jp84j',
  method: 'GET',
  path: '/api/rivers/summary.json',
  error: Error: river summary scoring timed out after 12000ms
      at Timeout.<anonymous> (C:\Users\Yerff\source\repos\PaddleTodayV2\src\server\server-runtime.ts:18:18)
      at listOnTimeout (node:internal/timers:605:17)
      at process.processTimers (node:internal/timers:541:7)
}
[weather] NWS fetch failed for 48.01040,-89.70830 Error: HTTP 404
    at fetchJson (C:\Users\Yerff\source\repos\PaddleTodayV2\src\lib\http.ts:94:15)
    at process.processTicksAndRejections (node:internal/process/task_queues:104:5)
    at async fetchNwsWeatherSnapshot (C:\Users\Yerff\source\repos\PaddleTodayV2\src\lib\nws.ts:87:17)
    at async Promise.all (index 0)
    at async fetchWeatherSnapshot (C:\Users\Yerff\source\repos\PaddleTodayV2\src\lib\weather.ts:7:27)
    at async Promise.all (index 1)
    at async scoreRiver (C:\Users\Yerff\source\repos\PaddleTodayV2\src\lib\rivers.ts:179:28)
    at async worker (C:\Users\Yerff\source\repos\PaddleTodayV2\src\lib\async-concurrency.ts:22:24)
    at async Promise.all (index 10)
    at async mapWithConcurrency (C:\Users\Yerff\source\repos\PaddleTodayV2\src\lib\async-concurrency.ts:26:3)
[weather] Weather snapshot unavailable for 48.01040,-89.70830
[weather] NOAA precip fetch failed for 43.80301,-91.76036 Error: Expected JSON but received text/plain;charset=utf-8
    at fetchJson (C:\Users\Yerff\source\repos\PaddleTodayV2\src\lib\http.ts:100:15)
    at process.processTicksAndRejections (node:internal/process/task_queues:104:5)
    at async sampleMrmsTotal (C:\Users\Yerff\source\repos\PaddleTodayV2\src\lib\noaa-precip.ts:57:16)
    at async Promise.all (index 1)
    at async fetchRecentRainTotals (C:\Users\Yerff\source\repos\PaddleTodayV2\src\lib\noaa-precip.ts:18:46)
    at async Promise.all (index 1)
    at async fetchWeatherSnapshot (C:\Users\Yerff\source\repos\PaddleTodayV2\src\lib\weather.ts:7:27)
    at async Promise.all (index 1)
    at async scoreRiver (C:\Users\Yerff\source\repos\PaddleTodayV2\src\lib\rivers.ts:179:28)
    at async worker (C:\Users\Yerff\source\repos\PaddleTodayV2\src\lib\async-concurrency.ts:22:24)
[weather] NOAA precip fetch failed for 45.24800,-88.80620 Error: Expected JSON but received text/plain;charset=utf-8
    at fetchJson (C:\Users\Yerff\source\repos\PaddleTodayV2\src\lib\http.ts:100:15)
    at process.processTicksAndRejections (node:internal/process/task_queues:104:5)
    at async sampleMrmsTotal (C:\Users\Yerff\source\repos\PaddleTodayV2\src\lib\noaa-precip.ts:57:16)
    at async Promise.all (index 0)
    at async fetchRecentRainTotals (C:\Users\Yerff\source\repos\PaddleTodayV2\src\lib\noaa-precip.ts:18:46)
    at async Promise.all (index 1)
    at async fetchWeatherSnapshot (C:\Users\Yerff\source\repos\PaddleTodayV2\src\lib\weather.ts:7:27)
    at async Promise.all (index 1)
    at async scoreRiver (C:\Users\Yerff\source\repos\PaddleTodayV2\src\lib\rivers.ts:179:28)
    at async worker (C:\Users\Yerff\source\repos\PaddleTodayV2\src\lib\async-concurrency.ts:22:24)
[weather] NOAA precip fetch failed for 45.12518,-88.66322 Error: Expected JSON but received text/plain;charset=utf-8
    at fetchJson (C:\Users\Yerff\source\repos\PaddleTodayV2\src\lib\http.ts:100:15)
    at process.processTicksAndRejections (node:internal/process/task_queues:104:5)
    at async sampleMrmsTotal (C:\Users\Yerff\source\repos\PaddleTodayV2\src\lib\noaa-precip.ts:57:16)
    at async Promise.all (index 1)
    at async fetchRecentRainTotals (C:\Users\Yerff\source\repos\PaddleTodayV2\src\lib\noaa-precip.ts:18:46)
    at async Promise.all (index 1)
    at async fetchWeatherSnapshot (C:\Users\Yerff\source\repos\PaddleTodayV2\src\lib\weather.ts:7:27)
    at async Promise.all (index 1)
    at async scoreRiver (C:\Users\Yerff\source\repos\PaddleTodayV2\src\lib\rivers.ts:179:28)
    at async worker (C:\Users\Yerff\source\repos\PaddleTodayV2\src\lib\async-concurrency.ts:22:24)
[weather] NOAA precip fetch failed for 45.89031,-92.71284 Error: Expected JSON but received text/plain;charset=utf-8
    at fetchJson (C:\Users\Yerff\source\repos\PaddleTodayV2\src\lib\http.ts:100:15)
    at process.processTicksAndRejections (node:internal/process/task_queues:104:5)
    at async sampleMrmsTotal (C:\Users\Yerff\source\repos\PaddleTodayV2\src\lib\noaa-precip.ts:57:16)
    at async Promise.all (index 1)
    at async fetchRecentRainTotals (C:\Users\Yerff\source\repos\PaddleTodayV2\src\lib\noaa-precip.ts:18:46)
    at async Promise.all (index 1)
    at async fetchWeatherSnapshot (C:\Users\Yerff\source\repos\PaddleTodayV2\src\lib\weather.ts:7:27)
    at async Promise.all (index 1)
    at async scoreRiver (C:\Users\Yerff\source\repos\PaddleTodayV2\src\lib\rivers.ts:179:28)
    at async worker (C:\Users\Yerff\source\repos\PaddleTodayV2\src\lib\async-concurrency.ts:22:24)
[weather] NOAA precip fetch failed for 45.55614,-94.24254 Error: Expected JSON but received text/plain;charset=utf-8
    at fetchJson (C:\Users\Yerff\source\repos\PaddleTodayV2\src\lib\http.ts:100:15)
    at process.processTicksAndRejections (node:internal/process/task_queues:104:5)
    at async sampleMrmsTotal (C:\Users\Yerff\source\repos\PaddleTodayV2\src\lib\noaa-precip.ts:57:16)
    at async Promise.all (index 1)
    at async fetchRecentRainTotals (C:\Users\Yerff\source\repos\PaddleTodayV2\src\lib\noaa-precip.ts:18:46)
    at async Promise.all (index 1)
    at async fetchWeatherSnapshot (C:\Users\Yerff\source\repos\PaddleTodayV2\src\lib\weather.ts:7:27)
    at async Promise.all (index 1)
    at async scoreRiver (C:\Users\Yerff\source\repos\PaddleTodayV2\src\lib\rivers.ts:179:28)
    at async worker (C:\Users\Yerff\source\repos\PaddleTodayV2\src\lib\async-concurrency.ts:22:24)
[weather] NOAA precip fetch failed for 45.47450,-94.34029 Error: Expected JSON but received text/plain;charset=utf-8
    at fetchJson (C:\Users\Yerff\source\repos\PaddleTodayV2\src\lib\http.ts:100:15)
    at process.processTicksAndRejections (node:internal/process/task_queues:104:5)
    at async sampleMrmsTotal (C:\Users\Yerff\source\repos\PaddleTodayV2\src\lib\noaa-precip.ts:57:16)
    at async Promise.all (index 0)
    at async fetchRecentRainTotals (C:\Users\Yerff\source\repos\PaddleTodayV2\src\lib\noaa-precip.ts:18:46)
    at async Promise.all (index 1)
    at async fetchWeatherSnapshot (C:\Users\Yerff\source\repos\PaddleTodayV2\src\lib\weather.ts:7:27)
[weather] NOAA precip fetch failed for 45.13804,-94.17613 Error: Expected JSON but received text/plain;charset=utf-8
    at fetchJson (C:\Users\Yerff\source\repos\PaddleTodayV2\src\lib\http.ts:100:15)
    at process.processTicksAndRejections (node:internal/process/task_queues:104:5)
    at async sampleMrmsTotal (C:\Users\Yerff\source\repos\PaddleTodayV2\src\lib\noaa-precip.ts:57:16)
    at async Promise.all (index 0)
    at async fetchRecentRainTotals (C:\Users\Yerff\source\repos\PaddleTodayV2\src\lib\noaa-precip.ts:18:46)
    at async Promise.all (index 1)
    at async fetchWeatherSnapshot (C:\Users\Yerff\source\repos\PaddleTodayV2\src\lib\weather.ts:7:27)
    at async Promise.all (index 1)
    at async scoreRiver (C:\Users\Yerff\source\repos\PaddleTodayV2\src\lib\rivers.ts:179:28)
    at async worker (C:\Users\Yerff\source\repos\PaddleTodayV2\src\lib\async-concurrency.ts:22:24)
[weather] NOAA precip fetch failed for 45.09276,-93.72942 Error: Expected JSON but received text/plain;charset=utf-8
    at fetchJson (C:\Users\Yerff\source\repos\PaddleTodayV2\src\lib\http.ts:100:15)
    at process.processTicksAndRejections (node:internal/process/task_queues:104:5)
    at async sampleMrmsTotal (C:\Users\Yerff\source\repos\PaddleTodayV2\src\lib\noaa-precip.ts:57:16)
    at async Promise.all (index 1)
    at async fetchRecentRainTotals (C:\Users\Yerff\source\repos\PaddleTodayV2\src\lib\noaa-precip.ts:18:46)
    at async Promise.all (index 1)
    at async fetchWeatherSnapshot (C:\Users\Yerff\source\repos\PaddleTodayV2\src\lib\weather.ts:7:27)
    at async Promise.all (index 1)
    at async scoreRiver (C:\Users\Yerff\source\repos\PaddleTodayV2\src\lib\rivers.ts:179:28)
    at async worker (C:\Users\Yerff\source\repos\PaddleTodayV2\src\lib\async-concurrency.ts:22:24)
[weather] NOAA precip fetch failed for 44.23355,-92.48203 Error: Expected JSON but received text/plain;charset=utf-8
    at fetchJson (C:\Users\Yerff\source\repos\PaddleTodayV2\src\lib\http.ts:100:15)
    at process.processTicksAndRejections (node:internal/process/task_queues:104:5)
    at async sampleMrmsTotal (C:\Users\Yerff\source\repos\PaddleTodayV2\src\lib\noaa-precip.ts:57:16)
    at async Promise.all (index 1)
    at async fetchRecentRainTotals (C:\Users\Yerff\source\repos\PaddleTodayV2\src\lib\noaa-precip.ts:18:46)
    at async Promise.all (index 1)
    at async fetchWeatherSnapshot (C:\Users\Yerff\source\repos\PaddleTodayV2\src\lib\weather.ts:7:27)
    at async Promise.all (index 1)
    at async scoreRiver (C:\Users\Yerff\source\repos\PaddleTodayV2\src\lib\rivers.ts:179:28)
    at async worker (C:\Users\Yerff\source\repos\PaddleTodayV2\src\lib\async-concurrency.ts:22:24)
[weather] NOAA precip fetch failed for 41.35235,-94.28172 Error: Expected JSON but received text/plain;charset=utf-8
    at fetchJson (C:\Users\Yerff\source\repos\PaddleTodayV2\src\lib\http.ts:100:15)
    at process.processTicksAndRejections (node:internal/process/task_queues:104:5)
    at async sampleMrmsTotal (C:\Users\Yerff\source\repos\PaddleTodayV2\src\lib\noaa-precip.ts:57:16)
    at async Promise.all (index 1)
    at async fetchRecentRainTotals (C:\Users\Yerff\source\repos\PaddleTodayV2\src\lib\noaa-precip.ts:18:46)
    at async Promise.all (index 1)
    at async fetchWeatherSnapshot (C:\Users\Yerff\source\repos\PaddleTodayV2\src\lib\weather.ts:7:27)
    at async Promise.all (index 1)
    at async scoreRiver (C:\Users\Yerff\source\repos\PaddleTodayV2\src\lib\rivers.ts:179:28)
    at async worker (C:\Users\Yerff\source\repos\PaddleTodayV2\src\lib\async-concurrency.ts:22:24)
[weather] NOAA precip fetch failed for 41.29563,-94.07459 Error: Expected JSON but received text/plain;charset=utf-8
    at fetchJson (C:\Users\Yerff\source\repos\PaddleTodayV2\src\lib\http.ts:100:15)
    at process.processTicksAndRejections (node:internal/process/task_queues:104:5)
    at async sampleMrmsTotal (C:\Users\Yerff\source\repos\PaddleTodayV2\src\lib\noaa-precip.ts:57:16)
    at async Promise.all (index 1)
    at async fetchRecentRainTotals (C:\Users\Yerff\source\repos\PaddleTodayV2\src\lib\noaa-precip.ts:18:46)
    at async Promise.all (index 1)
    at async fetchWeatherSnapshot (C:\Users\Yerff\source\repos\PaddleTodayV2\src\lib\weather.ts:7:27)
    at async Promise.all (index 1)
    at async scoreRiver (C:\Users\Yerff\source\repos\PaddleTodayV2\src\lib\rivers.ts:179:28)
    at async worker (C:\Users\Yerff\source\repos\PaddleTodayV2\src\lib\async-concurrency.ts:22:24)
[weather] NOAA precip fetch failed for 42.40404,-92.46443 Error: Expected JSON but received text/plain;charset=utf-8
    at fetchJson (C:\Users\Yerff\source\repos\PaddleTodayV2\src\lib\http.ts:100:15)
    at process.processTicksAndRejections (node:internal/process/task_queues:104:5)
    at async sampleMrmsTotal (C:\Users\Yerff\source\repos\PaddleTodayV2\src\lib\noaa-precip.ts:57:16)
    at async Promise.all (index 1)
    at async fetchRecentRainTotals (C:\Users\Yerff\source\repos\PaddleTodayV2\src\lib\noaa-precip.ts:18:46)
    at async Promise.all (index 1)
    at async fetchWeatherSnapshot (C:\Users\Yerff\source\repos\PaddleTodayV2\src\lib\weather.ts:7:27)
    at async Promise.all (index 1)
    at async scoreRiver (C:\Users\Yerff\source\repos\PaddleTodayV2\src\lib\rivers.ts:179:28)
    at async worker (C:\Users\Yerff\source\repos\PaddleTodayV2\src\lib\async-concurrency.ts:22:24)
[weather] NOAA precip fetch failed for 46.69942,-94.88189 Error: Expected JSON but received text/plain;charset=utf-8
    at fetchJson (C:\Users\Yerff\source\repos\PaddleTodayV2\src\lib\http.ts:100:15)
    at process.processTicksAndRejections (node:internal/process/task_queues:104:5)
    at async sampleMrmsTotal (C:\Users\Yerff\source\repos\PaddleTodayV2\src\lib\noaa-precip.ts:57:16)
    at async Promise.all (index 0)
    at async fetchRecentRainTotals (C:\Users\Yerff\source\repos\PaddleTodayV2\src\lib\noaa-precip.ts:18:46)
    at async Promise.all (index 1)
    at async fetchWeatherSnapshot (C:\Users\Yerff\source\repos\PaddleTodayV2\src\lib\weather.ts:7:27)
    at async Promise.all (index 1)
    at async scoreRiver (C:\Users\Yerff\source\repos\PaddleTodayV2\src\lib\rivers.ts:179:28)
    at async worker (C:\Users\Yerff\source\repos\PaddleTodayV2\src\lib\async-concurrency.ts:22:24)
[weather] NOAA precip fetch failed for 43.47002,-89.76122 Error: Expected JSON but received text/plain;charset=utf-8
    at fetchJson (C:\Users\Yerff\source\repos\PaddleTodayV2\src\lib\http.ts:100:15)
    at process.processTicksAndRejections (node:internal/process/task_queues:104:5)
    at async sampleMrmsTotal (C:\Users\Yerff\source\repos\PaddleTodayV2\src\lib\noaa-precip.ts:57:16)
    at async Promise.all (index 0)
    at async fetchRecentRainTotals (C:\Users\Yerff\source\repos\PaddleTodayV2\src\lib\noaa-precip.ts:18:46)
    at async Promise.all (index 1)
    at async fetchWeatherSnapshot (C:\Users\Yerff\source\repos\PaddleTodayV2\src\lib\weather.ts:7:27)
    at async Promise.all (index 1)
    at async scoreRiver (C:\Users\Yerff\source\repos\PaddleTodayV2\src\lib\rivers.ts:179:28)
    at async worker (C:\Users\Yerff\source\repos\PaddleTodayV2\src\lib\async-concurrency.ts:22:24)
[weather] NOAA precip fetch failed for 42.80002,-89.48636 Error: Expected JSON but received text/plain;charset=utf-8
    at fetchJson (C:\Users\Yerff\source\repos\PaddleTodayV2\src\lib\http.ts:100:15)
    at process.processTicksAndRejections (node:internal/process/task_queues:104:5)
    at async sampleMrmsTotal (C:\Users\Yerff\source\repos\PaddleTodayV2\src\lib\noaa-precip.ts:57:16)
    at async Promise.all (index 0)
    at async fetchRecentRainTotals (C:\Users\Yerff\source\repos\PaddleTodayV2\src\lib\noaa-precip.ts:18:46)
    at async Promise.all (index 1)
    at async fetchWeatherSnapshot (C:\Users\Yerff\source\repos\PaddleTodayV2\src\lib\weather.ts:7:27)
    at async Promise.all (index 1)
    at async scoreRiver (C:\Users\Yerff\source\repos\PaddleTodayV2\src\lib\rivers.ts:179:28)
    at async worker (C:\Users\Yerff\source\repos\PaddleTodayV2\src\lib\async-concurrency.ts:22:24)
[weather] NOAA precip fetch failed for 42.89417,-88.70110 Error: Expected JSON but received text/plain;charset=utf-8
    at fetchJson (C:\Users\Yerff\source\repos\PaddleTodayV2\src\lib\http.ts:100:15)
    at process.processTicksAndRejections (node:internal/process/task_queues:104:5)
    at async sampleMrmsTotal (C:\Users\Yerff\source\repos\PaddleTodayV2\src\lib\noaa-precip.ts:57:16)
    at async Promise.all (index 1)
    at async fetchRecentRainTotals (C:\Users\Yerff\source\repos\PaddleTodayV2\src\lib\noaa-precip.ts:18:46)
    at async Promise.all (index 1)
    at async fetchWeatherSnapshot (C:\Users\Yerff\source\repos\PaddleTodayV2\src\lib\weather.ts:7:27)
    at async Promise.all (index 1)
    at async scoreRiver (C:\Users\Yerff\source\repos\PaddleTodayV2\src\lib\rivers.ts:179:28)
    at async worker (C:\Users\Yerff\source\repos\PaddleTodayV2\src\lib\async-concurrency.ts:22:24)
[weather] NOAA precip fetch failed for 43.29095,-91.75879 Error: Expected JSON but received text/plain;charset=utf-8
    at fetchJson (C:\Users\Yerff\source\repos\PaddleTodayV2\src\lib\http.ts:100:15)
    at process.processTicksAndRejections (node:internal/process/task_queues:104:5)
    at async sampleMrmsTotal (C:\Users\Yerff\source\repos\PaddleTodayV2\src\lib\noaa-precip.ts:57:16)
    at async Promise.all (index 0)
    at async fetchRecentRainTotals (C:\Users\Yerff\source\repos\PaddleTodayV2\src\lib\noaa-precip.ts:18:46)
    at async Promise.all (index 1)
    at async fetchWeatherSnapshot (C:\Users\Yerff\source\repos\PaddleTodayV2\src\lib\weather.ts:7:27)
    at async Promise.all (index 1)
    at async scoreRiver (C:\Users\Yerff\source\repos\PaddleTodayV2\src\lib\rivers.ts:179:28)
    at async worker (C:\Users\Yerff\source\repos\PaddleTodayV2\src\lib\async-concurrency.ts:22:24)
[weather] NOAA precip fetch failed for 45.51799,-88.33935 Error: Expected JSON but received text/plain;charset=utf-8
    at fetchJson (C:\Users\Yerff\source\repos\PaddleTodayV2\src\lib\http.ts:100:15)
    at process.processTicksAndRejections (node:internal/process/task_queues:104:5)
    at async sampleMrmsTotal (C:\Users\Yerff\source\repos\PaddleTodayV2\src\lib\noaa-precip.ts:57:16)
    at async Promise.all (index 0)
    at async fetchRecentRainTotals (C:\Users\Yerff\source\repos\PaddleTodayV2\src\lib\noaa-precip.ts:18:46)
    at async Promise.all (index 1)
    at async fetchWeatherSnapshot (C:\Users\Yerff\source\repos\PaddleTodayV2\src\lib\weather.ts:7:27)
    at async Promise.all (index 1)
    at async scoreRiver (C:\Users\Yerff\source\repos\PaddleTodayV2\src\lib\rivers.ts:179:28)
    at async worker (C:\Users\Yerff\source\repos\PaddleTodayV2\src\lib\async-concurrency.ts:22:24)
[weather] NOAA precip fetch failed for 46.54042,-91.59408 Error: Expected JSON but received text/plain;charset=utf-8
    at fetchJson (C:\Users\Yerff\source\repos\PaddleTodayV2\src\lib\http.ts:100:15)
    at process.processTicksAndRejections (node:internal/process/task_queues:104:5)
    at async sampleMrmsTotal (C:\Users\Yerff\source\repos\PaddleTodayV2\src\lib\noaa-precip.ts:57:16)
    at async Promise.all (index 0)
    at async fetchRecentRainTotals (C:\Users\Yerff\source\repos\PaddleTodayV2\src\lib\noaa-precip.ts:18:46)
    at async Promise.all (index 1)
    at async fetchWeatherSnapshot (C:\Users\Yerff\source\repos\PaddleTodayV2\src\lib\weather.ts:7:27)
    at async Promise.all (index 1)
    at async scoreRiver (C:\Users\Yerff\source\repos\PaddleTodayV2\src\lib\rivers.ts:179:28)
    at async worker (C:\Users\Yerff\source\repos\PaddleTodayV2\src\lib\async-concurrency.ts:22:24)
[weather] NOAA precip fetch failed for 43.20101,-90.57145 Error: Expected JSON but received text/plain;charset=utf-8
    at fetchJson (C:\Users\Yerff\source\repos\PaddleTodayV2\src\lib\http.ts:100:15)
    at process.processTicksAndRejections (node:internal/process/task_queues:104:5)
    at async sampleMrmsTotal (C:\Users\Yerff\source\repos\PaddleTodayV2\src\lib\noaa-precip.ts:57:16)
    at async Promise.all (index 0)
    at async fetchRecentRainTotals (C:\Users\Yerff\source\repos\PaddleTodayV2\src\lib\noaa-precip.ts:18:46)
    at async Promise.all (index 1)
    at async fetchWeatherSnapshot (C:\Users\Yerff\source\repos\PaddleTodayV2\src\lib\weather.ts:7:27)
    at async Promise.all (index 1)
    at async scoreRiver (C:\Users\Yerff\source\repos\PaddleTodayV2\src\lib\rivers.ts:179:28)
    at async worker (C:\Users\Yerff\source\repos\PaddleTodayV2\src\lib\async-concurrency.ts:22:24)
API server request failed. {
  requestId: 'req_mshyyfqf_fg5cx7',
  method: 'GET',
  path: '/api/rivers/summary.json',
  error: Error: river summary scoring timed out after 12000ms
      at Timeout.<anonymous> (C:\Users\Yerff\source\repos\PaddleTodayV2\src\server\server-runtime.ts:18:18)
      at listOnTimeout (node:internal/timers:605:17)
      at process.processTimers (node:internal/timers:541:7)
}
[weather] NOAA precip fetch failed for 43.03505,-90.96091 [DOMException [AbortError]: This operation was aborted]
[weather] NOAA precip fetch failed for 39.29155,-84.66180 [DOMException [AbortError]: This operation was aborted]
[weather] NOAA precip fetch failed for 40.70470,-80.58523 [DOMException [AbortError]: This operation was aborted]
[weather] NOAA precip fetch failed for 39.05190,-84.05040 [DOMException [AbortError]: This operation was aborted]
[weather] NOAA precip fetch failed for 45.47494,-87.87593 [DOMException [AbortError]: This operation was aborted]
[weather] NOAA precip fetch failed for 45.87403,-88.68587 [DOMException [AbortError]: This operation was aborted]
[weather] NOAA precip fetch failed for 42.78977,-91.44242 [DOMException [AbortError]: This operation was aborted]
[weather] NOAA precip fetch failed for 42.76373,-91.42188 [DOMException [AbortError]: This operation was aborted]
[weather] NOAA precip fetch failed for 42.91229,-91.48300 Error: HTTP 504
    at fetchJson (C:\Users\Yerff\source\repos\PaddleTodayV2\src\lib\http.ts:94:15)
    at process.processTicksAndRejections (node:internal/process/task_queues:104:5)
    at async sampleMrmsTotal (C:\Users\Yerff\source\repos\PaddleTodayV2\src\lib\noaa-precip.ts:57:16)
    at async Promise.all (index 0)
    at async fetchRecentRainTotals (C:\Users\Yerff\source\repos\PaddleTodayV2\src\lib\noaa-precip.ts:18:46)
    at async Promise.all (index 1)
    at async fetchWeatherSnapshot (C:\Users\Yerff\source\repos\PaddleTodayV2\src\lib\weather.ts:7:27)
    at async Promise.all (index 1)
    at async scoreRiver (C:\Users\Yerff\source\repos\PaddleTodayV2\src\lib\rivers.ts:179:28)
    at async worker (C:\Users\Yerff\source\repos\PaddleTodayV2\src\lib\async-concurrency.ts:22:24)
[weather] NOAA precip fetch failed for 42.19453,-90.87581 Error: HTTP 502
    at fetchJson (C:\Users\Yerff\source\repos\PaddleTodayV2\src\lib\http.ts:94:15)
    at process.processTicksAndRejections (node:internal/process/task_queues:104:5)
    at async sampleMrmsTotal (C:\Users\Yerff\source\repos\PaddleTodayV2\src\lib\noaa-precip.ts:57:16)
    at async Promise.all (index 1)
    at async fetchRecentRainTotals (C:\Users\Yerff\source\repos\PaddleTodayV2\src\lib\noaa-precip.ts:18:46)
    at async Promise.all (index 1)
    at async fetchWeatherSnapshot (C:\Users\Yerff\source\repos\PaddleTodayV2\src\lib\weather.ts:7:27)
    at async Promise.all (index 1)
    at async scoreRiver (C:\Users\Yerff\source\repos\PaddleTodayV2\src\lib\rivers.ts:179:28)
    at async worker (C:\Users\Yerff\source\repos\PaddleTodayV2\src\lib\async-concurrency.ts:22:24)
[weather] NOAA precip fetch failed for 42.35032,-93.84469 Error: HTTP 502
    at fetchJson (C:\Users\Yerff\source\repos\PaddleTodayV2\src\lib\http.ts:94:15)
    at process.processTicksAndRejections (node:internal/process/task_queues:104:5)
    at async sampleMrmsTotal (C:\Users\Yerff\source\repos\PaddleTodayV2\src\lib\noaa-precip.ts:57:16)
    at async Promise.all (index 1)
    at async fetchRecentRainTotals (C:\Users\Yerff\source\repos\PaddleTodayV2\src\lib\noaa-precip.ts:18:46)
    at async Promise.all (index 1)
    at async fetchWeatherSnapshot (C:\Users\Yerff\source\repos\PaddleTodayV2\src\lib\weather.ts:7:27)
    at async Promise.all (index 1)
    at async scoreRiver (C:\Users\Yerff\source\repos\PaddleTodayV2\src\lib\rivers.ts:179:28)
    at async worker (C:\Users\Yerff\source\repos\PaddleTodayV2\src\lib\async-concurrency.ts:22:24)
[weather] NOAA precip fetch failed for 42.73722,-92.46979 Error: HTTP 502
    at fetchJson (C:\Users\Yerff\source\repos\PaddleTodayV2\src\lib\http.ts:94:15)
    at process.processTicksAndRejections (node:internal/process/task_queues:104:5)
    at async sampleMrmsTotal (C:\Users\Yerff\source\repos\PaddleTodayV2\src\lib\noaa-precip.ts:57:16)
    at async Promise.all (index 1)
    at async fetchRecentRainTotals (C:\Users\Yerff\source\repos\PaddleTodayV2\src\lib\noaa-precip.ts:18:46)
    at async Promise.all (index 1)
    at async fetchWeatherSnapshot (C:\Users\Yerff\source\repos\PaddleTodayV2\src\lib\weather.ts:7:27)
    at async Promise.all (index 1)
    at async scoreRiver (C:\Users\Yerff\source\repos\PaddleTodayV2\src\lib\rivers.ts:179:28)
    at async worker (C:\Users\Yerff\source\repos\PaddleTodayV2\src\lib\async-concurrency.ts:22:24)
[weather] NOAA precip fetch failed for 42.76042,-92.49358 Error: HTTP 502
    at fetchJson (C:\Users\Yerff\source\repos\PaddleTodayV2\src\lib\http.ts:94:15)
    at process.processTicksAndRejections (node:internal/process/task_queues:104:5)
    at async sampleMrmsTotal (C:\Users\Yerff\source\repos\PaddleTodayV2\src\lib\noaa-precip.ts:57:16)
    at async Promise.all (index 0)
    at async fetchRecentRainTotals (C:\Users\Yerff\source\repos\PaddleTodayV2\src\lib\noaa-precip.ts:18:46)
    at async Promise.all (index 1)
    at async fetchWeatherSnapshot (C:\Users\Yerff\source\repos\PaddleTodayV2\src\lib\weather.ts:7:27)
    at async Promise.all (index 1)
    at async scoreRiver (C:\Users\Yerff\source\repos\PaddleTodayV2\src\lib\rivers.ts:179:28)
    at async worker (C:\Users\Yerff\source\repos\PaddleTodayV2\src\lib\async-concurrency.ts:22:24)
[weather] NOAA precip fetch failed for 38.94999,-95.09963 Error: HTTP 502
    at fetchJson (C:\Users\Yerff\source\repos\PaddleTodayV2\src\lib\http.ts:94:15)
    at process.processTicksAndRejections (node:internal/process/task_queues:104:5)
    at async sampleMrmsTotal (C:\Users\Yerff\source\repos\PaddleTodayV2\src\lib\noaa-precip.ts:57:16)
    at async Promise.all (index 0)
    at async fetchRecentRainTotals (C:\Users\Yerff\source\repos\PaddleTodayV2\src\lib\noaa-precip.ts:18:46)
    at async Promise.all (index 1)
    at async fetchWeatherSnapshot (C:\Users\Yerff\source\repos\PaddleTodayV2\src\lib\weather.ts:7:27)
    at async Promise.all (index 1)
    at async scoreRiver (C:\Users\Yerff\source\repos\PaddleTodayV2\src\lib\rivers.ts:179:28)
    at async worker (C:\Users\Yerff\source\repos\PaddleTodayV2\src\lib\async-concurrency.ts:22:24)
[weather] NOAA precip fetch failed for 39.10503,-96.69633 Error: HTTP 502
    at fetchJson (C:\Users\Yerff\source\repos\PaddleTodayV2\src\lib\http.ts:94:15)
    at process.processTicksAndRejections (node:internal/process/task_queues:104:5)
    at async sampleMrmsTotal (C:\Users\Yerff\source\repos\PaddleTodayV2\src\lib\noaa-precip.ts:57:16)
    at async Promise.all (index 1)
    at async fetchRecentRainTotals (C:\Users\Yerff\source\repos\PaddleTodayV2\src\lib\noaa-precip.ts:18:46)
    at async Promise.all (index 1)
    at async fetchWeatherSnapshot (C:\Users\Yerff\source\repos\PaddleTodayV2\src\lib\weather.ts:7:27)
    at async Promise.all (index 1)
    at async scoreRiver (C:\Users\Yerff\source\repos\PaddleTodayV2\src\lib\rivers.ts:179:28)
    at async worker (C:\Users\Yerff\source\repos\PaddleTodayV2\src\lib\async-concurrency.ts:22:24)
[weather] NOAA precip fetch failed for 39.07421,-95.71637 Error: HTTP 502
    at fetchJson (C:\Users\Yerff\source\repos\PaddleTodayV2\src\lib\http.ts:94:15)
    at process.processTicksAndRejections (node:internal/process/task_queues:104:5)
    at async sampleMrmsTotal (C:\Users\Yerff\source\repos\PaddleTodayV2\src\lib\noaa-precip.ts:57:16)
    at async Promise.all (index 1)
    at async fetchRecentRainTotals (C:\Users\Yerff\source\repos\PaddleTodayV2\src\lib\noaa-precip.ts:18:46)
    at async Promise.all (index 1)
    at async fetchWeatherSnapshot (C:\Users\Yerff\source\repos\PaddleTodayV2\src\lib\weather.ts:7:27)
    at async Promise.all (index 1)
    at async scoreRiver (C:\Users\Yerff\source\repos\PaddleTodayV2\src\lib\rivers.ts:179:28)
    at async worker (C:\Users\Yerff\source\repos\PaddleTodayV2\src\lib\async-concurrency.ts:22:24)
[weather] NOAA precip fetch failed for 37.06139,-91.55912 Error: HTTP 502
    at fetchJson (C:\Users\Yerff\source\repos\PaddleTodayV2\src\lib\http.ts:94:15)
    at process.processTicksAndRejections (node:internal/process/task_queues:104:5)
    at async sampleMrmsTotal (C:\Users\Yerff\source\repos\PaddleTodayV2\src\lib\noaa-precip.ts:57:16)
    at async Promise.all (index 1)
    at async fetchRecentRainTotals (C:\Users\Yerff\source\repos\PaddleTodayV2\src\lib\noaa-precip.ts:18:46)
    at async Promise.all (index 1)
    at async fetchWeatherSnapshot (C:\Users\Yerff\source\repos\PaddleTodayV2\src\lib\weather.ts:7:27)
[weather] NOAA precip fetch failed for 37.90606,-93.32892 Error: HTTP 502
    at fetchJson (C:\Users\Yerff\source\repos\PaddleTodayV2\src\lib\http.ts:94:15)
    at process.processTicksAndRejections (node:internal/process/task_queues:104:5)
    at async sampleMrmsTotal (C:\Users\Yerff\source\repos\PaddleTodayV2\src\lib\noaa-precip.ts:57:16)
    at async Promise.all (index 0)
    at async fetchRecentRainTotals (C:\Users\Yerff\source\repos\PaddleTodayV2\src\lib\noaa-precip.ts:18:46)
    at async Promise.all (index 1)
    at async fetchWeatherSnapshot (C:\Users\Yerff\source\repos\PaddleTodayV2\src\lib\weather.ts:7:27)
    at async Promise.all (index 1)
    at async scoreRiver (C:\Users\Yerff\source\repos\PaddleTodayV2\src\lib\rivers.ts:179:28)
    at async worker (C:\Users\Yerff\source\repos\PaddleTodayV2\src\lib\async-concurrency.ts:22:24)
[weather] NOAA precip fetch failed for 38.20379,-91.09973 Error: HTTP 502
    at fetchJson (C:\Users\Yerff\source\repos\PaddleTodayV2\src\lib\http.ts:94:15)
    at process.processTicksAndRejections (node:internal/process/task_queues:104:5)
    at async sampleMrmsTotal (C:\Users\Yerff\source\repos\PaddleTodayV2\src\lib\noaa-precip.ts:57:16)
    at async Promise.all (index 1)
    at async fetchRecentRainTotals (C:\Users\Yerff\source\repos\PaddleTodayV2\src\lib\noaa-precip.ts:18:46)
    at async Promise.all (index 1)
    at async fetchWeatherSnapshot (C:\Users\Yerff\source\repos\PaddleTodayV2\src\lib\weather.ts:7:27)
    at async Promise.all (index 1)
    at async scoreRiver (C:\Users\Yerff\source\repos\PaddleTodayV2\src\lib\rivers.ts:179:28)
    at async worker (C:\Users\Yerff\source\repos\PaddleTodayV2\src\lib\async-concurrency.ts:22:24)
[weather] NOAA precip fetch failed for 36.79540,-92.83080 Error: HTTP 502
    at fetchJson (C:\Users\Yerff\source\repos\PaddleTodayV2\src\lib\http.ts:94:15)
    at process.processTicksAndRejections (node:internal/process/task_queues:104:5)
    at async sampleMrmsTotal (C:\Users\Yerff\source\repos\PaddleTodayV2\src\lib\noaa-precip.ts:57:16)
    at async Promise.all (index 1)
    at async fetchRecentRainTotals (C:\Users\Yerff\source\repos\PaddleTodayV2\src\lib\noaa-precip.ts:18:46)
    at async Promise.all (index 1)
    at async fetchWeatherSnapshot (C:\Users\Yerff\source\repos\PaddleTodayV2\src\lib\weather.ts:7:27)
    at async Promise.all (index 1)
    at async scoreRiver (C:\Users\Yerff\source\repos\PaddleTodayV2\src\lib\rivers.ts:179:28)
    at async worker (C:\Users\Yerff\source\repos\PaddleTodayV2\src\lib\async-concurrency.ts:22:24)
[weather] NOAA precip fetch failed for 36.70778,-92.26639 Error: HTTP 502
    at fetchJson (C:\Users\Yerff\source\repos\PaddleTodayV2\src\lib\http.ts:94:15)
    at process.processTicksAndRejections (node:internal/process/task_queues:104:5)
    at async sampleMrmsTotal (C:\Users\Yerff\source\repos\PaddleTodayV2\src\lib\noaa-precip.ts:57:16)
    at async Promise.all (index 1)
    at async fetchRecentRainTotals (C:\Users\Yerff\source\repos\PaddleTodayV2\src\lib\noaa-precip.ts:18:46)
    at async Promise.all (index 1)
    at async fetchWeatherSnapshot (C:\Users\Yerff\source\repos\PaddleTodayV2\src\lib\weather.ts:7:27)
    at async Promise.all (index 1)
    at async scoreRiver (C:\Users\Yerff\source\repos\PaddleTodayV2\src\lib\rivers.ts:179:28)
    at async worker (C:\Users\Yerff\source\repos\PaddleTodayV2\src\lib\async-concurrency.ts:22:24)
[weather] NOAA precip fetch failed for 37.32722,-92.00194 Error: HTTP 502
    at fetchJson (C:\Users\Yerff\source\repos\PaddleTodayV2\src\lib\http.ts:94:15)
    at process.processTicksAndRejections (node:internal/process/task_queues:104:5)
    at async sampleMrmsTotal (C:\Users\Yerff\source\repos\PaddleTodayV2\src\lib\noaa-precip.ts:57:16)
    at async Promise.all (index 1)
    at async fetchRecentRainTotals (C:\Users\Yerff\source\repos\PaddleTodayV2\src\lib\noaa-precip.ts:18:46)
    at async Promise.all (index 1)
    at async fetchWeatherSnapshot (C:\Users\Yerff\source\repos\PaddleTodayV2\src\lib\weather.ts:7:27)
    at async Promise.all (index 1)
    at async scoreRiver (C:\Users\Yerff\source\repos\PaddleTodayV2\src\lib\rivers.ts:179:28)
    at async worker (C:\Users\Yerff\source\repos\PaddleTodayV2\src\lib\async-concurrency.ts:22:24)
[weather] NOAA precip fetch failed for 38.39353,-91.82073 Error: HTTP 502
    at fetchJson (C:\Users\Yerff\source\repos\PaddleTodayV2\src\lib\http.ts:94:15)
    at process.processTicksAndRejections (node:internal/process/task_queues:104:5)
    at async sampleMrmsTotal (C:\Users\Yerff\source\repos\PaddleTodayV2\src\lib\noaa-precip.ts:57:16)
    at async Promise.all (index 1)
    at async fetchRecentRainTotals (C:\Users\Yerff\source\repos\PaddleTodayV2\src\lib\noaa-precip.ts:18:46)
    at async Promise.all (index 1)
    at async fetchWeatherSnapshot (C:\Users\Yerff\source\repos\PaddleTodayV2\src\lib\weather.ts:7:27)
    at async Promise.all (index 1)
    at async scoreRiver (C:\Users\Yerff\source\repos\PaddleTodayV2\src\lib\rivers.ts:179:28)
    at async worker (C:\Users\Yerff\source\repos\PaddleTodayV2\src\lib\async-concurrency.ts:22:24)
[weather] NOAA precip fetch failed for 36.98367,-94.44103 Error: HTTP 502
    at fetchJson (C:\Users\Yerff\source\repos\PaddleTodayV2\src\lib\http.ts:94:15)
    at process.processTicksAndRejections (node:internal/process/task_queues:104:5)
    at async sampleMrmsTotal (C:\Users\Yerff\source\repos\PaddleTodayV2\src\lib\noaa-precip.ts:57:16)
    at async Promise.all (index 1)
    at async fetchRecentRainTotals (C:\Users\Yerff\source\repos\PaddleTodayV2\src\lib\noaa-precip.ts:18:46)
    at async Promise.all (index 1)
    at async fetchWeatherSnapshot (C:\Users\Yerff\source\repos\PaddleTodayV2\src\lib\weather.ts:7:27)
    at async Promise.all (index 1)
    at async scoreRiver (C:\Users\Yerff\source\repos\PaddleTodayV2\src\lib\rivers.ts:179:28)
    at async worker (C:\Users\Yerff\source\repos\PaddleTodayV2\src\lib\async-concurrency.ts:22:24)
[weather] NOAA precip fetch failed for 41.25521,-89.01412 Error: HTTP 502
    at fetchJson (C:\Users\Yerff\source\repos\PaddleTodayV2\src\lib\http.ts:94:15)
    at process.processTicksAndRejections (node:internal/process/task_queues:104:5)
    at async sampleMrmsTotal (C:\Users\Yerff\source\repos\PaddleTodayV2\src\lib\noaa-precip.ts:57:16)
    at async Promise.all (index 0)
    at async fetchRecentRainTotals (C:\Users\Yerff\source\repos\PaddleTodayV2\src\lib\noaa-precip.ts:18:46)
    at async Promise.all (index 1)
    at async fetchWeatherSnapshot (C:\Users\Yerff\source\repos\PaddleTodayV2\src\lib\weather.ts:7:27)
    at async Promise.all (index 1)
    at async scoreRiver (C:\Users\Yerff\source\repos\PaddleTodayV2\src\lib\rivers.ts:179:28)
    at async worker (C:\Users\Yerff\source\repos\PaddleTodayV2\src\lib\async-concurrency.ts:22:24)
[weather] NOAA precip fetch failed for 37.12420,-85.33950 Error: HTTP 502
    at fetchJson (C:\Users\Yerff\source\repos\PaddleTodayV2\src\lib\http.ts:94:15)
    at process.processTicksAndRejections (node:internal/process/task_queues:104:5)
    at async sampleMrmsTotal (C:\Users\Yerff\source\repos\PaddleTodayV2\src\lib\noaa-precip.ts:57:16)
    at async Promise.all (index 0)
    at async fetchRecentRainTotals (C:\Users\Yerff\source\repos\PaddleTodayV2\src\lib\noaa-precip.ts:18:46)
    at async Promise.all (index 1)
    at async fetchWeatherSnapshot (C:\Users\Yerff\source\repos\PaddleTodayV2\src\lib\weather.ts:7:27)
[weather] NOAA precip fetch failed for 38.15190,-85.50260 Error: HTTP 502
    at fetchJson (C:\Users\Yerff\source\repos\PaddleTodayV2\src\lib\http.ts:94:15)
    at process.processTicksAndRejections (node:internal/process/task_queues:104:5)
    at async sampleMrmsTotal (C:\Users\Yerff\source\repos\PaddleTodayV2\src\lib\noaa-precip.ts:57:16)
    at async Promise.all (index 0)
    at async fetchRecentRainTotals (C:\Users\Yerff\source\repos\PaddleTodayV2\src\lib\noaa-precip.ts:18:46)
    at async Promise.all (index 1)
    at async fetchWeatherSnapshot (C:\Users\Yerff\source\repos\PaddleTodayV2\src\lib\weather.ts:7:27)
[weather] NOAA precip fetch failed for 38.10390,-85.54550 Error: HTTP 502
    at fetchJson (C:\Users\Yerff\source\repos\PaddleTodayV2\src\lib\http.ts:94:15)
    at process.processTicksAndRejections (node:internal/process/task_queues:104:5)
    at async sampleMrmsTotal (C:\Users\Yerff\source\repos\PaddleTodayV2\src\lib\noaa-precip.ts:57:16)
    at async Promise.all (index 0)
    at async fetchRecentRainTotals (C:\Users\Yerff\source\repos\PaddleTodayV2\src\lib\noaa-precip.ts:18:46)
    at async Promise.all (index 1)
    at async fetchWeatherSnapshot (C:\Users\Yerff\source\repos\PaddleTodayV2\src\lib\weather.ts:7:27)
    at async Promise.all (index 1)
    at async scoreRiver (C:\Users\Yerff\source\repos\PaddleTodayV2\src\lib\rivers.ts:179:28)
    at async worker (C:\Users\Yerff\source\repos\PaddleTodayV2\src\lib\async-concurrency.ts:22:24)
[weather] NOAA precip fetch failed for 37.46460,-82.52840 Error: HTTP 502
    at fetchJson (C:\Users\Yerff\source\repos\PaddleTodayV2\src\lib\http.ts:94:15)
    at process.processTicksAndRejections (node:internal/process/task_queues:104:5)
    at async sampleMrmsTotal (C:\Users\Yerff\source\repos\PaddleTodayV2\src\lib\noaa-precip.ts:57:16)
    at async Promise.all (index 1)
    at async fetchRecentRainTotals (C:\Users\Yerff\source\repos\PaddleTodayV2\src\lib\noaa-precip.ts:18:46)
    at async Promise.all (index 1)
    at async fetchWeatherSnapshot (C:\Users\Yerff\source\repos\PaddleTodayV2\src\lib\weather.ts:7:27)
[weather] NOAA precip fetch failed for 37.74270,-82.77020 Error: HTTP 502
    at fetchJson (C:\Users\Yerff\source\repos\PaddleTodayV2\src\lib\http.ts:94:15)
    at process.processTicksAndRejections (node:internal/process/task_queues:104:5)
    at async sampleMrmsTotal (C:\Users\Yerff\source\repos\PaddleTodayV2\src\lib\noaa-precip.ts:57:16)
    at async Promise.all (index 0)
    at async fetchRecentRainTotals (C:\Users\Yerff\source\repos\PaddleTodayV2\src\lib\noaa-precip.ts:18:46)
    at async Promise.all (index 1)
    at async fetchWeatherSnapshot (C:\Users\Yerff\source\repos\PaddleTodayV2\src\lib\weather.ts:7:27)
    at async Promise.all (index 1)
    at async scoreRiver (C:\Users\Yerff\source\repos\PaddleTodayV2\src\lib\rivers.ts:179:28)
    at async worker (C:\Users\Yerff\source\repos\PaddleTodayV2\src\lib\async-concurrency.ts:22:24)
[weather] NOAA precip fetch failed for 36.72550,-84.54460 Error: HTTP 502
    at fetchJson (C:\Users\Yerff\source\repos\PaddleTodayV2\src\lib\http.ts:94:15)
    at process.processTicksAndRejections (node:internal/process/task_queues:104:5)
    at async sampleMrmsTotal (C:\Users\Yerff\source\repos\PaddleTodayV2\src\lib\noaa-precip.ts:57:16)
    at async Promise.all (index 0)
    at async fetchRecentRainTotals (C:\Users\Yerff\source\repos\PaddleTodayV2\src\lib\noaa-precip.ts:18:46)
    at async Promise.all (index 1)
    at async fetchWeatherSnapshot (C:\Users\Yerff\source\repos\PaddleTodayV2\src\lib\weather.ts:7:27)
    at async Promise.all (index 1)
    at async scoreRiver (C:\Users\Yerff\source\repos\PaddleTodayV2\src\lib\rivers.ts:179:28)
    at async worker (C:\Users\Yerff\source\repos\PaddleTodayV2\src\lib\async-concurrency.ts:22:24)
[weather] NOAA precip fetch failed for 37.25130,-83.19620 Error: HTTP 502
    at fetchJson (C:\Users\Yerff\source\repos\PaddleTodayV2\src\lib\http.ts:94:15)
    at process.processTicksAndRejections (node:internal/process/task_queues:104:5)
    at async sampleMrmsTotal (C:\Users\Yerff\source\repos\PaddleTodayV2\src\lib\noaa-precip.ts:57:16)
    at async Promise.all (index 1)
    at async fetchRecentRainTotals (C:\Users\Yerff\source\repos\PaddleTodayV2\src\lib\noaa-precip.ts:18:46)
    at async Promise.all (index 1)
    at async fetchWeatherSnapshot (C:\Users\Yerff\source\repos\PaddleTodayV2\src\lib\weather.ts:7:27)
    at async Promise.all (index 1)
    at async scoreRiver (C:\Users\Yerff\source\repos\PaddleTodayV2\src\lib\rivers.ts:179:28)
    at async worker (C:\Users\Yerff\source\repos\PaddleTodayV2\src\lib\async-concurrency.ts:22:24)
[weather] NOAA precip fetch failed for 34.84159,-91.28200 Error: HTTP 502
    at fetchJson (C:\Users\Yerff\source\repos\PaddleTodayV2\src\lib\http.ts:94:15)
    at process.processTicksAndRejections (node:internal/process/task_queues:104:5)
    at async sampleMrmsTotal (C:\Users\Yerff\source\repos\PaddleTodayV2\src\lib\noaa-precip.ts:57:16)
    at async Promise.all (index 0)
    at async fetchRecentRainTotals (C:\Users\Yerff\source\repos\PaddleTodayV2\src\lib\noaa-precip.ts:18:46)
    at async Promise.all (index 1)
    at async fetchWeatherSnapshot (C:\Users\Yerff\source\repos\PaddleTodayV2\src\lib\weather.ts:7:27)
    at async Promise.all (index 1)
    at async scoreRiver (C:\Users\Yerff\source\repos\PaddleTodayV2\src\lib\rivers.ts:179:28)
    at async worker (C:\Users\Yerff\source\repos\PaddleTodayV2\src\lib\async-concurrency.ts:22:24)
[weather] NOAA precip fetch failed for 36.28193,-93.66400 Error: HTTP 502
    at fetchJson (C:\Users\Yerff\source\repos\PaddleTodayV2\src\lib\http.ts:94:15)
    at process.processTicksAndRejections (node:internal/process/task_queues:104:5)
    at async sampleMrmsTotal (C:\Users\Yerff\source\repos\PaddleTodayV2\src\lib\noaa-precip.ts:57:16)
    at async Promise.all (index 0)
    at async fetchRecentRainTotals (C:\Users\Yerff\source\repos\PaddleTodayV2\src\lib\noaa-precip.ts:18:46)
    at async Promise.all (index 1)
    at async fetchWeatherSnapshot (C:\Users\Yerff\source\repos\PaddleTodayV2\src\lib\weather.ts:7:27)
    at async Promise.all (index 1)
    at async scoreRiver (C:\Users\Yerff\source\repos\PaddleTodayV2\src\lib\rivers.ts:179:28)
    at async worker (C:\Users\Yerff\source\repos\PaddleTodayV2\src\lib\async-concurrency.ts:22:24)
[weather] NOAA precip fetch failed for 35.98948,-92.76685 Error: HTTP 502
    at fetchJson (C:\Users\Yerff\source\repos\PaddleTodayV2\src\lib\http.ts:94:15)
    at process.processTicksAndRejections (node:internal/process/task_queues:104:5)
    at async sampleMrmsTotal (C:\Users\Yerff\source\repos\PaddleTodayV2\src\lib\noaa-precip.ts:57:16)
    at async Promise.all (index 0)
    at async fetchRecentRainTotals (C:\Users\Yerff\source\repos\PaddleTodayV2\src\lib\noaa-precip.ts:18:46)
    at async Promise.all (index 1)
    at async fetchWeatherSnapshot (C:\Users\Yerff\source\repos\PaddleTodayV2\src\lib\weather.ts:7:27)
[weather] NOAA precip fetch failed for 34.58440,-92.69380 Error: HTTP 502
    at fetchJson (C:\Users\Yerff\source\repos\PaddleTodayV2\src\lib\http.ts:94:15)
    at process.processTicksAndRejections (node:internal/process/task_queues:104:5)
    at async sampleMrmsTotal (C:\Users\Yerff\source\repos\PaddleTodayV2\src\lib\noaa-precip.ts:57:16)
    at async Promise.all (index 1)
    at async fetchRecentRainTotals (C:\Users\Yerff\source\repos\PaddleTodayV2\src\lib\noaa-precip.ts:18:46)
    at async Promise.all (index 1)
    at async fetchWeatherSnapshot (C:\Users\Yerff\source\repos\PaddleTodayV2\src\lib\weather.ts:7:27)
    at async Promise.all (index 1)
    at async scoreRiver (C:\Users\Yerff\source\repos\PaddleTodayV2\src\lib\rivers.ts:179:28)
    at async worker (C:\Users\Yerff\source\repos\PaddleTodayV2\src\lib\async-concurrency.ts:22:24)
[weather] NOAA precip fetch failed for 36.16694,-94.43446 Error: HTTP 502
    at fetchJson (C:\Users\Yerff\source\repos\PaddleTodayV2\src\lib\http.ts:94:15)
    at process.processTicksAndRejections (node:internal/process/task_queues:104:5)
    at async sampleMrmsTotal (C:\Users\Yerff\source\repos\PaddleTodayV2\src\lib\noaa-precip.ts:57:16)
    at async Promise.all (index 1)
    at async fetchRecentRainTotals (C:\Users\Yerff\source\repos\PaddleTodayV2\src\lib\noaa-precip.ts:18:46)
    at async Promise.all (index 1)
    at async fetchWeatherSnapshot (C:\Users\Yerff\source\repos\PaddleTodayV2\src\lib\weather.ts:7:27)
    at async Promise.all (index 1)
    at async scoreRiver (C:\Users\Yerff\source\repos\PaddleTodayV2\src\lib\rivers.ts:179:28)
    at async worker (C:\Users\Yerff\source\repos\PaddleTodayV2\src\lib\async-concurrency.ts:22:24)
[weather] NOAA precip fetch failed for 46.96620,-98.03020 Error: HTTP 502
    at fetchJson (C:\Users\Yerff\source\repos\PaddleTodayV2\src\lib\http.ts:94:15)
    at process.processTicksAndRejections (node:internal/process/task_queues:104:5)
    at async sampleMrmsTotal (C:\Users\Yerff\source\repos\PaddleTodayV2\src\lib\noaa-precip.ts:57:16)
    at async Promise.all (index 1)
    at async fetchRecentRainTotals (C:\Users\Yerff\source\repos\PaddleTodayV2\src\lib\noaa-precip.ts:18:46)
    at async Promise.all (index 1)
    at async fetchWeatherSnapshot (C:\Users\Yerff\source\repos\PaddleTodayV2\src\lib\weather.ts:7:27)
    at async Promise.all (index 1)
    at async scoreRiver (C:\Users\Yerff\source\repos\PaddleTodayV2\src\lib\rivers.ts:179:28)
    at async worker (C:\Users\Yerff\source\repos\PaddleTodayV2\src\lib\async-concurrency.ts:22:24)
[weather] NWS fetch failed for 48.01040,-89.70830 Error: HTTP 404
    at fetchJson (C:\Users\Yerff\source\repos\PaddleTodayV2\src\lib\http.ts:94:15)
    at process.processTicksAndRejections (node:internal/process/task_queues:104:5)
    at async fetchNwsWeatherSnapshot (C:\Users\Yerff\source\repos\PaddleTodayV2\src\lib\nws.ts:87:17)
    at async Promise.all (index 0)
    at async fetchWeatherSnapshot (C:\Users\Yerff\source\repos\PaddleTodayV2\src\lib\weather.ts:7:27)
    at async Promise.all (index 1)
    at async scoreRiver (C:\Users\Yerff\source\repos\PaddleTodayV2\src\lib\rivers.ts:179:28)
    at async worker (C:\Users\Yerff\source\repos\PaddleTodayV2\src\lib\async-concurrency.ts:22:24)
    at async Promise.all (index 2)
    at async mapWithConcurrency (C:\Users\Yerff\source\repos\PaddleTodayV2\src\lib\async-concurrency.ts:26:3)
[weather] Weather snapshot unavailable for 48.01040,-89.70830
API server request failed. {
  requestId: 'req_mshzhq6e_sths77',
  method: 'GET',
  path: '/api/rivers/summary.json',
  error: Error: river summary scoring timed out after 12000ms
      at Timeout.<anonymous> (C:\Users\Yerff\source\repos\PaddleTodayV2\src\server\server-runtime.ts:18:18)
      at listOnTimeout (node:internal/timers:605:17)
      at process.processTimers (node:internal/timers:541:7)
}
[weather] NWS fetch failed for 48.01040,-89.70830 Error: HTTP 404
    at fetchJson (C:\Users\Yerff\source\repos\PaddleTodayV2\src\lib\http.ts:94:15)
    at process.processTicksAndRejections (node:internal/process/task_queues:104:5)
    at async fetchNwsWeatherSnapshot (C:\Users\Yerff\source\repos\PaddleTodayV2\src\lib\nws.ts:87:17)
    at async Promise.all (index 0)
    at async fetchWeatherSnapshot (C:\Users\Yerff\source\repos\PaddleTodayV2\src\lib\weather.ts:7:27)
    at async Promise.all (index 1)
    at async scoreRiver (C:\Users\Yerff\source\repos\PaddleTodayV2\src\lib\rivers.ts:179:28)
    at async worker (C:\Users\Yerff\source\repos\PaddleTodayV2\src\lib\async-concurrency.ts:22:24)
    at async Promise.all (index 5)
    at async mapWithConcurrency (C:\Users\Yerff\source\repos\PaddleTodayV2\src\lib\async-concurrency.ts:26:3)
[weather] Weather snapshot unavailable for 48.01040,-89.70830
API server request failed. {
  requestId: 'req_msi010m9_f6xvfe',
  method: 'GET',
  path: '/api/rivers/summary.json',
  error: Error: river summary scoring timed out after 12000ms
      at Timeout.<anonymous> (C:\Users\Yerff\source\repos\PaddleTodayV2\src\server\server-runtime.ts:18:18)
      at listOnTimeout (node:internal/timers:605:17)
      at process.processTimers (node:internal/timers:541:7)
}
[weather] NWS fetch failed for 48.01040,-89.70830 Error: HTTP 404
    at fetchJson (C:\Users\Yerff\source\repos\PaddleTodayV2\src\lib\http.ts:94:15)
    at process.processTicksAndRejections (node:internal/process/task_queues:104:5)
    at async fetchNwsWeatherSnapshot (C:\Users\Yerff\source\repos\PaddleTodayV2\src\lib\nws.ts:87:17)
    at async Promise.all (index 0)
    at async fetchWeatherSnapshot (C:\Users\Yerff\source\repos\PaddleTodayV2\src\lib\weather.ts:7:27)
    at async Promise.all (index 1)
    at async scoreRiver (C:\Users\Yerff\source\repos\PaddleTodayV2\src\lib\rivers.ts:179:28)
    at async worker (C:\Users\Yerff\source\repos\PaddleTodayV2\src\lib\async-concurrency.ts:22:24)
    at async Promise.all (index 7)
    at async mapWithConcurrency (C:\Users\Yerff\source\repos\PaddleTodayV2\src\lib\async-concurrency.ts:26:3)
[weather] Weather snapshot unavailable for 48.01040,-89.70830
API server request failed. {
  requestId: 'req_msi07g3p_1t9nd5',
  method: 'GET',
  path: '/api/rivers/summary.json',
  error: Error: river summary scoring timed out after 12000ms
      at Timeout.<anonymous> (C:\Users\Yerff\source\repos\PaddleTodayV2\src\server\server-runtime.ts:18:18)
      at listOnTimeout (node:internal/timers:605:17)
      at process.processTimers (node:internal/timers:541:7)
}
API server request failed. {
  requestId: 'req_msi0dvl2_c773zs',
  method: 'GET',
  path: '/api/rivers/summary.json',
  error: Error: river summary scoring timed out after 12000ms
      at Timeout.<anonymous> (C:\Users\Yerff\source\repos\PaddleTodayV2\src\server\server-runtime.ts:18:18)
      at listOnTimeout (node:internal/timers:605:17)
      at process.processTimers (node:internal/timers:541:7)
}
API server request failed. {
  requestId: 'req_msi0kb27_eeh2n2',
  method: 'GET',
  path: '/api/rivers/summary.json',
  error: Error: river summary scoring timed out after 12000ms
      at Timeout.<anonymous> (C:\Users\Yerff\source\repos\PaddleTodayV2\src\server\server-runtime.ts:18:18)
      at listOnTimeout (node:internal/timers:605:17)
      at process.processTimers (node:internal/timers:541:7)
}
[weather] NWS fetch failed for 48.01040,-89.70830 Error: HTTP 404
    at fetchJson (C:\Users\Yerff\source\repos\PaddleTodayV2\src\lib\http.ts:94:15)
    at process.processTicksAndRejections (node:internal/process/task_queues:104:5)
    at async fetchNwsWeatherSnapshot (C:\Users\Yerff\source\repos\PaddleTodayV2\src\lib\nws.ts:87:17)
    at async Promise.all (index 0)
    at async fetchWeatherSnapshot (C:\Users\Yerff\source\repos\PaddleTodayV2\src\lib\weather.ts:7:27)
    at async Promise.all (index 1)
    at async scoreRiver (C:\Users\Yerff\source\repos\PaddleTodayV2\src\lib\rivers.ts:179:28)
    at async worker (C:\Users\Yerff\source\repos\PaddleTodayV2\src\lib\async-concurrency.ts:22:24)
    at async Promise.all (index 1)
    at async mapWithConcurrency (C:\Users\Yerff\source\repos\PaddleTodayV2\src\lib\async-concurrency.ts:26:3)
[weather] Weather snapshot unavailable for 48.01040,-89.70830
API server request failed. {
  requestId: 'req_msi0x610_ct52xm',
  method: 'GET',
  path: '/api/rivers/summary.json',
  error: Error: river summary scoring timed out after 12000ms
      at Timeout.<anonymous> (C:\Users\Yerff\source\repos\PaddleTodayV2\src\server\server-runtime.ts:18:18)
      at listOnTimeout (node:internal/timers:605:17)
      at process.processTimers (node:internal/timers:541:7)
}
[weather] NWS fetch failed for 48.01040,-89.70830 Error: HTTP 404
    at fetchJson (C:\Users\Yerff\source\repos\PaddleTodayV2\src\lib\http.ts:94:15)
    at process.processTicksAndRejections (node:internal/process/task_queues:104:5)
    at async fetchNwsWeatherSnapshot (C:\Users\Yerff\source\repos\PaddleTodayV2\src\lib\nws.ts:87:17)
    at async Promise.all (index 0)
    at async fetchWeatherSnapshot (C:\Users\Yerff\source\repos\PaddleTodayV2\src\lib\weather.ts:7:27)
    at async Promise.all (index 1)
    at async scoreRiver (C:\Users\Yerff\source\repos\PaddleTodayV2\src\lib\rivers.ts:179:28)
    at async worker (C:\Users\Yerff\source\repos\PaddleTodayV2\src\lib\async-concurrency.ts:22:24)
    at async Promise.all (index 2)
    at async mapWithConcurrency (C:\Users\Yerff\source\repos\PaddleTodayV2\src\lib\async-concurrency.ts:26:3)
[weather] Weather snapshot unavailable for 48.01040,-89.70830
API server request failed. {
  requestId: 'req_msi1ggh1_ttggck',
  method: 'GET',
  path: '/api/rivers/summary.json',
  error: Error: river summary scoring timed out after 12000ms
      at Timeout.<anonymous> (C:\Users\Yerff\source\repos\PaddleTodayV2\src\server\server-runtime.ts:18:18)
      at listOnTimeout (node:internal/timers:605:17)
      at process.processTimers (node:internal/timers:541:7)
}
[weather] NWS fetch failed for 48.01040,-89.70830 Error: HTTP 404
    at fetchJson (C:\Users\Yerff\source\repos\PaddleTodayV2\src\lib\http.ts:94:15)
    at process.processTicksAndRejections (node:internal/process/task_queues:104:5)
    at async fetchNwsWeatherSnapshot (C:\Users\Yerff\source\repos\PaddleTodayV2\src\lib\nws.ts:87:17)
    at async Promise.all (index 0)
    at async fetchWeatherSnapshot (C:\Users\Yerff\source\repos\PaddleTodayV2\src\lib\weather.ts:7:27)
    at async Promise.all (index 1)
    at async scoreRiver (C:\Users\Yerff\source\repos\PaddleTodayV2\src\lib\rivers.ts:179:28)
    at async worker (C:\Users\Yerff\source\repos\PaddleTodayV2\src\lib\async-concurrency.ts:22:24)
    at async Promise.all (index 10)
    at async mapWithConcurrency (C:\Users\Yerff\source\repos\PaddleTodayV2\src\lib\async-concurrency.ts:26:3)
[weather] Weather snapshot unavailable for 48.01040,-89.70830
[weather] NOAA precip fetch failed for 37.17950,-86.11230 Error: HTTP 502
    at fetchJson (C:\Users\Yerff\source\repos\PaddleTodayV2\src\lib\http.ts:94:15)
    at process.processTicksAndRejections (node:internal/process/task_queues:104:5)
    at async sampleMrmsTotal (C:\Users\Yerff\source\repos\PaddleTodayV2\src\lib\noaa-precip.ts:57:16)
    at async Promise.all (index 1)
    at async fetchRecentRainTotals (C:\Users\Yerff\source\repos\PaddleTodayV2\src\lib\noaa-precip.ts:18:46)
    at async Promise.all (index 1)
    at async fetchWeatherSnapshot (C:\Users\Yerff\source\repos\PaddleTodayV2\src\lib\weather.ts:7:27)
[weather] NOAA precip fetch failed for 48.25007,-93.88611 Error: HTTP 502
    at fetchJson (C:\Users\Yerff\source\repos\PaddleTodayV2\src\lib\http.ts:94:15)
    at process.processTicksAndRejections (node:internal/process/task_queues:104:5)
    at async sampleMrmsTotal (C:\Users\Yerff\source\repos\PaddleTodayV2\src\lib\noaa-precip.ts:57:16)
    at async Promise.all (index 0)
    at async fetchRecentRainTotals (C:\Users\Yerff\source\repos\PaddleTodayV2\src\lib\noaa-precip.ts:18:46)
    at async Promise.all (index 1)
    at async fetchWeatherSnapshot (C:\Users\Yerff\source\repos\PaddleTodayV2\src\lib\weather.ts:7:27)
    at async Promise.all (index 1)
    at async scoreRiver (C:\Users\Yerff\source\repos\PaddleTodayV2\src\lib\rivers.ts:179:28)
    at async worker (C:\Users\Yerff\source\repos\PaddleTodayV2\src\lib\async-concurrency.ts:22:24)
[weather] NOAA precip fetch failed for 48.21402,-93.48185 Error: HTTP 502
    at fetchJson (C:\Users\Yerff\source\repos\PaddleTodayV2\src\lib\http.ts:94:15)
    at process.processTicksAndRejections (node:internal/process/task_queues:104:5)
    at async sampleMrmsTotal (C:\Users\Yerff\source\repos\PaddleTodayV2\src\lib\noaa-precip.ts:57:16)
    at async Promise.all (index 1)
    at async fetchRecentRainTotals (C:\Users\Yerff\source\repos\PaddleTodayV2\src\lib\noaa-precip.ts:18:46)
    at async Promise.all (index 1)
    at async fetchWeatherSnapshot (C:\Users\Yerff\source\repos\PaddleTodayV2\src\lib\weather.ts:7:27)
[weather] NOAA precip fetch failed for 43.78258,-92.03179 Error: HTTP 502
    at fetchJson (C:\Users\Yerff\source\repos\PaddleTodayV2\src\lib\http.ts:94:15)
    at process.processTicksAndRejections (node:internal/process/task_queues:104:5)
    at async sampleMrmsTotal (C:\Users\Yerff\source\repos\PaddleTodayV2\src\lib\noaa-precip.ts:57:16)
    at async Promise.all (index 0)
    at async fetchRecentRainTotals (C:\Users\Yerff\source\repos\PaddleTodayV2\src\lib\noaa-precip.ts:18:46)
    at async Promise.all (index 1)
    at async fetchWeatherSnapshot (C:\Users\Yerff\source\repos\PaddleTodayV2\src\lib\weather.ts:7:27)
    at async Promise.all (index 1)
    at async scoreRiver (C:\Users\Yerff\source\repos\PaddleTodayV2\src\lib\rivers.ts:179:28)
    at async worker (C:\Users\Yerff\source\repos\PaddleTodayV2\src\lib\async-concurrency.ts:22:24)
[weather] NOAA precip fetch failed for 45.12518,-88.66322 Error: HTTP 502
    at fetchJson (C:\Users\Yerff\source\repos\PaddleTodayV2\src\lib\http.ts:94:15)
    at process.processTicksAndRejections (node:internal/process/task_queues:104:5)
    at async sampleMrmsTotal (C:\Users\Yerff\source\repos\PaddleTodayV2\src\lib\noaa-precip.ts:57:16)
    at async Promise.all (index 0)
    at async fetchRecentRainTotals (C:\Users\Yerff\source\repos\PaddleTodayV2\src\lib\noaa-precip.ts:18:46)
    at async Promise.all (index 1)
    at async fetchWeatherSnapshot (C:\Users\Yerff\source\repos\PaddleTodayV2\src\lib\weather.ts:7:27)
    at async Promise.all (index 1)
    at async scoreRiver (C:\Users\Yerff\source\repos\PaddleTodayV2\src\lib\rivers.ts:179:28)
    at async worker (C:\Users\Yerff\source\repos\PaddleTodayV2\src\lib\async-concurrency.ts:22:24)
[weather] NOAA precip fetch failed for 45.55236,-91.22839 Error: HTTP 502
    at fetchJson (C:\Users\Yerff\source\repos\PaddleTodayV2\src\lib\http.ts:94:15)
    at process.processTicksAndRejections (node:internal/process/task_queues:104:5)
    at async sampleMrmsTotal (C:\Users\Yerff\source\repos\PaddleTodayV2\src\lib\noaa-precip.ts:57:16)
    at async Promise.all (index 1)
    at async fetchRecentRainTotals (C:\Users\Yerff\source\repos\PaddleTodayV2\src\lib\noaa-precip.ts:18:46)
    at async Promise.all (index 1)
    at async fetchWeatherSnapshot (C:\Users\Yerff\source\repos\PaddleTodayV2\src\lib\weather.ts:7:27)
    at async Promise.all (index 1)
    at async scoreRiver (C:\Users\Yerff\source\repos\PaddleTodayV2\src\lib\rivers.ts:179:28)
    at async worker (C:\Users\Yerff\source\repos\PaddleTodayV2\src\lib\async-concurrency.ts:22:24)
[weather] NOAA precip fetch failed for 45.45291,-91.25636 Error: HTTP 502
    at fetchJson (C:\Users\Yerff\source\repos\PaddleTodayV2\src\lib\http.ts:94:15)
    at process.processTicksAndRejections (node:internal/process/task_queues:104:5)
    at async sampleMrmsTotal (C:\Users\Yerff\source\repos\PaddleTodayV2\src\lib\noaa-precip.ts:57:16)
    at async Promise.all (index 1)
    at async fetchRecentRainTotals (C:\Users\Yerff\source\repos\PaddleTodayV2\src\lib\noaa-precip.ts:18:46)
    at async Promise.all (index 1)
    at async fetchWeatherSnapshot (C:\Users\Yerff\source\repos\PaddleTodayV2\src\lib\weather.ts:7:27)
    at async Promise.all (index 1)
    at async scoreRiver (C:\Users\Yerff\source\repos\PaddleTodayV2\src\lib\rivers.ts:179:28)
    at async worker (C:\Users\Yerff\source\repos\PaddleTodayV2\src\lib\async-concurrency.ts:22:24)
[weather] NOAA precip fetch failed for 45.47450,-94.34029 Error: HTTP 502
    at fetchJson (C:\Users\Yerff\source\repos\PaddleTodayV2\src\lib\http.ts:94:15)
    at process.processTicksAndRejections (node:internal/process/task_queues:104:5)
    at async sampleMrmsTotal (C:\Users\Yerff\source\repos\PaddleTodayV2\src\lib\noaa-precip.ts:57:16)
    at async Promise.all (index 1)
    at async fetchRecentRainTotals (C:\Users\Yerff\source\repos\PaddleTodayV2\src\lib\noaa-precip.ts:18:46)
    at async Promise.all (index 1)
    at async fetchWeatherSnapshot (C:\Users\Yerff\source\repos\PaddleTodayV2\src\lib\weather.ts:7:27)
[weather] NOAA precip fetch failed for 46.72318,-94.40055 Error: HTTP 502
    at fetchJson (C:\Users\Yerff\source\repos\PaddleTodayV2\src\lib\http.ts:94:15)
    at process.processTicksAndRejections (node:internal/process/task_queues:104:5)
    at async sampleMrmsTotal (C:\Users\Yerff\source\repos\PaddleTodayV2\src\lib\noaa-precip.ts:57:16)
    at async Promise.all (index 0)
    at async fetchRecentRainTotals (C:\Users\Yerff\source\repos\PaddleTodayV2\src\lib\noaa-precip.ts:18:46)
    at async Promise.all (index 1)
    at async fetchWeatherSnapshot (C:\Users\Yerff\source\repos\PaddleTodayV2\src\lib\weather.ts:7:27)
    at async Promise.all (index 1)
    at async scoreRiver (C:\Users\Yerff\source\repos\PaddleTodayV2\src\lib\rivers.ts:179:28)
    at async worker (C:\Users\Yerff\source\repos\PaddleTodayV2\src\lib\async-concurrency.ts:22:24)
[weather] NOAA precip fetch failed for 42.10443,-93.57549 Error: HTTP 502
    at fetchJson (C:\Users\Yerff\source\repos\PaddleTodayV2\src\lib\http.ts:94:15)
    at process.processTicksAndRejections (node:internal/process/task_queues:104:5)
    at async sampleMrmsTotal (C:\Users\Yerff\source\repos\PaddleTodayV2\src\lib\noaa-precip.ts:57:16)
    at async Promise.all (index 0)
    at async fetchRecentRainTotals (C:\Users\Yerff\source\repos\PaddleTodayV2\src\lib\noaa-precip.ts:18:46)
    at async Promise.all (index 1)
    at async fetchWeatherSnapshot (C:\Users\Yerff\source\repos\PaddleTodayV2\src\lib\weather.ts:7:27)
    at async Promise.all (index 1)
    at async scoreRiver (C:\Users\Yerff\source\repos\PaddleTodayV2\src\lib\rivers.ts:179:28)
    at async worker (C:\Users\Yerff\source\repos\PaddleTodayV2\src\lib\async-concurrency.ts:22:24)
[weather] NOAA precip fetch failed for 41.29292,-94.14988 Error: HTTP 502
    at fetchJson (C:\Users\Yerff\source\repos\PaddleTodayV2\src\lib\http.ts:94:15)
    at process.processTicksAndRejections (node:internal/process/task_queues:104:5)
    at async sampleMrmsTotal (C:\Users\Yerff\source\repos\PaddleTodayV2\src\lib\noaa-precip.ts:57:16)
    at async Promise.all (index 1)
    at async fetchRecentRainTotals (C:\Users\Yerff\source\repos\PaddleTodayV2\src\lib\noaa-precip.ts:18:46)
    at async Promise.all (index 1)
    at async fetchWeatherSnapshot (C:\Users\Yerff\source\repos\PaddleTodayV2\src\lib\weather.ts:7:27)
    at async Promise.all (index 1)
    at async scoreRiver (C:\Users\Yerff\source\repos\PaddleTodayV2\src\lib\rivers.ts:179:28)
    at async worker (C:\Users\Yerff\source\repos\PaddleTodayV2\src\lib\async-concurrency.ts:22:24)
API server request failed. {
  requestId: 'req_msi1tbfp_jlmrtn',
  method: 'GET',
  path: '/api/rivers/summary.json',
  error: Error: river summary scoring timed out after 12000ms
      at Timeout.<anonymous> (C:\Users\Yerff\source\repos\PaddleTodayV2\src\server\server-runtime.ts:18:18)
      at listOnTimeout (node:internal/timers:605:17)
      at process.processTimers (node:internal/timers:541:7)
}
[weather] NWS fetch failed for 48.01040,-89.70830 Error: HTTP 404
    at fetchJson (C:\Users\Yerff\source\repos\PaddleTodayV2\src\lib\http.ts:94:15)
    at process.processTicksAndRejections (node:internal/process/task_queues:104:5)
    at async fetchNwsWeatherSnapshot (C:\Users\Yerff\source\repos\PaddleTodayV2\src\lib\nws.ts:87:17)
    at async Promise.all (index 0)
    at async fetchWeatherSnapshot (C:\Users\Yerff\source\repos\PaddleTodayV2\src\lib\weather.ts:7:27)
    at async Promise.all (index 1)
    at async scoreRiver (C:\Users\Yerff\source\repos\PaddleTodayV2\src\lib\rivers.ts:179:28)
    at async worker (C:\Users\Yerff\source\repos\PaddleTodayV2\src\lib\async-concurrency.ts:22:24)
    at async Promise.all (index 8)
    at async mapWithConcurrency (C:\Users\Yerff\source\repos\PaddleTodayV2\src\lib\async-concurrency.ts:26:3)
[weather] Weather snapshot unavailable for 48.01040,-89.70830
[weather] NOAA precip fetch failed for 41.29563,-94.07459 Error: Expected JSON but received text/plain;charset=utf-8
    at fetchJson (C:\Users\Yerff\source\repos\PaddleTodayV2\src\lib\http.ts:100:15)
    at process.processTicksAndRejections (node:internal/process/task_queues:104:5)
    at async sampleMrmsTotal (C:\Users\Yerff\source\repos\PaddleTodayV2\src\lib\noaa-precip.ts:57:16)
    at async Promise.all (index 0)
    at async fetchRecentRainTotals (C:\Users\Yerff\source\repos\PaddleTodayV2\src\lib\noaa-precip.ts:18:46)
    at async Promise.all (index 1)
    at async fetchWeatherSnapshot (C:\Users\Yerff\source\repos\PaddleTodayV2\src\lib\weather.ts:7:27)
    at async Promise.all (index 1)
    at async scoreRiver (C:\Users\Yerff\source\repos\PaddleTodayV2\src\lib\rivers.ts:179:28)
    at async worker (C:\Users\Yerff\source\repos\PaddleTodayV2\src\lib\async-concurrency.ts:22:24)
[weather] NOAA precip fetch failed for 46.71758,-94.92899 Error: Expected JSON but received text/plain;charset=utf-8
    at fetchJson (C:\Users\Yerff\source\repos\PaddleTodayV2\src\lib\http.ts:100:15)
    at process.processTicksAndRejections (node:internal/process/task_queues:104:5)
    at async sampleMrmsTotal (C:\Users\Yerff\source\repos\PaddleTodayV2\src\lib\noaa-precip.ts:57:16)
    at async Promise.all (index 0)
    at async fetchRecentRainTotals (C:\Users\Yerff\source\repos\PaddleTodayV2\src\lib\noaa-precip.ts:18:46)
    at async Promise.all (index 1)
    at async fetchWeatherSnapshot (C:\Users\Yerff\source\repos\PaddleTodayV2\src\lib\weather.ts:7:27)
[weather] NOAA precip fetch failed for 45.17512,-93.06912 Error: Expected JSON but received text/plain;charset=utf-8
    at fetchJson (C:\Users\Yerff\source\repos\PaddleTodayV2\src\lib\http.ts:100:15)
    at process.processTicksAndRejections (node:internal/process/task_queues:104:5)
    at async sampleMrmsTotal (C:\Users\Yerff\source\repos\PaddleTodayV2\src\lib\noaa-precip.ts:57:16)
    at async Promise.all (index 0)
    at async fetchRecentRainTotals (C:\Users\Yerff\source\repos\PaddleTodayV2\src\lib\noaa-precip.ts:18:46)
    at async Promise.all (index 1)
    at async fetchWeatherSnapshot (C:\Users\Yerff\source\repos\PaddleTodayV2\src\lib\weather.ts:7:27)
    at async Promise.all (index 1)
    at async scoreRiver (C:\Users\Yerff\source\repos\PaddleTodayV2\src\lib\rivers.ts:179:28)
    at async worker (C:\Users\Yerff\source\repos\PaddleTodayV2\src\lib\async-concurrency.ts:22:24)
[weather] NOAA precip fetch failed for 42.75193,-92.62539 Error: Expected JSON but received text/plain;charset=utf-8
    at fetchJson (C:\Users\Yerff\source\repos\PaddleTodayV2\src\lib\http.ts:100:15)
    at process.processTicksAndRejections (node:internal/process/task_queues:104:5)
    at async sampleMrmsTotal (C:\Users\Yerff\source\repos\PaddleTodayV2\src\lib\noaa-precip.ts:57:16)
    at async Promise.all (index 0)
    at async fetchRecentRainTotals (C:\Users\Yerff\source\repos\PaddleTodayV2\src\lib\noaa-precip.ts:18:46)
    at async Promise.all (index 1)
    at async fetchWeatherSnapshot (C:\Users\Yerff\source\repos\PaddleTodayV2\src\lib\weather.ts:7:27)
    at async Promise.all (index 1)
    at async scoreRiver (C:\Users\Yerff\source\repos\PaddleTodayV2\src\lib\rivers.ts:179:28)
    at async worker (C:\Users\Yerff\source\repos\PaddleTodayV2\src\lib\async-concurrency.ts:22:24)
API server request failed. {
  requestId: 'req_msi2clvl_2alcv7',
  method: 'GET',
  path: '/api/rivers/summary.json',
  error: Error: river summary scoring timed out after 12000ms
      at Timeout.<anonymous> (C:\Users\Yerff\source\repos\PaddleTodayV2\src\server\server-runtime.ts:18:18)
      at listOnTimeout (node:internal/timers:605:17)
      at process.processTimers (node:internal/timers:541:7)
}
[weather] NWS fetch failed for 48.01040,-89.70830 Error: HTTP 404
    at fetchJson (C:\Users\Yerff\source\repos\PaddleTodayV2\src\lib\http.ts:94:15)
    at process.processTicksAndRejections (node:internal/process/task_queues:104:5)
    at async fetchNwsWeatherSnapshot (C:\Users\Yerff\source\repos\PaddleTodayV2\src\lib\nws.ts:87:17)
    at async Promise.all (index 0)
    at async fetchWeatherSnapshot (C:\Users\Yerff\source\repos\PaddleTodayV2\src\lib\weather.ts:7:27)
    at async Promise.all (index 1)
    at async scoreRiver (C:\Users\Yerff\source\repos\PaddleTodayV2\src\lib\rivers.ts:179:28)
    at async worker (C:\Users\Yerff\source\repos\PaddleTodayV2\src\lib\async-concurrency.ts:22:24)
    at async Promise.all (index 5)
    at async mapWithConcurrency (C:\Users\Yerff\source\repos\PaddleTodayV2\src\lib\async-concurrency.ts:26:3)
[weather] Weather snapshot unavailable for 48.01040,-89.70830
API server request failed. {
  requestId: 'req_msi2pguf_5pt9ig',
  method: 'GET',
  path: '/api/rivers/summary.json',
  error: Error: river summary scoring timed out after 12000ms
      at Timeout.<anonymous> (C:\Users\Yerff\source\repos\PaddleTodayV2\src\server\server-runtime.ts:18:18)
      at listOnTimeout (node:internal/timers:605:17)
      at process.processTimers (node:internal/timers:541:7)
}
[weather] NWS fetch failed for 48.01040,-89.70830 Error: HTTP 404
    at fetchJson (C:\Users\Yerff\source\repos\PaddleTodayV2\src\lib\http.ts:94:15)
    at process.processTicksAndRejections (node:internal/process/task_queues:104:5)
    at async fetchNwsWeatherSnapshot (C:\Users\Yerff\source\repos\PaddleTodayV2\src\lib\nws.ts:87:17)
    at async Promise.all (index 0)
    at async fetchWeatherSnapshot (C:\Users\Yerff\source\repos\PaddleTodayV2\src\lib\weather.ts:7:27)
    at async Promise.all (index 1)
    at async scoreRiver (C:\Users\Yerff\source\repos\PaddleTodayV2\src\lib\rivers.ts:179:28)
    at async worker (C:\Users\Yerff\source\repos\PaddleTodayV2\src\lib\async-concurrency.ts:22:24)
    at async Promise.all (index 1)
    at async mapWithConcurrency (C:\Users\Yerff\source\repos\PaddleTodayV2\src\lib\async-concurrency.ts:26:3)
[weather] Weather snapshot unavailable for 48.01040,-89.70830
API server request failed. {
  requestId: 'req_msi38rae_i4j4ja',
  method: 'GET',
  path: '/api/rivers/summary.json',
  error: Error: river summary scoring timed out after 12000ms
      at Timeout.<anonymous> (C:\Users\Yerff\source\repos\PaddleTodayV2\src\server\server-runtime.ts:18:18)
      at listOnTimeout (node:internal/timers:605:17)
      at process.processTimers (node:internal/timers:541:7)
}
[weather] NWS fetch failed for 48.01040,-89.70830 Error: HTTP 404
    at fetchJson (C:\Users\Yerff\source\repos\PaddleTodayV2\src\lib\http.ts:94:15)
    at process.processTicksAndRejections (node:internal/process/task_queues:104:5)
    at async fetchNwsWeatherSnapshot (C:\Users\Yerff\source\repos\PaddleTodayV2\src\lib\nws.ts:87:17)
    at async Promise.all (index 0)
    at async fetchWeatherSnapshot (C:\Users\Yerff\source\repos\PaddleTodayV2\src\lib\weather.ts:7:27)
    at async Promise.all (index 1)
    at async scoreRiver (C:\Users\Yerff\source\repos\PaddleTodayV2\src\lib\rivers.ts:179:28)
    at async worker (C:\Users\Yerff\source\repos\PaddleTodayV2\src\lib\async-concurrency.ts:22:24)
    at async Promise.all (index 11)
    at async mapWithConcurrency (C:\Users\Yerff\source\repos\PaddleTodayV2\src\lib\async-concurrency.ts:26:3)
[weather] Weather snapshot unavailable for 48.01040,-89.70830
API server request failed. {
  requestId: 'req_msi3lm99_o1lnn0',
  method: 'GET',
  path: '/api/rivers/summary.json',
  error: Error: river summary scoring timed out after 12000ms
      at Timeout.<anonymous> (C:\Users\Yerff\source\repos\PaddleTodayV2\src\server\server-runtime.ts:18:18)
      at listOnTimeout (node:internal/timers:605:17)
      at process.processTimers (node:internal/timers:541:7)
}
[weather] NWS fetch failed for 48.01040,-89.70830 Error: HTTP 404
    at fetchJson (C:\Users\Yerff\source\repos\PaddleTodayV2\src\lib\http.ts:94:15)
    at process.processTicksAndRejections (node:internal/process/task_queues:104:5)
    at async fetchNwsWeatherSnapshot (C:\Users\Yerff\source\repos\PaddleTodayV2\src\lib\nws.ts:87:17)
    at async Promise.all (index 0)
    at async fetchWeatherSnapshot (C:\Users\Yerff\source\repos\PaddleTodayV2\src\lib\weather.ts:7:27)
    at async Promise.all (index 1)
    at async scoreRiver (C:\Users\Yerff\source\repos\PaddleTodayV2\src\lib\rivers.ts:179:28)
    at async worker (C:\Users\Yerff\source\repos\PaddleTodayV2\src\lib\async-concurrency.ts:22:24)
    at async Promise.all (index 4)
    at async mapWithConcurrency (C:\Users\Yerff\source\repos\PaddleTodayV2\src\lib\async-concurrency.ts:26:3)
[weather] Weather snapshot unavailable for 48.01040,-89.70830
API server request failed. {
  requestId: 'req_msi44wp1_owvra8',
  method: 'GET',
  path: '/api/rivers/summary.json',
  error: Error: river summary scoring timed out after 12000ms
      at Timeout.<anonymous> (C:\Users\Yerff\source\repos\PaddleTodayV2\src\server\server-runtime.ts:18:18)
      at listOnTimeout (node:internal/timers:605:17)
      at process.processTimers (node:internal/timers:541:7)
}
[weather] NWS fetch failed for 48.01040,-89.70830 Error: HTTP 404
    at fetchJson (C:\Users\Yerff\source\repos\PaddleTodayV2\src\lib\http.ts:94:15)
    at process.processTicksAndRejections (node:internal/process/task_queues:104:5)
    at async fetchNwsWeatherSnapshot (C:\Users\Yerff\source\repos\PaddleTodayV2\src\lib\nws.ts:87:17)
    at async Promise.all (index 0)
    at async fetchWeatherSnapshot (C:\Users\Yerff\source\repos\PaddleTodayV2\src\lib\weather.ts:7:27)
    at async Promise.all (index 1)
    at async scoreRiver (C:\Users\Yerff\source\repos\PaddleTodayV2\src\lib\rivers.ts:179:28)
    at async worker (C:\Users\Yerff\source\repos\PaddleTodayV2\src\lib\async-concurrency.ts:22:24)
    at async Promise.all (index 5)
    at async mapWithConcurrency (C:\Users\Yerff\source\repos\PaddleTodayV2\src\lib\async-concurrency.ts:26:3)
[weather] Weather snapshot unavailable for 48.01040,-89.70830
API server request failed. {
  requestId: 'req_msi4hrnq_50cvmy',
  method: 'GET',
  path: '/api/rivers/summary.json',
  error: Error: river summary scoring timed out after 12000ms
      at Timeout.<anonymous> (C:\Users\Yerff\source\repos\PaddleTodayV2\src\server\server-runtime.ts:18:18)
      at listOnTimeout (node:internal/timers:605:17)
      at process.processTimers (node:internal/timers:541:7)
}
[weather] NWS fetch failed for 48.01040,-89.70830 Error: HTTP 404
    at fetchJson (C:\Users\Yerff\source\repos\PaddleTodayV2\src\lib\http.ts:94:15)
    at process.processTicksAndRejections (node:internal/process/task_queues:104:5)
    at async fetchNwsWeatherSnapshot (C:\Users\Yerff\source\repos\PaddleTodayV2\src\lib\nws.ts:87:17)
    at async Promise.all (index 0)
    at async fetchWeatherSnapshot (C:\Users\Yerff\source\repos\PaddleTodayV2\src\lib\weather.ts:7:27)
    at async Promise.all (index 1)
    at async scoreRiver (C:\Users\Yerff\source\repos\PaddleTodayV2\src\lib\rivers.ts:179:28)
    at async worker (C:\Users\Yerff\source\repos\PaddleTodayV2\src\lib\async-concurrency.ts:22:24)
    at async Promise.all (index 9)
    at async mapWithConcurrency (C:\Users\Yerff\source\repos\PaddleTodayV2\src\lib\async-concurrency.ts:26:3)
[weather] Weather snapshot unavailable for 48.01040,-89.70830
API server request failed. {
  requestId: 'req_msi5123n_ny9dfs',
  method: 'GET',
  path: '/api/rivers/summary.json',
  error: Error: river summary scoring timed out after 12000ms
      at Timeout.<anonymous> (C:\Users\Yerff\source\repos\PaddleTodayV2\src\server\server-runtime.ts:18:18)
      at listOnTimeout (node:internal/timers:605:17)
      at process.processTimers (node:internal/timers:541:7)
}
[weather] NWS fetch failed for 48.01040,-89.70830 Error: HTTP 404
    at fetchJson (C:\Users\Yerff\source\repos\PaddleTodayV2\src\lib\http.ts:94:15)
    at process.processTicksAndRejections (node:internal/process/task_queues:104:5)
    at async fetchNwsWeatherSnapshot (C:\Users\Yerff\source\repos\PaddleTodayV2\src\lib\nws.ts:87:17)
    at async Promise.all (index 0)
    at async fetchWeatherSnapshot (C:\Users\Yerff\source\repos\PaddleTodayV2\src\lib\weather.ts:7:27)
    at async Promise.all (index 1)
    at async scoreRiver (C:\Users\Yerff\source\repos\PaddleTodayV2\src\lib\rivers.ts:179:28)
    at async worker (C:\Users\Yerff\source\repos\PaddleTodayV2\src\lib\async-concurrency.ts:22:24)
    at async Promise.all (index 9)
    at async mapWithConcurrency (C:\Users\Yerff\source\repos\PaddleTodayV2\src\lib\async-concurrency.ts:26:3)
[weather] Weather snapshot unavailable for 48.01040,-89.70830
node:events:486
      throw er; // Unhandled 'error' event
      ^

Error: listen EADDRINUSE: address already in use 0.0.0.0:4322
    at Server.setupListenHandle [as _listen2] (node:net:1948:16)
    at listenInCluster (node:net:2005:12)
    at node:net:2214:7
    at process.processTicksAndRejections (node:internal/process/task_queues:90:21)
Emitted 'error' event on Server instance at:
    at emitErrorNT (node:net:1984:8)
    at process.processTicksAndRejections (node:internal/process/task_queues:90:21) {
  code: 'EADDRINUSE',
  errno: -4091,
  syscall: 'listen',
  address: '0.0.0.0',
  port: 4322
}

Node.js v24.14.0
API server request failed. {
  requestId: 'req_msiaco9e_ufw6ak',
  method: 'GET',
  path: '/api/rivers/summary.json',
  error: Error: river summary scoring timed out after 12000ms
      at Timeout.<anonymous> (C:\Users\Yerff\source\repos\PaddleTodayV2\src\server\server-runtime.ts:18:18)
      at listOnTimeout (node:internal/timers:605:17)
      at process.processTimers (node:internal/timers:541:7)
}
[weather] NWS fetch failed for 48.01040,-89.70830 Error: HTTP 404
    at fetchJson (C:\Users\Yerff\source\repos\PaddleTodayV2\src\lib\http.ts:94:15)
    at process.processTicksAndRejections (node:internal/process/task_queues:104:5)
    at async fetchNwsWeatherSnapshot (C:\Users\Yerff\source\repos\PaddleTodayV2\src\lib\nws.ts:87:17)
    at async Promise.all (index 0)
    at async fetchWeatherSnapshot (C:\Users\Yerff\source\repos\PaddleTodayV2\src\lib\weather.ts:7:27)
    at async Promise.all (index 1)
    at async scoreRiver (C:\Users\Yerff\source\repos\PaddleTodayV2\src\lib\rivers.ts:179:28)
    at async worker (C:\Users\Yerff\source\repos\PaddleTodayV2\src\lib\async-concurrency.ts:22:24)
    at async Promise.all (index 9)
    at async mapWithConcurrency (C:\Users\Yerff\source\repos\PaddleTodayV2\src\lib\async-concurrency.ts:26:3)
[weather] Weather snapshot unavailable for 48.01040,-89.70830
API server request failed. {
  requestId: 'req_msiavtgj_r34cvw',
  method: 'GET',
  path: '/api/rivers/summary.json',
  error: Error: river summary scoring timed out after 12000ms
      at Timeout.<anonymous> (C:\Users\Yerff\source\repos\PaddleTodayV2\src\server\server-runtime.ts:18:18)
      at listOnTimeout (node:internal/timers:605:17)
      at process.processTimers (node:internal/timers:541:7)
}
[weather] NWS fetch failed for 48.01040,-89.70830 Error: HTTP 404
    at fetchJson (C:\Users\Yerff\source\repos\PaddleTodayV2\src\lib\http.ts:94:15)
    at process.processTicksAndRejections (node:internal/process/task_queues:104:5)
    at async fetchNwsWeatherSnapshot (C:\Users\Yerff\source\repos\PaddleTodayV2\src\lib\nws.ts:87:17)
    at async Promise.all (index 0)
    at async fetchWeatherSnapshot (C:\Users\Yerff\source\repos\PaddleTodayV2\src\lib\weather.ts:7:27)
    at async Promise.all (index 1)
    at async scoreRiver (C:\Users\Yerff\source\repos\PaddleTodayV2\src\lib\rivers.ts:179:28)
    at async worker (C:\Users\Yerff\source\repos\PaddleTodayV2\src\lib\async-concurrency.ts:22:24)
    at async Promise.all (index 0)
    at async mapWithConcurrency (C:\Users\Yerff\source\repos\PaddleTodayV2\src\lib\async-concurrency.ts:26:3)
[weather] Weather snapshot unavailable for 48.01040,-89.70830

}
[weather] Weather snapshot unavailable for 43.47002,-89.76122
[weather] NWS fetch failed for 43.45828,-89.71452 [TypeError: fetch failed] {
  [cause]: Error: getaddrinfo ENOTFOUND api.weather.gov
      at GetAddrInfoReqWrap.onlookupall [as oncomplete] (node:dns:122:26) {
    errno: -3008,
    code: 'ENOTFOUND',
    syscall: 'getaddrinfo',
    hostname: 'api.weather.gov'
  }
}
[weather] NOAA precip fetch failed for 43.45828,-89.71452 [TypeError: fetch failed] {
  [cause]: Error: getaddrinfo ENOTFOUND mapservices.weather.noaa.gov
      at GetAddrInfoReqWrap.onlookupall [as oncomplete] (node:dns:122:26) {
    errno: -3008,
    code: 'ENOTFOUND',
    syscall: 'getaddrinfo',
    hostname: 'mapservices.weather.noaa.gov'
  }
}
[weather] Weather snapshot unavailable for 43.45828,-89.71452
[weather] NWS fetch failed for 42.86083,-89.53419 [TypeError: fetch failed] {
  [cause]: Error: getaddrinfo ENOTFOUND api.weather.gov
      at GetAddrInfoReqWrap.onlookupall [as oncomplete] (node:dns:122:26) {
    errno: -3008,
    code: 'ENOTFOUND',
    syscall: 'getaddrinfo',
    hostname: 'api.weather.gov'
  }
}
[weather] NOAA precip fetch failed for 42.86083,-89.53419 [TypeError: fetch failed] {
  [cause]: Error: getaddrinfo ENOTFOUND mapservices.weather.noaa.gov
      at GetAddrInfoReqWrap.onlookupall [as oncomplete] (node:dns:122:26) {
    errno: -3008,
    code: 'ENOTFOUND',
    syscall: 'getaddrinfo',
    hostname: 'mapservices.weather.noaa.gov'
  }
}
[weather] Weather snapshot unavailable for 42.86083,-89.53419
[weather] NWS fetch failed for 42.79994,-89.48646 [TypeError: fetch failed] {
  [cause]: Error: getaddrinfo ENOTFOUND api.weather.gov
      at GetAddrInfoReqWrap.onlookupall [as oncomplete] (node:dns:122:26) {
    errno: -3008,
    code: 'ENOTFOUND',
    syscall: 'getaddrinfo',
    hostname: 'api.weather.gov'
  }
}
[weather] NOAA precip fetch failed for 42.79994,-89.48646 [TypeError: fetch failed] {
  [cause]: Error: getaddrinfo ENOTFOUND mapservices.weather.noaa.gov
      at GetAddrInfoReqWrap.onlookupall [as oncomplete] (node:dns:122:26) {
    errno: -3008,
    code: 'ENOTFOUND',
    syscall: 'getaddrinfo',
    hostname: 'mapservices.weather.noaa.gov'
  }
}
[weather] Weather snapshot unavailable for 42.79994,-89.48646
[weather] NWS fetch failed for 42.80002,-89.48636 [TypeError: fetch failed] {
  [cause]: Error: getaddrinfo ENOTFOUND api.weather.gov
      at GetAddrInfoReqWrap.onlookupall [as oncomplete] (node:dns:122:26) {
    errno: -3008,
    code: 'ENOTFOUND',
    syscall: 'getaddrinfo',
    hostname: 'api.weather.gov'
  }
}
[weather] NOAA precip fetch failed for 42.80002,-89.48636 [TypeError: fetch failed] {
  [cause]: Error: getaddrinfo ENOTFOUND mapservices.weather.noaa.gov
      at GetAddrInfoReqWrap.onlookupall [as oncomplete] (node:dns:122:26) {
    errno: -3008,
    code: 'ENOTFOUND',
    syscall: 'getaddrinfo',
    hostname: 'mapservices.weather.noaa.gov'
  }
}
[weather] Weather snapshot unavailable for 42.80002,-89.48636
[weather] NWS fetch failed for 42.45689,-92.42297 [TypeError: fetch failed] {
  [cause]: Error: getaddrinfo ENOTFOUND api.weather.gov
      at GetAddrInfoReqWrap.onlookupall [as oncomplete] (node:dns:122:26) {
    errno: -3008,
    code: 'ENOTFOUND',
    syscall: 'getaddrinfo',
    hostname: 'api.weather.gov'
  }
}
[weather] NOAA precip fetch failed for 42.45689,-92.42297 [TypeError: fetch failed] {
  [cause]: Error: getaddrinfo ENOTFOUND mapservices.weather.noaa.gov
      at GetAddrInfoReqWrap.onlookupall [as oncomplete] (node:dns:122:26) {
    errno: -3008,
    code: 'ENOTFOUND',
    syscall: 'getaddrinfo',
    hostname: 'mapservices.weather.noaa.gov'
  }
}
[weather] Weather snapshot unavailable for 42.45689,-92.42297
[weather] NWS fetch failed for 42.85326,-89.25660 [TypeError: fetch failed] {
  [cause]: Error: getaddrinfo ENOTFOUND api.weather.gov
      at GetAddrInfoReqWrap.onlookupall [as oncomplete] (node:dns:122:26) {
    errno: -3008,
    code: 'ENOTFOUND',
    syscall: 'getaddrinfo',
    hostname: 'api.weather.gov'
  }
}
[weather] NOAA precip fetch failed for 42.85326,-89.25660 [TypeError: fetch failed] {
  [cause]: Error: getaddrinfo ENOTFOUND mapservices.weather.noaa.gov
      at GetAddrInfoReqWrap.onlookupall [as oncomplete] (node:dns:122:26) {
    errno: -3008,
    code: 'ENOTFOUND',
    syscall: 'getaddrinfo',
    hostname: 'mapservices.weather.noaa.gov'
  }
}
[weather] Weather snapshot unavailable for 42.85326,-89.25660
[weather] NWS fetch failed for 43.45456,-88.84298 [TypeError: fetch failed] {
  [cause]: Error: getaddrinfo ENOTFOUND api.weather.gov
      at GetAddrInfoReqWrap.onlookupall [as oncomplete] (node:dns:122:26) {
    errno: -3008,
    code: 'ENOTFOUND',
    syscall: 'getaddrinfo',
    hostname: 'api.weather.gov'
  }
}
[weather] NOAA precip fetch failed for 43.45456,-88.84298 [TypeError: fetch failed] {
  [cause]: Error: getaddrinfo ENOTFOUND mapservices.weather.noaa.gov
      at GetAddrInfoReqWrap.onlookupall [as oncomplete] (node:dns:122:26) {
    errno: -3008,
    code: 'ENOTFOUND',
    syscall: 'getaddrinfo',
    hostname: 'mapservices.weather.noaa.gov'
  }
}
[weather] Weather snapshot unavailable for 43.45456,-88.84298
[weather] NWS fetch failed for 43.17969,-88.26254 [TypeError: fetch failed] {
  [cause]: Error: getaddrinfo ENOTFOUND api.weather.gov
      at GetAddrInfoReqWrap.onlookupall [as oncomplete] (node:dns:122:26) {
    errno: -3008,
    code: 'ENOTFOUND',
    syscall: 'getaddrinfo',
    hostname: 'api.weather.gov'
  }
}
[weather] NOAA precip fetch failed for 43.17969,-88.26254 [TypeError: fetch failed] {
  [cause]: Error: getaddrinfo ENOTFOUND mapservices.weather.noaa.gov
      at GetAddrInfoReqWrap.onlookupall [as oncomplete] (node:dns:122:26) {
    errno: -3008,
    code: 'ENOTFOUND',
    syscall: 'getaddrinfo',
    hostname: 'mapservices.weather.noaa.gov'
  }
}
[weather] Weather snapshot unavailable for 43.17969,-88.26254
[weather] NWS fetch failed for 42.89417,-88.70110 [TypeError: fetch failed] {
  [cause]: Error: getaddrinfo ENOTFOUND api.weather.gov
      at GetAddrInfoReqWrap.onlookupall [as oncomplete] (node:dns:122:26) {
    errno: -3008,
    code: 'ENOTFOUND',
    syscall: 'getaddrinfo',
    hostname: 'api.weather.gov'
  }
}
[weather] NOAA precip fetch failed for 42.89417,-88.70110 [TypeError: fetch failed] {
  [cause]: Error: getaddrinfo ENOTFOUND mapservices.weather.noaa.gov
      at GetAddrInfoReqWrap.onlookupall [as oncomplete] (node:dns:122:26) {
    errno: -3008,
    code: 'ENOTFOUND',
    syscall: 'getaddrinfo',
    hostname: 'mapservices.weather.noaa.gov'
  }
}
[weather] Weather snapshot unavailable for 42.89417,-88.70110
[weather] NWS fetch failed for 42.68601,-90.12031 [TypeError: fetch failed] {
  [cause]: Error: getaddrinfo ENOTFOUND api.weather.gov
      at GetAddrInfoReqWrap.onlookupall [as oncomplete] (node:dns:122:26) {
    errno: -3008,
    code: 'ENOTFOUND',
    syscall: 'getaddrinfo',
    hostname: 'api.weather.gov'
  }
}
[weather] NOAA precip fetch failed for 42.68601,-90.12031 [TypeError: fetch failed] {
  [cause]: Error: getaddrinfo ENOTFOUND mapservices.weather.noaa.gov
      at GetAddrInfoReqWrap.onlookupall [as oncomplete] (node:dns:122:26) {
    errno: -3008,
    code: 'ENOTFOUND',
    syscall: 'getaddrinfo',
    hostname: 'mapservices.weather.noaa.gov'
  }
}
[weather] Weather snapshot unavailable for 42.68601,-90.12031
[weather] NWS fetch failed for 43.72301,-90.58705 [TypeError: fetch failed] {
  [cause]: Error: getaddrinfo ENOTFOUND api.weather.gov
      at GetAddrInfoReqWrap.onlookupall [as oncomplete] (node:dns:122:26) {
    errno: -3008,
    code: 'ENOTFOUND',
    syscall: 'getaddrinfo',
    hostname: 'api.weather.gov'
  }
}
[weather] NOAA precip fetch failed for 43.72301,-90.58705 [TypeError: fetch failed] {
  [cause]: Error: getaddrinfo ENOTFOUND mapservices.weather.noaa.gov
      at GetAddrInfoReqWrap.onlookupall [as oncomplete] (node:dns:122:26) {
    errno: -3008,
    code: 'ENOTFOUND',
    syscall: 'getaddrinfo',
    hostname: 'mapservices.weather.noaa.gov'
  }
}
[weather] Weather snapshot unavailable for 43.72301,-90.58705
[weather] NWS fetch failed for 43.63710,-90.60292 [DOMException [AbortError]: This operation was aborted]
[weather] NOAA precip fetch failed for 43.63710,-90.60292 [DOMException [AbortError]: This operation was aborted]
[weather] Weather snapshot unavailable for 43.63710,-90.60292
[weather] NWS fetch failed for 44.28675,-92.18670 [DOMException [AbortError]: This operation was aborted]
[weather] NOAA precip fetch failed for 44.28675,-92.18670 [DOMException [AbortError]: This operation was aborted]
[weather] Weather snapshot unavailable for 44.28675,-92.18670
[weather] NWS fetch failed for 44.33720,-92.07725 [DOMException [AbortError]: This operation was aborted]
[weather] NOAA precip fetch failed for 44.33720,-92.07725 [DOMException [AbortError]: This operation was aborted]
[weather] Weather snapshot unavailable for 44.33720,-92.07725
[weather] NWS fetch failed for 43.29095,-91.75879 [DOMException [AbortError]: This operation was aborted]
[weather] NOAA precip fetch failed for 43.29095,-91.75879 [DOMException [AbortError]: This operation was aborted]
[weather] Weather snapshot unavailable for 43.29095,-91.75879
[weather] NWS fetch failed for 44.31067,-93.27087 [DOMException [AbortError]: This operation was aborted]
[weather] NOAA precip fetch failed for 44.31067,-93.27087 [DOMException [AbortError]: This operation was aborted]
[weather] Weather snapshot unavailable for 44.31067,-93.27087
[weather] NWS fetch failed for 43.42833,-88.18399 [DOMException [AbortError]: This operation was aborted]
[weather] NOAA precip fetch failed for 43.42833,-88.18399 [DOMException [AbortError]: This operation was aborted]
[weather] Weather snapshot unavailable for 43.42833,-88.18399
[weather] NWS fetch failed for 43.43373,-88.04926 [DOMException [AbortError]: This operation was aborted]
[weather] NOAA precip fetch failed for 43.43373,-88.04926 [DOMException [AbortError]: This operation was aborted]
[weather] Weather snapshot unavailable for 43.43373,-88.04926
[weather] NWS fetch failed for 43.30534,-87.95358 [DOMException [AbortError]: This operation was aborted]
[weather] NOAA precip fetch failed for 43.30534,-87.95358 [DOMException [AbortError]: This operation was aborted]
[weather] Weather snapshot unavailable for 43.30534,-87.95358
[weather] NWS fetch failed for 43.46838,-87.97317 [DOMException [AbortError]: This operation was aborted]
[weather] NOAA precip fetch failed for 43.46838,-87.97317 [DOMException [AbortError]: This operation was aborted]
[weather] Weather snapshot unavailable for 43.46838,-87.97317
[weather] NWS fetch failed for 45.61092,-88.59312 [DOMException [AbortError]: This operation was aborted]
[weather] NOAA precip fetch failed for 45.61092,-88.59312 [DOMException [AbortError]: This operation was aborted]
[weather] Weather snapshot unavailable for 45.61092,-88.59312
[weather] NWS fetch failed for 45.51799,-88.33935 [DOMException [AbortError]: This operation was aborted]
[weather] NOAA precip fetch failed for 45.51799,-88.33935 [DOMException [AbortError]: This operation was aborted]
[weather] Weather snapshot unavailable for 45.51799,-88.33935
[weather] NWS fetch failed for 45.41351,-88.34615 [TypeError: fetch failed] {
  [cause]: Error: getaddrinfo ENOTFOUND api.weather.gov
      at GetAddrInfoReqWrap.onlookupall [as oncomplete] (node:dns:122:26) {
    errno: -3008,
    code: 'ENOTFOUND',
    syscall: 'getaddrinfo',
    hostname: 'api.weather.gov'
  }
}
[weather] NOAA precip fetch failed for 45.41351,-88.34615 [TypeError: fetch failed] {
  [cause]: Error: getaddrinfo ENOTFOUND mapservices.weather.noaa.gov
      at GetAddrInfoReqWrap.onlookupall [as oncomplete] (node:dns:122:26) {
    errno: -3008,
    code: 'ENOTFOUND',
    syscall: 'getaddrinfo',
    hostname: 'mapservices.weather.noaa.gov'
  }
}
[weather] Weather snapshot unavailable for 45.41351,-88.34615
[weather] NWS fetch failed for 46.43415,-91.67486 [TypeError: fetch failed] {
  [cause]: Error: getaddrinfo ENOTFOUND api.weather.gov
      at GetAddrInfoReqWrap.onlookupall [as oncomplete] (node:dns:122:26) {
    errno: -3008,
    code: 'ENOTFOUND',
    syscall: 'getaddrinfo',
    hostname: 'api.weather.gov'
  }
}
[weather] NOAA precip fetch failed for 46.43415,-91.67486 [TypeError: fetch failed] {
  [cause]: Error: getaddrinfo ENOTFOUND mapservices.weather.noaa.gov
      at GetAddrInfoReqWrap.onlookupall [as oncomplete] (node:dns:122:26) {
    errno: -3008,
    code: 'ENOTFOUND',
    syscall: 'getaddrinfo',
    hostname: 'mapservices.weather.noaa.gov'
  }
}
[weather] Weather snapshot unavailable for 46.43415,-91.67486
[weather] NWS fetch failed for 46.51330,-91.60220 [TypeError: fetch failed] {
  [cause]: Error: getaddrinfo ENOTFOUND api.weather.gov
      at GetAddrInfoReqWrap.onlookupall [as oncomplete] (node:dns:122:26) {
    errno: -3008,
    code: 'ENOTFOUND',
    syscall: 'getaddrinfo',
    hostname: 'api.weather.gov'
  }
}
[weather] NOAA precip fetch failed for 46.51330,-91.60220 [TypeError: fetch failed] {
  [cause]: Error: getaddrinfo ENOTFOUND mapservices.weather.noaa.gov
      at GetAddrInfoReqWrap.onlookupall [as oncomplete] (node:dns:122:26) {
    errno: -3008,
    code: 'ENOTFOUND',
    syscall: 'getaddrinfo',
    hostname: 'mapservices.weather.noaa.gov'
  }
}
[weather] Weather snapshot unavailable for 46.51330,-91.60220
[weather] NWS fetch failed for 46.54042,-91.59408 [TypeError: fetch failed] {
  [cause]: Error: getaddrinfo ENOTFOUND api.weather.gov
      at GetAddrInfoReqWrap.onlookupall [as oncomplete] (node:dns:122:26) {
    errno: -3008,
    code: 'ENOTFOUND',
    syscall: 'getaddrinfo',
    hostname: 'api.weather.gov'
  }
}
[weather] NOAA precip fetch failed for 46.54042,-91.59408 [TypeError: fetch failed] {
  [cause]: Error: getaddrinfo ENOTFOUND mapservices.weather.noaa.gov
      at GetAddrInfoReqWrap.onlookupall [as oncomplete] (node:dns:122:26) {
    errno: -3008,
    code: 'ENOTFOUND',
    syscall: 'getaddrinfo',
    hostname: 'mapservices.weather.noaa.gov'
  }
}
[weather] Weather snapshot unavailable for 46.54042,-91.59408
[weather] NWS fetch failed for 46.61545,-91.58264 [TypeError: fetch failed] {
  [cause]: Error: getaddrinfo ENOTFOUND api.weather.gov
      at GetAddrInfoReqWrap.onlookupall [as oncomplete] (node:dns:122:26) {
    errno: -3008,
    code: 'ENOTFOUND',
    syscall: 'getaddrinfo',
    hostname: 'api.weather.gov'
  }
}
[weather] NOAA precip fetch failed for 46.61545,-91.58264 [TypeError: fetch failed] {
  [cause]: Error: getaddrinfo ENOTFOUND mapservices.weather.noaa.gov
      at GetAddrInfoReqWrap.onlookupall [as oncomplete] (node:dns:122:26) {
    errno: -3008,
    code: 'ENOTFOUND',
    syscall: 'getaddrinfo',
    hostname: 'mapservices.weather.noaa.gov'
  }
}
[weather] Weather snapshot unavailable for 46.61545,-91.58264
[weather] NWS fetch failed for 46.67796,-91.59536 [TypeError: fetch failed] {
  [cause]: Error: getaddrinfo ENOTFOUND api.weather.gov
      at GetAddrInfoReqWrap.onlookupall [as oncomplete] (node:dns:122:26) {
    errno: -3008,
    code: 'ENOTFOUND',
    syscall: 'getaddrinfo',
    hostname: 'api.weather.gov'
  }
}
[weather] NOAA precip fetch failed for 46.67796,-91.59536 [TypeError: fetch failed] {
  [cause]: Error: getaddrinfo ENOTFOUND mapservices.weather.noaa.gov
      at GetAddrInfoReqWrap.onlookupall [as oncomplete] (node:dns:122:26) {
    errno: -3008,
    code: 'ENOTFOUND',
    syscall: 'getaddrinfo',
    hostname: 'mapservices.weather.noaa.gov'
  }
}
[weather] Weather snapshot unavailable for 46.67796,-91.59536
[weather] NWS fetch failed for 42.45760,-91.89480 [TypeError: fetch failed] {
  [cause]: Error: getaddrinfo ENOTFOUND api.weather.gov
      at GetAddrInfoReqWrap.onlookupall [as oncomplete] (node:dns:122:26) {
    errno: -3008,
    code: 'ENOTFOUND',
    syscall: 'getaddrinfo',
    hostname: 'api.weather.gov'
  }
}
[weather] NOAA precip fetch failed for 42.45760,-91.89480 [TypeError: fetch failed] {
  [cause]: Error: getaddrinfo ENOTFOUND mapservices.weather.noaa.gov
      at GetAddrInfoReqWrap.onlookupall [as oncomplete] (node:dns:122:26) {
    errno: -3008,
    code: 'ENOTFOUND',
    syscall: 'getaddrinfo',
    hostname: 'mapservices.weather.noaa.gov'
  }
}
[weather] Weather snapshot unavailable for 42.45760,-91.89480
[weather] NWS fetch failed for 41.53550,-93.95570 [TypeError: fetch failed] {
  [cause]: Error: getaddrinfo ENOTFOUND api.weather.gov
      at GetAddrInfoReqWrap.onlookupall [as oncomplete] (node:dns:122:26) {
    errno: -3008,
    code: 'ENOTFOUND',
    syscall: 'getaddrinfo',
    hostname: 'api.weather.gov'
  }
}
[weather] NOAA precip fetch failed for 41.53550,-93.95570 [TypeError: fetch failed] {
  [cause]: Error: getaddrinfo ENOTFOUND mapservices.weather.noaa.gov
      at GetAddrInfoReqWrap.onlookupall [as oncomplete] (node:dns:122:26) {
    errno: -3008,
    code: 'ENOTFOUND',
    syscall: 'getaddrinfo',
    hostname: 'mapservices.weather.noaa.gov'
  }
}
[weather] Weather snapshot unavailable for 41.53550,-93.95570
[weather] NWS fetch failed for 41.58944,-94.15111 [TypeError: fetch failed] {
  [cause]: Error: getaddrinfo ENOTFOUND api.weather.gov
      at GetAddrInfoReqWrap.onlookupall [as oncomplete] (node:dns:122:26) {
    errno: -3008,
    code: 'ENOTFOUND',
    syscall: 'getaddrinfo',
    hostname: 'api.weather.gov'
  }
}
[weather] NOAA precip fetch failed for 41.58944,-94.15111 [TypeError: fetch failed] {
  [cause]: Error: getaddrinfo ENOTFOUND mapservices.weather.noaa.gov
      at GetAddrInfoReqWrap.onlookupall [as oncomplete] (node:dns:122:26) {
    errno: -3008,
    code: 'ENOTFOUND',
    syscall: 'getaddrinfo',
    hostname: 'mapservices.weather.noaa.gov'
  }
}
[weather] Weather snapshot unavailable for 41.58944,-94.15111
[weather] NWS fetch failed for 42.01560,-94.43840 [TypeError: fetch failed] {
  [cause]: Error: getaddrinfo ENOTFOUND api.weather.gov
      at GetAddrInfoReqWrap.onlookupall [as oncomplete] (node:dns:122:26) {
    errno: -3008,
    code: 'ENOTFOUND',
    syscall: 'getaddrinfo',
    hostname: 'api.weather.gov'
  }
}
[weather] NOAA precip fetch failed for 42.01560,-94.43840 [TypeError: fetch failed] {
  [cause]: Error: getaddrinfo ENOTFOUND mapservices.weather.noaa.gov
      at GetAddrInfoReqWrap.onlookupall [as oncomplete] (node:dns:122:26) {
    errno: -3008,
    code: 'ENOTFOUND',
    syscall: 'getaddrinfo',
    hostname: 'mapservices.weather.noaa.gov'
  }
}
[weather] Weather snapshot unavailable for 42.01560,-94.43840
[weather] NWS fetch failed for 42.09819,-91.28755 [TypeError: fetch failed] {
  [cause]: Error: getaddrinfo ENOTFOUND api.weather.gov
      at GetAddrInfoReqWrap.onlookupall [as oncomplete] (node:dns:122:26) {
    errno: -3008,
    code: 'ENOTFOUND',
    syscall: 'getaddrinfo',
    hostname: 'api.weather.gov'
  }
}
[weather] NOAA precip fetch failed for 42.09819,-91.28755 [TypeError: fetch failed] {
  [cause]: Error: getaddrinfo ENOTFOUND mapservices.weather.noaa.gov
      at GetAddrInfoReqWrap.onlookupall [as oncomplete] (node:dns:122:26) {
    errno: -3008,
    code: 'ENOTFOUND',
    syscall: 'getaddrinfo',
    hostname: 'mapservices.weather.noaa.gov'
  }
}
[weather] Weather snapshot unavailable for 42.09819,-91.28755
[weather] NWS fetch failed for 44.85075,-92.63882 [TypeError: fetch failed] {
  [cause]: Error: getaddrinfo ENOTFOUND api.weather.gov
      at GetAddrInfoReqWrap.onlookupall [as oncomplete] (node:dns:122:26) {
    errno: -3008,
    code: 'ENOTFOUND',
    syscall: 'getaddrinfo',
    hostname: 'api.weather.gov'
  }
}
[weather] NOAA precip fetch failed for 44.85075,-92.63882 [TypeError: fetch failed] {
  [cause]: Error: getaddrinfo ENOTFOUND mapservices.weather.noaa.gov
      at GetAddrInfoReqWrap.onlookupall [as oncomplete] (node:dns:122:26) {
    errno: -3008,
    code: 'ENOTFOUND',
    syscall: 'getaddrinfo',
    hostname: 'mapservices.weather.noaa.gov'
  }
}
[weather] Weather snapshot unavailable for 44.85075,-92.63882
[weather] NWS fetch failed for 45.23932,-95.98509 [TypeError: fetch failed] {
  [cause]: Error: getaddrinfo ENOTFOUND api.weather.gov
      at GetAddrInfoReqWrap.onlookupall [as oncomplete] (node:dns:122:26) {
    errno: -3008,
    code: 'ENOTFOUND',
    syscall: 'getaddrinfo',
    hostname: 'api.weather.gov'
  }
}
[weather] NOAA precip fetch failed for 45.23932,-95.98509 [TypeError: fetch failed] {
  [cause]: Error: getaddrinfo ENOTFOUND mapservices.weather.noaa.gov
      at GetAddrInfoReqWrap.onlookupall [as oncomplete] (node:dns:122:26) {
    errno: -3008,
    code: 'ENOTFOUND',
    syscall: 'getaddrinfo',
    hostname: 'mapservices.weather.noaa.gov'
  }
}
[weather] Weather snapshot unavailable for 45.23932,-95.98509
[weather] NWS fetch failed for 45.99164,-94.94490 [TypeError: fetch failed] {
  [cause]: Error: getaddrinfo ENOTFOUND api.weather.gov
      at GetAddrInfoReqWrap.onlookupall [as oncomplete] (node:dns:122:26) {
    errno: -3008,
    code: 'ENOTFOUND',
    syscall: 'getaddrinfo',
    hostname: 'api.weather.gov'
  }
}
[weather] NOAA precip fetch failed for 45.99164,-94.94490 [TypeError: fetch failed] {
  [cause]: Error: getaddrinfo ENOTFOUND mapservices.weather.noaa.gov
      at GetAddrInfoReqWrap.onlookupall [as oncomplete] (node:dns:122:26) {
    errno: -3008,
    code: 'ENOTFOUND',
    syscall: 'getaddrinfo',
    hostname: 'mapservices.weather.noaa.gov'
  }
}
[weather] Weather snapshot unavailable for 45.99164,-94.94490
[weather] NWS fetch failed for 45.97554,-94.86588 [TypeError: fetch failed] {
  [cause]: Error: getaddrinfo ENOTFOUND api.weather.gov
      at GetAddrInfoReqWrap.onlookupall [as oncomplete] (node:dns:122:26) {
    errno: -3008,
    code: 'ENOTFOUND',
    syscall: 'getaddrinfo',
    hostname: 'api.weather.gov'
  }
}
[weather] NOAA precip fetch failed for 45.97554,-94.86588 [TypeError: fetch failed] {
  [cause]: Error: getaddrinfo ENOTFOUND mapservices.weather.noaa.gov
      at GetAddrInfoReqWrap.onlookupall [as oncomplete] (node:dns:122:26) {
    errno: -3008,
    code: 'ENOTFOUND',
    syscall: 'getaddrinfo',
    hostname: 'mapservices.weather.noaa.gov'
  }
}
[weather] Weather snapshot unavailable for 45.97554,-94.86588
[weather] NWS fetch failed for 43.19626,-90.43572 [TypeError: fetch failed] {
  [cause]: Error: getaddrinfo ENOTFOUND api.weather.gov
      at GetAddrInfoReqWrap.onlookupall [as oncomplete] (node:dns:122:26) {
    errno: -3008,
    code: 'ENOTFOUND',
    syscall: 'getaddrinfo',
    hostname: 'api.weather.gov'
  }
}
[weather] NOAA precip fetch failed for 43.19626,-90.43572 [TypeError: fetch failed] {
  [cause]: Error: getaddrinfo ENOTFOUND mapservices.weather.noaa.gov
      at GetAddrInfoReqWrap.onlookupall [as oncomplete] (node:dns:122:26) {
    errno: -3008,
    code: 'ENOTFOUND',
    syscall: 'getaddrinfo',
    hostname: 'mapservices.weather.noaa.gov'
  }
}
[weather] Weather snapshot unavailable for 43.19626,-90.43572
[weather] NWS fetch failed for 43.20101,-90.57145 [TypeError: fetch failed] {
  [cause]: Error: getaddrinfo ENOTFOUND api.weather.gov
      at GetAddrInfoReqWrap.onlookupall [as oncomplete] (node:dns:122:26) {
    errno: -3008,
    code: 'ENOTFOUND',
    syscall: 'getaddrinfo',
    hostname: 'api.weather.gov'
  }
}
[weather] NOAA precip fetch failed for 43.20101,-90.57145 [TypeError: fetch failed] {
  [cause]: Error: getaddrinfo ENOTFOUND mapservices.weather.noaa.gov
      at GetAddrInfoReqWrap.onlookupall [as oncomplete] (node:dns:122:26) {
    errno: -3008,
    code: 'ENOTFOUND',
    syscall: 'getaddrinfo',
    hostname: 'mapservices.weather.noaa.gov'
  }
}
[weather] Weather snapshot unavailable for 43.20101,-90.57145
[weather] NWS fetch failed for 43.20903,-90.30424 [TypeError: fetch failed] {
  [cause]: Error: getaddrinfo ENOTFOUND api.weather.gov
      at GetAddrInfoReqWrap.onlookupall [as oncomplete] (node:dns:122:26) {
    errno: -3008,
    code: 'ENOTFOUND',
    syscall: 'getaddrinfo',
    hostname: 'api.weather.gov'
  }
}
[weather] NOAA precip fetch failed for 43.20903,-90.30424 [TypeError: fetch failed] {
  [cause]: Error: getaddrinfo ENOTFOUND mapservices.weather.noaa.gov
      at GetAddrInfoReqWrap.onlookupall [as oncomplete] (node:dns:122:26) {
    errno: -3008,
    code: 'ENOTFOUND',
    syscall: 'getaddrinfo',
    hostname: 'mapservices.weather.noaa.gov'
  }
}
[weather] Weather snapshot unavailable for 43.20903,-90.30424
[weather] NWS fetch failed for 43.53500,-89.46400 [TypeError: fetch failed] {
  [cause]: Error: getaddrinfo ENOTFOUND api.weather.gov
      at GetAddrInfoReqWrap.onlookupall [as oncomplete] (node:dns:122:26) {
    errno: -3008,
    code: 'ENOTFOUND',
    syscall: 'getaddrinfo',
    hostname: 'api.weather.gov'
  }
}
[weather] NOAA precip fetch failed for 43.53500,-89.46400 [TypeError: fetch failed] {
  [cause]: Error: getaddrinfo ENOTFOUND mapservices.weather.noaa.gov
      at GetAddrInfoReqWrap.onlookupall [as oncomplete] (node:dns:122:26) {
    errno: -3008,
    code: 'ENOTFOUND',
    syscall: 'getaddrinfo',
    hostname: 'mapservices.weather.noaa.gov'
  }
}
[weather] Weather snapshot unavailable for 43.53500,-89.46400
[weather] NWS fetch failed for 43.64006,-90.21075 [TypeError: fetch failed] {
  [cause]: Error: getaddrinfo ENOTFOUND api.weather.gov
      at GetAddrInfoReqWrap.onlookupall [as oncomplete] (node:dns:122:26) {
    errno: -3008,
    code: 'ENOTFOUND',
    syscall: 'getaddrinfo',
    hostname: 'api.weather.gov'
  }
}
[weather] NOAA precip fetch failed for 43.64006,-90.21075 [TypeError: fetch failed] {
  [cause]: Error: getaddrinfo ENOTFOUND mapservices.weather.noaa.gov
      at GetAddrInfoReqWrap.onlookupall [as oncomplete] (node:dns:122:26) {
    errno: -3008,
    code: 'ENOTFOUND',
    syscall: 'getaddrinfo',
    hostname: 'mapservices.weather.noaa.gov'
  }
}
[weather] Weather snapshot unavailable for 43.64006,-90.21075
[weather] NWS fetch failed for 43.25660,-89.74200 [TypeError: fetch failed] {
  [cause]: Error: getaddrinfo ENOTFOUND api.weather.gov
      at GetAddrInfoReqWrap.onlookupall [as oncomplete] (node:dns:122:26) {
    errno: -3008,
    code: 'ENOTFOUND',
    syscall: 'getaddrinfo',
    hostname: 'api.weather.gov'
  }
}
[weather] NOAA precip fetch failed for 43.25660,-89.74200 [TypeError: fetch failed] {
  [cause]: Error: getaddrinfo ENOTFOUND mapservices.weather.noaa.gov
      at GetAddrInfoReqWrap.onlookupall [as oncomplete] (node:dns:122:26) {
    errno: -3008,
    code: 'ENOTFOUND',
    syscall: 'getaddrinfo',
    hostname: 'mapservices.weather.noaa.gov'
  }
}
[weather] Weather snapshot unavailable for 43.25660,-89.74200
[weather] NWS fetch failed for 43.18678,-89.90164 [TypeError: fetch failed] {
  [cause]: Error: getaddrinfo ENOTFOUND api.weather.gov
      at GetAddrInfoReqWrap.onlookupall [as oncomplete] (node:dns:122:26) {
    errno: -3008,
    code: 'ENOTFOUND',
    syscall: 'getaddrinfo',
    hostname: 'api.weather.gov'
  }
}
[weather] NOAA precip fetch failed for 43.18678,-89.90164 [TypeError: fetch failed] {
  [cause]: Error: getaddrinfo ENOTFOUND mapservices.weather.noaa.gov
      at GetAddrInfoReqWrap.onlookupall [as oncomplete] (node:dns:122:26) {
    errno: -3008,
    code: 'ENOTFOUND',
    syscall: 'getaddrinfo',
    hostname: 'mapservices.weather.noaa.gov'
  }
}
[weather] Weather snapshot unavailable for 43.18678,-89.90164
[weather] NWS fetch failed for 43.14629,-90.06020 [TypeError: fetch failed] {
  [cause]: Error: getaddrinfo ENOTFOUND api.weather.gov
      at GetAddrInfoReqWrap.onlookupall [as oncomplete] (node:dns:122:26) {
    errno: -3008,
    code: 'ENOTFOUND',
    syscall: 'getaddrinfo',
    hostname: 'api.weather.gov'
  }
}
[weather] NOAA precip fetch failed for 43.14629,-90.06020 [TypeError: fetch failed] {
  [cause]: Error: getaddrinfo ENOTFOUND mapservices.weather.noaa.gov
      at GetAddrInfoReqWrap.onlookupall [as oncomplete] (node:dns:122:26) {
    errno: -3008,
    code: 'ENOTFOUND',
    syscall: 'getaddrinfo',
    hostname: 'mapservices.weather.noaa.gov'
  }
}
[weather] Weather snapshot unavailable for 43.14629,-90.06020
[weather] NWS fetch failed for 43.19800,-90.44576 [TypeError: fetch failed] {
  [cause]: Error: getaddrinfo ENOTFOUND api.weather.gov
      at GetAddrInfoReqWrap.onlookupall [as oncomplete] (node:dns:122:26) {
    errno: -3008,
    code: 'ENOTFOUND',
    syscall: 'getaddrinfo',
    hostname: 'api.weather.gov'
  }
}
[weather] NOAA precip fetch failed for 43.19800,-90.44576 [TypeError: fetch failed] {
  [cause]: Error: getaddrinfo ENOTFOUND mapservices.weather.noaa.gov
      at GetAddrInfoReqWrap.onlookupall [as oncomplete] (node:dns:122:26) {
    errno: -3008,
    code: 'ENOTFOUND',
    syscall: 'getaddrinfo',
    hostname: 'mapservices.weather.noaa.gov'
  }
}
[weather] Weather snapshot unavailable for 43.19800,-90.44576
[weather] NWS fetch failed for 43.14927,-90.71525 [TypeError: fetch failed] {
  [cause]: Error: getaddrinfo ENOTFOUND api.weather.gov
      at GetAddrInfoReqWrap.onlookupall [as oncomplete] (node:dns:122:26) {
    errno: -3008,
    code: 'ENOTFOUND',
    syscall: 'getaddrinfo',
    hostname: 'api.weather.gov'
  }
}
[weather] NOAA precip fetch failed for 43.14927,-90.71525 [TypeError: fetch failed] {
  [cause]: Error: getaddrinfo ENOTFOUND mapservices.weather.noaa.gov
      at GetAddrInfoReqWrap.onlookupall [as oncomplete] (node:dns:122:26) {
    errno: -3008,
    code: 'ENOTFOUND',
    syscall: 'getaddrinfo',
    hostname: 'mapservices.weather.noaa.gov'
  }
}
[weather] Weather snapshot unavailable for 43.14927,-90.71525
[weather] NWS fetch failed for 43.03505,-90.96091 [TypeError: fetch failed] {
  [cause]: Error: getaddrinfo ENOTFOUND api.weather.gov
      at GetAddrInfoReqWrap.onlookupall [as oncomplete] (node:dns:122:26) {
    errno: -3008,
    code: 'ENOTFOUND',
    syscall: 'getaddrinfo',
    hostname: 'api.weather.gov'
  }
}
[weather] NOAA precip fetch failed for 43.03505,-90.96091 [TypeError: fetch failed] {
  [cause]: Error: getaddrinfo ENOTFOUND mapservices.weather.noaa.gov
      at GetAddrInfoReqWrap.onlookupall [as oncomplete] (node:dns:122:26) {
    errno: -3008,
    code: 'ENOTFOUND',
    syscall: 'getaddrinfo',
    hostname: 'mapservices.weather.noaa.gov'
  }
}
[weather] Weather snapshot unavailable for 43.03505,-90.96091
[weather] NWS fetch failed for 43.46022,-89.46357 [TypeError: fetch failed] {
  [cause]: Error: getaddrinfo ENOTFOUND api.weather.gov
      at GetAddrInfoReqWrap.onlookupall [as oncomplete] (node:dns:122:26) {
    errno: -3008,
    code: 'ENOTFOUND',
    syscall: 'getaddrinfo',
    hostname: 'api.weather.gov'
  }
}
[weather] NOAA precip fetch failed for 43.46022,-89.46357 [TypeError: fetch failed] {
  [cause]: Error: getaddrinfo ENOTFOUND mapservices.weather.noaa.gov
      at GetAddrInfoReqWrap.onlookupall [as oncomplete] (node:dns:122:26) {
    errno: -3008,
    code: 'ENOTFOUND',
    syscall: 'getaddrinfo',
    hostname: 'mapservices.weather.noaa.gov'
  }
}
[weather] Weather snapshot unavailable for 43.46022,-89.46357
[weather] NWS fetch failed for 41.38278,-82.31500 [TypeError: fetch failed] {
  [cause]: Error: getaddrinfo ENOTFOUND api.weather.gov
      at GetAddrInfoReqWrap.onlookupall [as oncomplete] (node:dns:122:26) {
    errno: -3008,
    code: 'ENOTFOUND',
    syscall: 'getaddrinfo',
    hostname: 'api.weather.gov'
  }
}
[weather] NOAA precip fetch failed for 41.38278,-82.31500 [TypeError: fetch failed] {
  [cause]: Error: getaddrinfo ENOTFOUND mapservices.weather.noaa.gov
      at GetAddrInfoReqWrap.onlookupall [as oncomplete] (node:dns:122:26) {
    errno: -3008,
    code: 'ENOTFOUND',
    syscall: 'getaddrinfo',
    hostname: 'mapservices.weather.noaa.gov'
  }
}
[weather] Weather snapshot unavailable for 41.38278,-82.31500
[weather] NWS fetch failed for 41.75649,-80.94641 [TypeError: fetch failed] {
  [cause]: Error: getaddrinfo ENOTFOUND api.weather.gov
      at GetAddrInfoReqWrap.onlookupall [as oncomplete] (node:dns:122:26) {
    errno: -3008,
    code: 'ENOTFOUND',
    syscall: 'getaddrinfo',
    hostname: 'api.weather.gov'
  }
}
[weather] NOAA precip fetch failed for 41.75649,-80.94641 [TypeError: fetch failed] {
  [cause]: Error: getaddrinfo ENOTFOUND mapservices.weather.noaa.gov
      at GetAddrInfoReqWrap.onlookupall [as oncomplete] (node:dns:122:26) {
    errno: -3008,
    code: 'ENOTFOUND',
    syscall: 'getaddrinfo',
    hostname: 'mapservices.weather.noaa.gov'
  }
}
[weather] Weather snapshot unavailable for 41.75649,-80.94641
[weather] NWS fetch failed for 39.29155,-84.66180 [TypeError: fetch failed] {
  [cause]: Error: getaddrinfo ENOTFOUND api.weather.gov
      at GetAddrInfoReqWrap.onlookupall [as oncomplete] (node:dns:122:26) {
    errno: -3008,
    code: 'ENOTFOUND',
    syscall: 'getaddrinfo',
    hostname: 'api.weather.gov'
  }
}
[weather] NOAA precip fetch failed for 39.29155,-84.66180 [TypeError: fetch failed] {
  [cause]: Error: getaddrinfo ENOTFOUND mapservices.weather.noaa.gov
      at GetAddrInfoReqWrap.onlookupall [as oncomplete] (node:dns:122:26) {
    errno: -3008,
    code: 'ENOTFOUND',
    syscall: 'getaddrinfo',
    hostname: 'mapservices.weather.noaa.gov'
  }
}
[weather] Weather snapshot unavailable for 39.29155,-84.66180
[weather] NWS fetch failed for 40.72742,-80.61139 [TypeError: fetch failed] {
  [cause]: Error: getaddrinfo ENOTFOUND api.weather.gov
      at GetAddrInfoReqWrap.onlookupall [as oncomplete] (node:dns:122:26) {
    errno: -3008,
    code: 'ENOTFOUND',
    syscall: 'getaddrinfo',
    hostname: 'api.weather.gov'
  }
}
[weather] NOAA precip fetch failed for 40.72742,-80.61139 [TypeError: fetch failed] {
  [cause]: Error: getaddrinfo ENOTFOUND mapservices.weather.noaa.gov
      at GetAddrInfoReqWrap.onlookupall [as oncomplete] (node:dns:122:26) {
    errno: -3008,
    code: 'ENOTFOUND',
    syscall: 'getaddrinfo',
    hostname: 'mapservices.weather.noaa.gov'
  }
}
[weather] Weather snapshot unavailable for 40.72742,-80.61139
[weather] NWS fetch failed for 40.70470,-80.58523 [TypeError: fetch failed] {
  [cause]: Error: getaddrinfo ENOTFOUND api.weather.gov
      at GetAddrInfoReqWrap.onlookupall [as oncomplete] (node:dns:122:26) {
    errno: -3008,
    code: 'ENOTFOUND',
    syscall: 'getaddrinfo',
    hostname: 'api.weather.gov'
  }
}
[weather] NOAA precip fetch failed for 40.70470,-80.58523 [TypeError: fetch failed] {
  [cause]: Error: getaddrinfo ENOTFOUND mapservices.weather.noaa.gov
      at GetAddrInfoReqWrap.onlookupall [as oncomplete] (node:dns:122:26) {
    errno: -3008,
    code: 'ENOTFOUND',
    syscall: 'getaddrinfo',
    hostname: 'mapservices.weather.noaa.gov'
  }
}
[weather] Weather snapshot unavailable for 40.70470,-80.58523
[weather] NWS fetch failed for 39.20997,-84.30608 [TypeError: fetch failed] {
  [cause]: Error: getaddrinfo ENOTFOUND api.weather.gov
      at GetAddrInfoReqWrap.onlookupall [as oncomplete] (node:dns:122:26) {
    errno: -3008,
    code: 'ENOTFOUND',
    syscall: 'getaddrinfo',
    hostname: 'api.weather.gov'
  }
}
[weather] NOAA precip fetch failed for 39.20997,-84.30608 [TypeError: fetch failed] {
  [cause]: Error: getaddrinfo ENOTFOUND mapservices.weather.noaa.gov
      at GetAddrInfoReqWrap.onlookupall [as oncomplete] (node:dns:122:26) {
    errno: -3008,
    code: 'ENOTFOUND',
    syscall: 'getaddrinfo',
    hostname: 'mapservices.weather.noaa.gov'
  }
}
[weather] Weather snapshot unavailable for 39.20997,-84.30608
[weather] NWS fetch failed for 39.05190,-84.05040 [TypeError: fetch failed] {
  [cause]: Error: getaddrinfo ENOTFOUND api.weather.gov
      at GetAddrInfoReqWrap.onlookupall [as oncomplete] (node:dns:122:26) {
    errno: -3008,
    code: 'ENOTFOUND',
    syscall: 'getaddrinfo',
    hostname: 'api.weather.gov'
  }
}
[weather] NOAA precip fetch failed for 39.05190,-84.05040 [TypeError: fetch failed] {
  [cause]: Error: getaddrinfo ENOTFOUND mapservices.weather.noaa.gov
      at GetAddrInfoReqWrap.onlookupall [as oncomplete] (node:dns:122:26) {
    errno: -3008,
    code: 'ENOTFOUND',
    syscall: 'getaddrinfo',
    hostname: 'mapservices.weather.noaa.gov'
  }
}
[weather] Weather snapshot unavailable for 39.05190,-84.05040
[weather] NWS fetch failed for 41.24280,-81.55067 [TypeError: fetch failed] {
  [cause]: Error: getaddrinfo ENOTFOUND api.weather.gov
      at GetAddrInfoReqWrap.onlookupall [as oncomplete] (node:dns:122:26) {
    errno: -3008,
    code: 'ENOTFOUND',
    syscall: 'getaddrinfo',
    hostname: 'api.weather.gov'
  }
}
[weather] NOAA precip fetch failed for 41.24280,-81.55067 [TypeError: fetch failed] {
  [cause]: Error: getaddrinfo ENOTFOUND mapservices.weather.noaa.gov
      at GetAddrInfoReqWrap.onlookupall [as oncomplete] (node:dns:122:26) {
    errno: -3008,
    code: 'ENOTFOUND',
    syscall: 'getaddrinfo',
    hostname: 'mapservices.weather.noaa.gov'
  }
}
[weather] Weather snapshot unavailable for 41.24280,-81.55067
[weather] NWS fetch failed for 43.94218,-90.80271 [TypeError: fetch failed] {
  [cause]: Error: getaddrinfo ENOTFOUND api.weather.gov
      at GetAddrInfoReqWrap.onlookupall [as oncomplete] (node:dns:122:26) {
    errno: -3008,
    code: 'ENOTFOUND',
    syscall: 'getaddrinfo',
    hostname: 'api.weather.gov'
  }
}
[weather] NOAA precip fetch failed for 43.94218,-90.80271 [TypeError: fetch failed] {
  [cause]: Error: getaddrinfo ENOTFOUND mapservices.weather.noaa.gov
      at GetAddrInfoReqWrap.onlookupall [as oncomplete] (node:dns:122:26) {
    errno: -3008,
    code: 'ENOTFOUND',
    syscall: 'getaddrinfo',
    hostname: 'mapservices.weather.noaa.gov'
  }
}
[weather] Weather snapshot unavailable for 43.94218,-90.80271
[weather] NWS fetch failed for 43.89123,-91.11641 [TypeError: fetch failed] {
  [cause]: Error: getaddrinfo ENOTFOUND api.weather.gov
      at GetAddrInfoReqWrap.onlookupall [as oncomplete] (node:dns:122:26) {
    errno: -3008,
    code: 'ENOTFOUND',
    syscall: 'getaddrinfo',
    hostname: 'api.weather.gov'
  }
}
[weather] NOAA precip fetch failed for 43.89123,-91.11641 [TypeError: fetch failed] {
  [cause]: Error: getaddrinfo ENOTFOUND mapservices.weather.noaa.gov
      at GetAddrInfoReqWrap.onlookupall [as oncomplete] (node:dns:122:26) {
    errno: -3008,
    code: 'ENOTFOUND',
    syscall: 'getaddrinfo',
    hostname: 'mapservices.weather.noaa.gov'
  }
}
[weather] Weather snapshot unavailable for 43.89123,-91.11641
[weather] NWS fetch failed for 44.10864,-90.99646 [TypeError: fetch failed] {
  [cause]: Error: getaddrinfo ENOTFOUND api.weather.gov
      at GetAddrInfoReqWrap.onlookupall [as oncomplete] (node:dns:122:26) {
    errno: -3008,
    code: 'ENOTFOUND',
    syscall: 'getaddrinfo',
    hostname: 'api.weather.gov'
  }
}
[weather] NOAA precip fetch failed for 44.10864,-90.99646 [TypeError: fetch failed] {
  [cause]: Error: getaddrinfo ENOTFOUND mapservices.weather.noaa.gov
      at GetAddrInfoReqWrap.onlookupall [as oncomplete] (node:dns:122:26) {
    errno: -3008,
    code: 'ENOTFOUND',
    syscall: 'getaddrinfo',
    hostname: 'mapservices.weather.noaa.gov'
  }
}
[weather] Weather snapshot unavailable for 44.10864,-90.99646
[weather] NWS fetch failed for 45.98767,-88.65238 [TypeError: fetch failed] {
  [cause]: Error: getaddrinfo ENOTFOUND api.weather.gov
      at GetAddrInfoReqWrap.onlookupall [as oncomplete] (node:dns:122:26) {
    errno: -3008,
    code: 'ENOTFOUND',
    syscall: 'getaddrinfo',
    hostname: 'api.weather.gov'
  }
}
[weather] NOAA precip fetch failed for 45.98767,-88.65238 [TypeError: fetch failed] {
  [cause]: Error: getaddrinfo ENOTFOUND mapservices.weather.noaa.gov
      at GetAddrInfoReqWrap.onlookupall [as oncomplete] (node:dns:122:26) {
    errno: -3008,
    code: 'ENOTFOUND',
    syscall: 'getaddrinfo',
    hostname: 'mapservices.weather.noaa.gov'
  }
}
[weather] Weather snapshot unavailable for 45.98767,-88.65238
[weather] NWS fetch failed for 45.49576,-87.98712 [TypeError: fetch failed] {
  [cause]: Error: getaddrinfo ENOTFOUND api.weather.gov
      at GetAddrInfoReqWrap.onlookupall [as oncomplete] (node:dns:122:26) {
    errno: -3008,
    code: 'ENOTFOUND',
    syscall: 'getaddrinfo',
    hostname: 'api.weather.gov'
  }
}
[weather] NOAA precip fetch failed for 45.49576,-87.98712 [TypeError: fetch failed] {
  [cause]: Error: getaddrinfo ENOTFOUND mapservices.weather.noaa.gov
      at GetAddrInfoReqWrap.onlookupall [as oncomplete] (node:dns:122:26) {
    errno: -3008,
    code: 'ENOTFOUND',
    syscall: 'getaddrinfo',
    hostname: 'mapservices.weather.noaa.gov'
  }
}
[weather] Weather snapshot unavailable for 45.49576,-87.98712
[weather] NWS fetch failed for 45.47494,-87.87593 [TypeError: fetch failed] {
  [cause]: Error: getaddrinfo ENOTFOUND api.weather.gov
      at GetAddrInfoReqWrap.onlookupall [as oncomplete] (node:dns:122:26) {
    errno: -3008,
    code: 'ENOTFOUND',
    syscall: 'getaddrinfo',
    hostname: 'api.weather.gov'
  }
}
[weather] NOAA precip fetch failed for 45.47494,-87.87593 [TypeError: fetch failed] {
  [cause]: Error: getaddrinfo ENOTFOUND mapservices.weather.noaa.gov
      at GetAddrInfoReqWrap.onlookupall [as oncomplete] (node:dns:122:26) {
    errno: -3008,
    code: 'ENOTFOUND',
    syscall: 'getaddrinfo',
    hostname: 'mapservices.weather.noaa.gov'
  }
}
[weather] Weather snapshot unavailable for 45.47494,-87.87593
[weather] NWS fetch failed for 45.76630,-88.60577 [TypeError: fetch failed] {
  [cause]: Error: getaddrinfo ENOTFOUND api.weather.gov
      at GetAddrInfoReqWrap.onlookupall [as oncomplete] (node:dns:122:26) {
    errno: -3008,
    code: 'ENOTFOUND',
    syscall: 'getaddrinfo',
    hostname: 'api.weather.gov'
  }
}
[weather] NOAA precip fetch failed for 45.76630,-88.60577 [TypeError: fetch failed] {
  [cause]: Error: getaddrinfo ENOTFOUND mapservices.weather.noaa.gov
      at GetAddrInfoReqWrap.onlookupall [as oncomplete] (node:dns:122:26) {
    errno: -3008,
    code: 'ENOTFOUND',
    syscall: 'getaddrinfo',
    hostname: 'mapservices.weather.noaa.gov'
  }
}
[weather] Weather snapshot unavailable for 45.76630,-88.60577
[weather] NWS fetch failed for 45.76361,-88.46361 [TypeError: fetch failed] {
  [cause]: Error: getaddrinfo ENOTFOUND api.weather.gov
      at GetAddrInfoReqWrap.onlookupall [as oncomplete] (node:dns:122:26) {
    errno: -3008,
    code: 'ENOTFOUND',
    syscall: 'getaddrinfo',
    hostname: 'api.weather.gov'
  }
}
[weather] NOAA precip fetch failed for 45.76361,-88.46361 [TypeError: fetch failed] {
  [cause]: Error: getaddrinfo ENOTFOUND mapservices.weather.noaa.gov
      at GetAddrInfoReqWrap.onlookupall [as oncomplete] (node:dns:122:26) {
    errno: -3008,
    code: 'ENOTFOUND',
    syscall: 'getaddrinfo',
    hostname: 'mapservices.weather.noaa.gov'
  }
}
[weather] Weather snapshot unavailable for 45.76361,-88.46361
[weather] NWS fetch failed for 45.83711,-88.22522 [TypeError: fetch failed] {
  [cause]: Error: getaddrinfo ENOTFOUND api.weather.gov
      at GetAddrInfoReqWrap.onlookupall [as oncomplete] (node:dns:122:26) {
    errno: -3008,
    code: 'ENOTFOUND',
    syscall: 'getaddrinfo',
    hostname: 'api.weather.gov'
  }
}
[weather] NOAA precip fetch failed for 45.83711,-88.22522 [TypeError: fetch failed] {
  [cause]: Error: getaddrinfo ENOTFOUND mapservices.weather.noaa.gov
      at GetAddrInfoReqWrap.onlookupall [as oncomplete] (node:dns:122:26) {
    errno: -3008,
    code: 'ENOTFOUND',
    syscall: 'getaddrinfo',
    hostname: 'mapservices.weather.noaa.gov'
  }
}
[weather] Weather snapshot unavailable for 45.83711,-88.22522
[weather] NWS fetch failed for 45.90880,-88.82130 [TypeError: fetch failed] {
  [cause]: Error: getaddrinfo ENOTFOUND api.weather.gov
      at GetAddrInfoReqWrap.onlookupall [as oncomplete] (node:dns:122:26) {
    errno: -3008,
    code: 'ENOTFOUND',
    syscall: 'getaddrinfo',
    hostname: 'api.weather.gov'
  }
}
[weather] NOAA precip fetch failed for 45.90880,-88.82130 [TypeError: fetch failed] {
  [cause]: Error: getaddrinfo ENOTFOUND mapservices.weather.noaa.gov
      at GetAddrInfoReqWrap.onlookupall [as oncomplete] (node:dns:122:26) {
    errno: -3008,
    code: 'ENOTFOUND',
    syscall: 'getaddrinfo',
    hostname: 'mapservices.weather.noaa.gov'
  }
}
[weather] Weather snapshot unavailable for 45.90880,-88.82130
[weather] NWS fetch failed for 45.87403,-88.68587 [TypeError: fetch failed] {
  [cause]: Error: getaddrinfo ENOTFOUND api.weather.gov
      at GetAddrInfoReqWrap.onlookupall [as oncomplete] (node:dns:122:26) {
    errno: -3008,
    code: 'ENOTFOUND',
    syscall: 'getaddrinfo',
    hostname: 'api.weather.gov'
  }
}
[weather] NOAA precip fetch failed for 45.87403,-88.68587 [TypeError: fetch failed] {
  [cause]: Error: getaddrinfo ENOTFOUND mapservices.weather.noaa.gov
      at GetAddrInfoReqWrap.onlookupall [as oncomplete] (node:dns:122:26) {
    errno: -3008,
    code: 'ENOTFOUND',
    syscall: 'getaddrinfo',
    hostname: 'mapservices.weather.noaa.gov'
  }
}
[weather] Weather snapshot unavailable for 45.87403,-88.68587
[weather] NWS fetch failed for 45.89334,-88.55771 [TypeError: fetch failed] {
  [cause]: Error: getaddrinfo ENOTFOUND api.weather.gov
      at GetAddrInfoReqWrap.onlookupall [as oncomplete] (node:dns:122:26) {
    errno: -3008,
    code: 'ENOTFOUND',
    syscall: 'getaddrinfo',
    hostname: 'api.weather.gov'
  }
}
[weather] NOAA precip fetch failed for 45.89334,-88.55771 [TypeError: fetch failed] {
  [cause]: Error: getaddrinfo ENOTFOUND mapservices.weather.noaa.gov
      at GetAddrInfoReqWrap.onlookupall [as oncomplete] (node:dns:122:26) {
    errno: -3008,
    code: 'ENOTFOUND',
    syscall: 'getaddrinfo',
    hostname: 'mapservices.weather.noaa.gov'
  }
}
[weather] Weather snapshot unavailable for 45.89334,-88.55771
[weather] NWS fetch failed for 45.77032,-87.98863 [TypeError: fetch failed] {
  [cause]: Error: getaddrinfo ENOTFOUND api.weather.gov
      at GetAddrInfoReqWrap.onlookupall [as oncomplete] (node:dns:122:26) {
    errno: -3008,
    code: 'ENOTFOUND',
    syscall: 'getaddrinfo',
    hostname: 'api.weather.gov'
  }
}
[weather] NOAA precip fetch failed for 45.77032,-87.98863 [TypeError: fetch failed] {
  [cause]: Error: getaddrinfo ENOTFOUND mapservices.weather.noaa.gov
      at GetAddrInfoReqWrap.onlookupall [as oncomplete] (node:dns:122:26) {
    errno: -3008,
    code: 'ENOTFOUND',
    syscall: 'getaddrinfo',
    hostname: 'mapservices.weather.noaa.gov'
  }
}
[weather] Weather snapshot unavailable for 45.77032,-87.98863
[weather] NWS fetch failed for 45.35405,-90.78860 [TypeError: fetch failed] {
  [cause]: Error: getaddrinfo ENOTFOUND api.weather.gov
      at GetAddrInfoReqWrap.onlookupall [as oncomplete] (node:dns:122:26) {
    errno: -3008,
    code: 'ENOTFOUND',
    syscall: 'getaddrinfo',
    hostname: 'api.weather.gov'
  }
}
[weather] NOAA precip fetch failed for 45.35405,-90.78860 [TypeError: fetch failed] {
  [cause]: Error: getaddrinfo ENOTFOUND mapservices.weather.noaa.gov
      at GetAddrInfoReqWrap.onlookupall [as oncomplete] (node:dns:122:26) {
    errno: -3008,
    code: 'ENOTFOUND',
    syscall: 'getaddrinfo',
    hostname: 'mapservices.weather.noaa.gov'
  }
}
[weather] Weather snapshot unavailable for 45.35405,-90.78860
[weather] NWS fetch failed for 45.37870,-90.53380 [TypeError: fetch failed] {
  [cause]: Error: getaddrinfo ENOTFOUND api.weather.gov
      at GetAddrInfoReqWrap.onlookupall [as oncomplete] (node:dns:122:26) {
    errno: -3008,
    code: 'ENOTFOUND',
    syscall: 'getaddrinfo',
    hostname: 'api.weather.gov'
  }
}
[weather] NOAA precip fetch failed for 45.37870,-90.53380 [TypeError: fetch failed] {
  [cause]: Error: getaddrinfo ENOTFOUND mapservices.weather.noaa.gov
      at GetAddrInfoReqWrap.onlookupall [as oncomplete] (node:dns:122:26) {
    errno: -3008,
    code: 'ENOTFOUND',
    syscall: 'getaddrinfo',
    hostname: 'mapservices.weather.noaa.gov'
  }
}
[weather] Weather snapshot unavailable for 45.37870,-90.53380
[weather] NWS fetch failed for 45.40000,-90.60300 [TypeError: fetch failed] {
  [cause]: Error: getaddrinfo ENOTFOUND api.weather.gov
      at GetAddrInfoReqWrap.onlookupall [as oncomplete] (node:dns:122:26) {
    errno: -3008,
    code: 'ENOTFOUND',
    syscall: 'getaddrinfo',
    hostname: 'api.weather.gov'
  }
}
[weather] NOAA precip fetch failed for 45.40000,-90.60300 [TypeError: fetch failed] {
  [cause]: Error: getaddrinfo ENOTFOUND mapservices.weather.noaa.gov
      at GetAddrInfoReqWrap.onlookupall [as oncomplete] (node:dns:122:26) {
    errno: -3008,
    code: 'ENOTFOUND',
    syscall: 'getaddrinfo',
    hostname: 'mapservices.weather.noaa.gov'
  }
}
[weather] Weather snapshot unavailable for 45.40000,-90.60300
[weather] NWS fetch failed for 45.00270,-91.72981 [TypeError: fetch failed] {
  [cause]: Error: getaddrinfo ENOTFOUND api.weather.gov
      at GetAddrInfoReqWrap.onlookupall [as oncomplete] (node:dns:122:26) {
    errno: -3008,
    code: 'ENOTFOUND',
    syscall: 'getaddrinfo',
    hostname: 'api.weather.gov'
  }
}
[weather] NOAA precip fetch failed for 45.00270,-91.72981 [TypeError: fetch failed] {
  [cause]: Error: getaddrinfo ENOTFOUND mapservices.weather.noaa.gov
      at GetAddrInfoReqWrap.onlookupall [as oncomplete] (node:dns:122:26) {
    errno: -3008,
    code: 'ENOTFOUND',
    syscall: 'getaddrinfo',
    hostname: 'mapservices.weather.noaa.gov'
  }
}
[weather] Weather snapshot unavailable for 45.00270,-91.72981
[weather] NWS fetch failed for 44.90469,-90.22263 [TypeError: fetch failed] {
  [cause]: Error: getaddrinfo ENOTFOUND api.weather.gov
      at GetAddrInfoReqWrap.onlookupall [as oncomplete] (node:dns:122:26) {
    errno: -3008,
    code: 'ENOTFOUND',
    syscall: 'getaddrinfo',
    hostname: 'api.weather.gov'
  }
}
[weather] NOAA precip fetch failed for 44.90469,-90.22263 [TypeError: fetch failed] {
  [cause]: Error: getaddrinfo ENOTFOUND mapservices.weather.noaa.gov
      at GetAddrInfoReqWrap.onlookupall [as oncomplete] (node:dns:122:26) {
    errno: -3008,
    code: 'ENOTFOUND',
    syscall: 'getaddrinfo',
    hostname: 'mapservices.weather.noaa.gov'
  }
}
[weather] Weather snapshot unavailable for 44.90469,-90.22263
[weather] NWS fetch failed for 42.16279,-90.89181 [TypeError: fetch failed] {
  [cause]: Error: getaddrinfo ENOTFOUND api.weather.gov
      at GetAddrInfoReqWrap.onlookupall [as oncomplete] (node:dns:122:26) {
    errno: -3008,
    code: 'ENOTFOUND',
    syscall: 'getaddrinfo',
    hostname: 'api.weather.gov'
  }
}
[weather] NOAA precip fetch failed for 42.16279,-90.89181 [TypeError: fetch failed] {
  [cause]: Error: getaddrinfo ENOTFOUND mapservices.weather.noaa.gov
      at GetAddrInfoReqWrap.onlookupall [as oncomplete] (node:dns:122:26) {
    errno: -3008,
    code: 'ENOTFOUND',
    syscall: 'getaddrinfo',
    hostname: 'mapservices.weather.noaa.gov'
  }
}
[weather] Weather snapshot unavailable for 42.16279,-90.89181
[weather] NWS fetch failed for 42.84288,-91.81917 [TypeError: fetch failed] {
  [cause]: Error: getaddrinfo ENOTFOUND api.weather.gov
      at GetAddrInfoReqWrap.onlookupall [as oncomplete] (node:dns:122:26) {
    errno: -3008,
    code: 'ENOTFOUND',
    syscall: 'getaddrinfo',
    hostname: 'api.weather.gov'
  }
}
[weather] NOAA precip fetch failed for 42.84288,-91.81917 [TypeError: fetch failed] {
  [cause]: Error: getaddrinfo ENOTFOUND mapservices.weather.noaa.gov
      at GetAddrInfoReqWrap.onlookupall [as oncomplete] (node:dns:122:26) {
    errno: -3008,
    code: 'ENOTFOUND',
    syscall: 'getaddrinfo',
    hostname: 'mapservices.weather.noaa.gov'
  }
}
[weather] Weather snapshot unavailable for 42.84288,-91.81917
[weather] NWS fetch failed for 42.78977,-91.44242 [TypeError: fetch failed] {
  [cause]: Error: getaddrinfo ENOTFOUND api.weather.gov
      at GetAddrInfoReqWrap.onlookupall [as oncomplete] (node:dns:122:26) {
    errno: -3008,
    code: 'ENOTFOUND',
    syscall: 'getaddrinfo',
    hostname: 'api.weather.gov'
  }
}
[weather] NOAA precip fetch failed for 42.78977,-91.44242 [TypeError: fetch failed] {
  [cause]: Error: getaddrinfo ENOTFOUND mapservices.weather.noaa.gov
      at GetAddrInfoReqWrap.onlookupall [as oncomplete] (node:dns:122:26) {
    errno: -3008,
    code: 'ENOTFOUND',
    syscall: 'getaddrinfo',
    hostname: 'mapservices.weather.noaa.gov'
  }
}
[weather] Weather snapshot unavailable for 42.78977,-91.44242
[weather] NWS fetch failed for 42.24512,-91.17077 [TypeError: fetch failed] {
  [cause]: Error: getaddrinfo ENOTFOUND api.weather.gov
      at GetAddrInfoReqWrap.onlookupall [as oncomplete] (node:dns:122:26) {
    errno: -3008,
    code: 'ENOTFOUND',
    syscall: 'getaddrinfo',
    hostname: 'api.weather.gov'
  }
}
[weather] NOAA precip fetch failed for 42.24512,-91.17077 [TypeError: fetch failed] {
  [cause]: Error: getaddrinfo ENOTFOUND mapservices.weather.noaa.gov
      at GetAddrInfoReqWrap.onlookupall [as oncomplete] (node:dns:122:26) {
    errno: -3008,
    code: 'ENOTFOUND',
    syscall: 'getaddrinfo',
    hostname: 'mapservices.weather.noaa.gov'
  }
}
[weather] Weather snapshot unavailable for 42.24512,-91.17077
[weather] NWS fetch failed for 42.57975,-91.54874 [TypeError: fetch failed] {
  [cause]: Error: getaddrinfo ENOTFOUND api.weather.gov
      at GetAddrInfoReqWrap.onlookupall [as oncomplete] (node:dns:122:26) {
    errno: -3008,
    code: 'ENOTFOUND',
    syscall: 'getaddrinfo',
    hostname: 'api.weather.gov'
  }
}
[weather] NOAA precip fetch failed for 42.57975,-91.54874 [TypeError: fetch failed] {
  [cause]: Error: getaddrinfo ENOTFOUND mapservices.weather.noaa.gov
      at GetAddrInfoReqWrap.onlookupall [as oncomplete] (node:dns:122:26) {
    errno: -3008,
    code: 'ENOTFOUND',
    syscall: 'getaddrinfo',
    hostname: 'mapservices.weather.noaa.gov'
  }
}
[weather] Weather snapshot unavailable for 42.57975,-91.54874
[weather] NWS fetch failed for 42.76373,-91.42188 [TypeError: fetch failed] {
  [cause]: Error: getaddrinfo ENOTFOUND api.weather.gov
      at GetAddrInfoReqWrap.onlookupall [as oncomplete] (node:dns:122:26) {
    errno: -3008,
    code: 'ENOTFOUND',
    syscall: 'getaddrinfo',
    hostname: 'api.weather.gov'
  }
}
[weather] NOAA precip fetch failed for 42.76373,-91.42188 [TypeError: fetch failed] {
  [cause]: Error: getaddrinfo ENOTFOUND mapservices.weather.noaa.gov
      at GetAddrInfoReqWrap.onlookupall [as oncomplete] (node:dns:122:26) {
    errno: -3008,
    code: 'ENOTFOUND',
    syscall: 'getaddrinfo',
    hostname: 'mapservices.weather.noaa.gov'
  }
}
[weather] Weather snapshot unavailable for 42.76373,-91.42188
[weather] NWS fetch failed for 42.91229,-91.48300 [TypeError: fetch failed] {
  [cause]: Error: getaddrinfo ENOTFOUND api.weather.gov
      at GetAddrInfoReqWrap.onlookupall [as oncomplete] (node:dns:122:26) {
    errno: -3008,
    code: 'ENOTFOUND',
    syscall: 'getaddrinfo',
    hostname: 'api.weather.gov'
  }
}
[weather] NOAA precip fetch failed for 42.91229,-91.48300 [TypeError: fetch failed] {
  [cause]: Error: getaddrinfo ENOTFOUND mapservices.weather.noaa.gov
      at GetAddrInfoReqWrap.onlookupall [as oncomplete] (node:dns:122:26) {
    errno: -3008,
    code: 'ENOTFOUND',
    syscall: 'getaddrinfo',
    hostname: 'mapservices.weather.noaa.gov'
  }
}
[weather] Weather snapshot unavailable for 42.91229,-91.48300
[weather] NWS fetch failed for 42.85336,-91.40240 [TypeError: fetch failed] {
  [cause]: Error: getaddrinfo ENOTFOUND api.weather.gov
      at GetAddrInfoReqWrap.onlookupall [as oncomplete] (node:dns:122:26) {
    errno: -3008,
    code: 'ENOTFOUND',
    syscall: 'getaddrinfo',
    hostname: 'api.weather.gov'
  }
}
[weather] NOAA precip fetch failed for 42.85336,-91.40240 [TypeError: fetch failed] {
  [cause]: Error: getaddrinfo ENOTFOUND mapservices.weather.noaa.gov
      at GetAddrInfoReqWrap.onlookupall [as oncomplete] (node:dns:122:26) {
    errno: -3008,
    code: 'ENOTFOUND',
    syscall: 'getaddrinfo',
    hostname: 'mapservices.weather.noaa.gov'
  }
}
[weather] Weather snapshot unavailable for 42.85336,-91.40240
[weather] NWS fetch failed for 42.95817,-91.62423 [TypeError: fetch failed] {
  [cause]: Error: getaddrinfo ENOTFOUND api.weather.gov
      at GetAddrInfoReqWrap.onlookupall [as oncomplete] (node:dns:122:26) {
    errno: -3008,
    code: 'ENOTFOUND',
    syscall: 'getaddrinfo',
    hostname: 'api.weather.gov'
  }
}
[weather] NOAA precip fetch failed for 42.95817,-91.62423 [TypeError: fetch failed] {
  [cause]: Error: getaddrinfo ENOTFOUND mapservices.weather.noaa.gov
      at GetAddrInfoReqWrap.onlookupall [as oncomplete] (node:dns:122:26) {
    errno: -3008,
    code: 'ENOTFOUND',
    syscall: 'getaddrinfo',
    hostname: 'mapservices.weather.noaa.gov'
  }
}
[weather] Weather snapshot unavailable for 42.95817,-91.62423
[weather] NWS fetch failed for 42.80692,-91.35124 [TypeError: fetch failed] {
  [cause]: Error: getaddrinfo ENOTFOUND api.weather.gov
      at GetAddrInfoReqWrap.onlookupall [as oncomplete] (node:dns:122:26) {
    errno: -3008,
    code: 'ENOTFOUND',
    syscall: 'getaddrinfo',
    hostname: 'api.weather.gov'
  }
}
[weather] NOAA precip fetch failed for 42.80692,-91.35124 [TypeError: fetch failed] {
  [cause]: Error: getaddrinfo ENOTFOUND mapservices.weather.noaa.gov
      at GetAddrInfoReqWrap.onlookupall [as oncomplete] (node:dns:122:26) {
    errno: -3008,
    code: 'ENOTFOUND',
    syscall: 'getaddrinfo',
    hostname: 'mapservices.weather.noaa.gov'
  }
}
[weather] Weather snapshot unavailable for 42.80692,-91.35124
[weather] NWS fetch failed for 42.74002,-91.26159 [TypeError: fetch failed] {
  [cause]: Error: getaddrinfo ENOTFOUND api.weather.gov
      at GetAddrInfoReqWrap.onlookupall [as oncomplete] (node:dns:122:26) {
    errno: -3008,
    code: 'ENOTFOUND',
    syscall: 'getaddrinfo',
    hostname: 'api.weather.gov'
  }
}
[weather] NOAA precip fetch failed for 42.74002,-91.26159 [TypeError: fetch failed] {
  [cause]: Error: getaddrinfo ENOTFOUND mapservices.weather.noaa.gov
      at GetAddrInfoReqWrap.onlookupall [as oncomplete] (node:dns:122:26) {
    errno: -3008,
    code: 'ENOTFOUND',
    syscall: 'getaddrinfo',
    hostname: 'mapservices.weather.noaa.gov'
  }
}
[weather] Weather snapshot unavailable for 42.74002,-91.26159
[weather] NWS fetch failed for 43.00794,-91.95597 [TypeError: fetch failed] {
  [cause]: Error: getaddrinfo ENOTFOUND api.weather.gov
      at GetAddrInfoReqWrap.onlookupall [as oncomplete] (node:dns:122:26) {
    errno: -3008,
    code: 'ENOTFOUND',
    syscall: 'getaddrinfo',
    hostname: 'api.weather.gov'
  }
}
[weather] NOAA precip fetch failed for 43.00794,-91.95597 [TypeError: fetch failed] {
  [cause]: Error: getaddrinfo ENOTFOUND mapservices.weather.noaa.gov
      at GetAddrInfoReqWrap.onlookupall [as oncomplete] (node:dns:122:26) {
    errno: -3008,
    code: 'ENOTFOUND',
    syscall: 'getaddrinfo',
    hostname: 'mapservices.weather.noaa.gov'
  }
}
[weather] Weather snapshot unavailable for 43.00794,-91.95597
[weather] NWS fetch failed for 42.29902,-91.01244 [TypeError: fetch failed] {
  [cause]: Error: getaddrinfo ENOTFOUND api.weather.gov
      at GetAddrInfoReqWrap.onlookupall [as oncomplete] (node:dns:122:26) {
    errno: -3008,
    code: 'ENOTFOUND',
    syscall: 'getaddrinfo',
    hostname: 'api.weather.gov'
  }
}
[weather] NOAA precip fetch failed for 42.29902,-91.01244 [TypeError: fetch failed] {
  [cause]: Error: getaddrinfo ENOTFOUND mapservices.weather.noaa.gov
      at GetAddrInfoReqWrap.onlookupall [as oncomplete] (node:dns:122:26) {
    errno: -3008,
    code: 'ENOTFOUND',
    syscall: 'getaddrinfo',
    hostname: 'mapservices.weather.noaa.gov'
  }
}
[weather] Weather snapshot unavailable for 42.29902,-91.01244
[weather] NWS fetch failed for 42.27778,-90.93710 [TypeError: fetch failed] {
  [cause]: Error: getaddrinfo ENOTFOUND api.weather.gov
      at GetAddrInfoReqWrap.onlookupall [as oncomplete] (node:dns:122:26) {
    errno: -3008,
    code: 'ENOTFOUND',
    syscall: 'getaddrinfo',
    hostname: 'api.weather.gov'
  }
}
[weather] NOAA precip fetch failed for 42.27778,-90.93710 [TypeError: fetch failed] {
  [cause]: Error: getaddrinfo ENOTFOUND mapservices.weather.noaa.gov
      at GetAddrInfoReqWrap.onlookupall [as oncomplete] (node:dns:122:26) {
    errno: -3008,
    code: 'ENOTFOUND',
    syscall: 'getaddrinfo',
    hostname: 'mapservices.weather.noaa.gov'
  }
}
[weather] Weather snapshot unavailable for 42.27778,-90.93710
[weather] NWS fetch failed for 42.19453,-90.87581 [TypeError: fetch failed] {
  [cause]: Error: getaddrinfo ENOTFOUND api.weather.gov
      at GetAddrInfoReqWrap.onlookupall [as oncomplete] (node:dns:122:26) {
    errno: -3008,
    code: 'ENOTFOUND',
    syscall: 'getaddrinfo',
    hostname: 'api.weather.gov'
  }
}
[weather] NOAA precip fetch failed for 42.19453,-90.87581 [TypeError: fetch failed] {
  [cause]: Error: getaddrinfo ENOTFOUND mapservices.weather.noaa.gov
      at GetAddrInfoReqWrap.onlookupall [as oncomplete] (node:dns:122:26) {
    errno: -3008,
    code: 'ENOTFOUND',
    syscall: 'getaddrinfo',
    hostname: 'mapservices.weather.noaa.gov'
  }
}
[weather] Weather snapshot unavailable for 42.19453,-90.87581
[weather] NWS fetch failed for 42.46775,-93.81189 [TypeError: fetch failed] {
  [cause]: Error: getaddrinfo ENOTFOUND api.weather.gov
      at GetAddrInfoReqWrap.onlookupall [as oncomplete] (node:dns:122:26) {
    errno: -3008,
    code: 'ENOTFOUND',
    syscall: 'getaddrinfo',
    hostname: 'api.weather.gov'
  }
}
[weather] NOAA precip fetch failed for 42.46775,-93.81189 [TypeError: fetch failed] {
  [cause]: Error: getaddrinfo ENOTFOUND mapservices.weather.noaa.gov
      at GetAddrInfoReqWrap.onlookupall [as oncomplete] (node:dns:122:26) {
    errno: -3008,
    code: 'ENOTFOUND',
    syscall: 'getaddrinfo',
    hostname: 'mapservices.weather.noaa.gov'
  }
}
[weather] Weather snapshot unavailable for 42.46775,-93.81189
[weather] NWS fetch failed for 42.42940,-93.82060 [TypeError: fetch failed] {
  [cause]: Error: getaddrinfo ENOTFOUND api.weather.gov
      at GetAddrInfoReqWrap.onlookupall [as oncomplete] (node:dns:122:26) {
    errno: -3008,
    code: 'ENOTFOUND',
    syscall: 'getaddrinfo',
    hostname: 'api.weather.gov'
  }
}
[weather] NOAA precip fetch failed for 42.42940,-93.82060 [TypeError: fetch failed] {
  [cause]: Error: getaddrinfo ENOTFOUND mapservices.weather.noaa.gov
      at GetAddrInfoReqWrap.onlookupall [as oncomplete] (node:dns:122:26) {
    errno: -3008,
    code: 'ENOTFOUND',
    syscall: 'getaddrinfo',
    hostname: 'mapservices.weather.noaa.gov'
  }
}
[weather] Weather snapshot unavailable for 42.42940,-93.82060
[weather] NWS fetch failed for 42.40540,-93.80990 [TypeError: fetch failed] {
  [cause]: Error: getaddrinfo ENOTFOUND api.weather.gov
      at GetAddrInfoReqWrap.onlookupall [as oncomplete] (node:dns:122:26) {
    errno: -3008,
    code: 'ENOTFOUND',
    syscall: 'getaddrinfo',
    hostname: 'api.weather.gov'
  }
}
[weather] NOAA precip fetch failed for 42.40540,-93.80990 [TypeError: fetch failed] {
  [cause]: Error: getaddrinfo ENOTFOUND mapservices.weather.noaa.gov
      at GetAddrInfoReqWrap.onlookupall [as oncomplete] (node:dns:122:26) {
    errno: -3008,
    code: 'ENOTFOUND',
    syscall: 'getaddrinfo',
    hostname: 'mapservices.weather.noaa.gov'
  }
}
[weather] Weather snapshot unavailable for 42.40540,-93.80990
[weather] NWS fetch failed for 42.35032,-93.84469 [TypeError: fetch failed] {
  [cause]: Error: getaddrinfo ENOTFOUND api.weather.gov
      at GetAddrInfoReqWrap.onlookupall [as oncomplete] (node:dns:122:26) {
    errno: -3008,
    code: 'ENOTFOUND',
    syscall: 'getaddrinfo',
    hostname: 'api.weather.gov'
  }
}
[weather] NOAA precip fetch failed for 42.35032,-93.84469 [TypeError: fetch failed] {
  [cause]: Error: getaddrinfo ENOTFOUND mapservices.weather.noaa.gov
      at GetAddrInfoReqWrap.onlookupall [as oncomplete] (node:dns:122:26) {
    errno: -3008,
    code: 'ENOTFOUND',
    syscall: 'getaddrinfo',
    hostname: 'mapservices.weather.noaa.gov'
  }
}
[weather] Weather snapshot unavailable for 42.35032,-93.84469
[weather] NWS fetch failed for 42.34040,-93.89200 [TypeError: fetch failed] {
  [cause]: Error: getaddrinfo ENOTFOUND api.weather.gov
      at GetAddrInfoReqWrap.onlookupall [as oncomplete] (node:dns:122:26) {
    errno: -3008,
    code: 'ENOTFOUND',
    syscall: 'getaddrinfo',
    hostname: 'api.weather.gov'
  }
}
[weather] NOAA precip fetch failed for 42.34040,-93.89200 [TypeError: fetch failed] {
  [cause]: Error: getaddrinfo ENOTFOUND mapservices.weather.noaa.gov
      at GetAddrInfoReqWrap.onlookupall [as oncomplete] (node:dns:122:26) {
    errno: -3008,
    code: 'ENOTFOUND',
    syscall: 'getaddrinfo',
    hostname: 'mapservices.weather.noaa.gov'
  }
}
[weather] Weather snapshot unavailable for 42.34040,-93.89200
[weather] NWS fetch failed for 43.25301,-92.81176 [TypeError: fetch failed] {
  [cause]: Error: getaddrinfo ENOTFOUND api.weather.gov
      at GetAddrInfoReqWrap.onlookupall [as oncomplete] (node:dns:122:26) {
    errno: -3008,
    code: 'ENOTFOUND',
    syscall: 'getaddrinfo',
    hostname: 'api.weather.gov'
  }
}
[weather] NOAA precip fetch failed for 43.25301,-92.81176 [TypeError: fetch failed] {
  [cause]: Error: getaddrinfo ENOTFOUND mapservices.weather.noaa.gov
      at GetAddrInfoReqWrap.onlookupall [as oncomplete] (node:dns:122:26) {
    errno: -3008,
    code: 'ENOTFOUND',
    syscall: 'getaddrinfo',
    hostname: 'mapservices.weather.noaa.gov'
  }
}
[weather] Weather snapshot unavailable for 43.25301,-92.81176
[weather] NWS fetch failed for 43.16334,-92.75409 [TypeError: fetch failed] {
  [cause]: Error: getaddrinfo ENOTFOUND api.weather.gov
      at GetAddrInfoReqWrap.onlookupall [as oncomplete] (node:dns:122:26) {
    errno: -3008,
    code: 'ENOTFOUND',
    syscall: 'getaddrinfo',
    hostname: 'api.weather.gov'
  }
}
[weather] NOAA precip fetch failed for 43.16334,-92.75409 [TypeError: fetch failed] {
  [cause]: Error: getaddrinfo ENOTFOUND mapservices.weather.noaa.gov
      at GetAddrInfoReqWrap.onlookupall [as oncomplete] (node:dns:122:26) {
    errno: -3008,
    code: 'ENOTFOUND',
    syscall: 'getaddrinfo',
    hostname: 'mapservices.weather.noaa.gov'
  }
}
[weather] Weather snapshot unavailable for 43.16334,-92.75409
[weather] NWS fetch failed for 43.11643,-92.70654 [TypeError: fetch failed] {
  [cause]: Error: getaddrinfo ENOTFOUND api.weather.gov
      at GetAddrInfoReqWrap.onlookupall [as oncomplete] (node:dns:122:26) {
    errno: -3008,
    code: 'ENOTFOUND',
    syscall: 'getaddrinfo',
    hostname: 'api.weather.gov'
  }
}
[weather] NOAA precip fetch failed for 43.11643,-92.70654 [TypeError: fetch failed] {
  [cause]: Error: getaddrinfo ENOTFOUND mapservices.weather.noaa.gov
      at GetAddrInfoReqWrap.onlookupall [as oncomplete] (node:dns:122:26) {
    errno: -3008,
    code: 'ENOTFOUND',
    syscall: 'getaddrinfo',
    hostname: 'mapservices.weather.noaa.gov'
  }
}
[weather] Weather snapshot unavailable for 43.11643,-92.70654
[weather] NWS fetch failed for 43.06497,-92.67783 [TypeError: fetch failed] {
  [cause]: Error: getaddrinfo ENOTFOUND api.weather.gov
      at GetAddrInfoReqWrap.onlookupall [as oncomplete] (node:dns:122:26) {
    errno: -3008,
    code: 'ENOTFOUND',
    syscall: 'getaddrinfo',
    hostname: 'api.weather.gov'
  }
}
[weather] NOAA precip fetch failed for 43.06497,-92.67783 [TypeError: fetch failed] {
  [cause]: Error: getaddrinfo ENOTFOUND mapservices.weather.noaa.gov
      at GetAddrInfoReqWrap.onlookupall [as oncomplete] (node:dns:122:26) {
    errno: -3008,
    code: 'ENOTFOUND',
    syscall: 'getaddrinfo',
    hostname: 'mapservices.weather.noaa.gov'
  }
}
[weather] Weather snapshot unavailable for 43.06497,-92.67783
[weather] NWS fetch failed for 42.95638,-92.53543 [TypeError: fetch failed] {
  [cause]: Error: getaddrinfo ENOTFOUND api.weather.gov
      at GetAddrInfoReqWrap.onlookupall [as oncomplete] (node:dns:122:26) {
    errno: -3008,
    code: 'ENOTFOUND',
    syscall: 'getaddrinfo',
    hostname: 'api.weather.gov'
  }
}
[weather] NOAA precip fetch failed for 42.95638,-92.53543 [TypeError: fetch failed] {
  [cause]: Error: getaddrinfo ENOTFOUND mapservices.weather.noaa.gov
      at GetAddrInfoReqWrap.onlookupall [as oncomplete] (node:dns:122:26) {
    errno: -3008,
    code: 'ENOTFOUND',
    syscall: 'getaddrinfo',
    hostname: 'mapservices.weather.noaa.gov'
  }
}
[weather] Weather snapshot unavailable for 42.95638,-92.53543
[weather] NWS fetch failed for 42.91072,-92.54300 [TypeError: fetch failed] {
  [cause]: Error: getaddrinfo ENOTFOUND api.weather.gov
      at GetAddrInfoReqWrap.onlookupall [as oncomplete] (node:dns:122:26) {
    errno: -3008,
    code: 'ENOTFOUND',
    syscall: 'getaddrinfo',
    hostname: 'api.weather.gov'
  }
}
[weather] NOAA precip fetch failed for 42.91072,-92.54300 [TypeError: fetch failed] {
  [cause]: Error: getaddrinfo ENOTFOUND mapservices.weather.noaa.gov
      at GetAddrInfoReqWrap.onlookupall [as oncomplete] (node:dns:122:26) {
    errno: -3008,
    code: 'ENOTFOUND',
    syscall: 'getaddrinfo',
    hostname: 'mapservices.weather.noaa.gov'
  }
}
[weather] Weather snapshot unavailable for 42.91072,-92.54300
[weather] NWS fetch failed for 42.84952,-92.52265 [TypeError: fetch failed] {
  [cause]: Error: getaddrinfo ENOTFOUND api.weather.gov
      at GetAddrInfoReqWrap.onlookupall [as oncomplete] (node:dns:122:26) {
    errno: -3008,
    code: 'ENOTFOUND',
    syscall: 'getaddrinfo',
    hostname: 'api.weather.gov'
  }
}
[weather] NOAA precip fetch failed for 42.84952,-92.52265 [TypeError: fetch failed] {
  [cause]: Error: getaddrinfo ENOTFOUND mapservices.weather.noaa.gov
      at GetAddrInfoReqWrap.onlookupall [as oncomplete] (node:dns:122:26) {
    errno: -3008,
    code: 'ENOTFOUND',
    syscall: 'getaddrinfo',
    hostname: 'mapservices.weather.noaa.gov'
  }
}
[weather] Weather snapshot unavailable for 42.84952,-92.52265
[weather] NWS fetch failed for 42.76042,-92.49358 [TypeError: fetch failed] {
  [cause]: Error: getaddrinfo ENOTFOUND api.weather.gov
      at GetAddrInfoReqWrap.onlookupall [as oncomplete] (node:dns:122:26) {
    errno: -3008,
    code: 'ENOTFOUND',
    syscall: 'getaddrinfo',
    hostname: 'api.weather.gov'
  }
}
[weather] NOAA precip fetch failed for 42.76042,-92.49358 [TypeError: fetch failed] {
  [cause]: Error: getaddrinfo ENOTFOUND mapservices.weather.noaa.gov
      at GetAddrInfoReqWrap.onlookupall [as oncomplete] (node:dns:122:26) {
    errno: -3008,
    code: 'ENOTFOUND',
    syscall: 'getaddrinfo',
    hostname: 'mapservices.weather.noaa.gov'
  }
}
[weather] Weather snapshot unavailable for 42.76042,-92.49358
[weather] NWS fetch failed for 42.73722,-92.46979 [TypeError: fetch failed] {
  [cause]: Error: getaddrinfo ENOTFOUND api.weather.gov
      at GetAddrInfoReqWrap.onlookupall [as oncomplete] (node:dns:122:26) {
    errno: -3008,
    code: 'ENOTFOUND',
    syscall: 'getaddrinfo',
    hostname: 'api.weather.gov'
  }
}
[weather] NOAA precip fetch failed for 42.73722,-92.46979 [TypeError: fetch failed] {
  [cause]: Error: getaddrinfo ENOTFOUND mapservices.weather.noaa.gov
      at GetAddrInfoReqWrap.onlookupall [as oncomplete] (node:dns:122:26) {
    errno: -3008,
    code: 'ENOTFOUND',
    syscall: 'getaddrinfo',
    hostname: 'mapservices.weather.noaa.gov'
  }
}
[weather] Weather snapshot unavailable for 42.73722,-92.46979
[weather] NWS fetch failed for 42.72660,-92.47203 [TypeError: fetch failed] {
  [cause]: Error: getaddrinfo ENOTFOUND api.weather.gov
      at GetAddrInfoReqWrap.onlookupall [as oncomplete] (node:dns:122:26) {
    errno: -3008,
    code: 'ENOTFOUND',
    syscall: 'getaddrinfo',
    hostname: 'api.weather.gov'
  }
}
[weather] NOAA precip fetch failed for 42.72660,-92.47203 [TypeError: fetch failed] {
  [cause]: Error: getaddrinfo ENOTFOUND mapservices.weather.noaa.gov
      at GetAddrInfoReqWrap.onlookupall [as oncomplete] (node:dns:122:26) {
    errno: -3008,
    code: 'ENOTFOUND',
    syscall: 'getaddrinfo',
    hostname: 'mapservices.weather.noaa.gov'
  }
}
[weather] Weather snapshot unavailable for 42.72660,-92.47203
[weather] NWS fetch failed for 43.13022,-91.37586 [TypeError: fetch failed] {
  [cause]: Error: getaddrinfo ENOTFOUND api.weather.gov
      at GetAddrInfoReqWrap.onlookupall [as oncomplete] (node:dns:122:26) {
    errno: -3008,
    code: 'ENOTFOUND',
    syscall: 'getaddrinfo',
    hostname: 'api.weather.gov'
  }
}
[weather] NOAA precip fetch failed for 43.13022,-91.37586 [TypeError: fetch failed] {
  [cause]: Error: getaddrinfo ENOTFOUND mapservices.weather.noaa.gov
      at GetAddrInfoReqWrap.onlookupall [as oncomplete] (node:dns:122:26) {
    errno: -3008,
    code: 'ENOTFOUND',
    syscall: 'getaddrinfo',
    hostname: 'mapservices.weather.noaa.gov'
  }
}
[weather] Weather snapshot unavailable for 43.13022,-91.37586
[weather] NWS fetch failed for 43.12776,-91.31402 [TypeError: fetch failed] {
  [cause]: Error: getaddrinfo ENOTFOUND api.weather.gov
      at GetAddrInfoReqWrap.onlookupall [as oncomplete] (node:dns:122:26) {
    errno: -3008,
    code: 'ENOTFOUND',
    syscall: 'getaddrinfo',
    hostname: 'api.weather.gov'
  }
}
[weather] NOAA precip fetch failed for 43.12776,-91.31402 [TypeError: fetch failed] {
  [cause]: Error: getaddrinfo ENOTFOUND mapservices.weather.noaa.gov
      at GetAddrInfoReqWrap.onlookupall [as oncomplete] (node:dns:122:26) {
    errno: -3008,
    code: 'ENOTFOUND',
    syscall: 'getaddrinfo',
    hostname: 'mapservices.weather.noaa.gov'
  }
}
[weather] Weather snapshot unavailable for 43.12776,-91.31402
[weather] NWS fetch failed for 42.61133,-88.78042 [TypeError: fetch failed] {
  [cause]: Error: getaddrinfo ENOTFOUND api.weather.gov
      at GetAddrInfoReqWrap.onlookupall [as oncomplete] (node:dns:122:26) {
    errno: -3008,
    code: 'ENOTFOUND',
    syscall: 'getaddrinfo',
    hostname: 'api.weather.gov'
  }
}
[weather] NOAA precip fetch failed for 42.61133,-88.78042 [TypeError: fetch failed] {
  [cause]: Error: getaddrinfo ENOTFOUND mapservices.weather.noaa.gov
      at GetAddrInfoReqWrap.onlookupall [as oncomplete] (node:dns:122:26) {
    errno: -3008,
    code: 'ENOTFOUND',
    syscall: 'getaddrinfo',
    hostname: 'mapservices.weather.noaa.gov'
  }
}
[weather] Weather snapshot unavailable for 42.61133,-88.78042
[weather] NWS fetch failed for 42.48214,-91.45842 [TypeError: fetch failed] {
  [cause]: Error: getaddrinfo ENOTFOUND api.weather.gov
      at GetAddrInfoReqWrap.onlookupall [as oncomplete] (node:dns:122:26) {
    errno: -3008,
    code: 'ENOTFOUND',
    syscall: 'getaddrinfo',
    hostname: 'api.weather.gov'
  }
}
[weather] NOAA precip fetch failed for 42.48214,-91.45842 [TypeError: fetch failed] {
  [cause]: Error: getaddrinfo ENOTFOUND mapservices.weather.noaa.gov
      at GetAddrInfoReqWrap.onlookupall [as oncomplete] (node:dns:122:26) {
    errno: -3008,
    code: 'ENOTFOUND',
    syscall: 'getaddrinfo',
    hostname: 'mapservices.weather.noaa.gov'
  }
}
[weather] Weather snapshot unavailable for 42.48214,-91.45842
[weather] NWS fetch failed for 38.94999,-95.09963 [TypeError: fetch failed] {
  [cause]: Error: getaddrinfo ENOTFOUND api.weather.gov
      at GetAddrInfoReqWrap.onlookupall [as oncomplete] (node:dns:122:26) {
    errno: -3008,
    code: 'ENOTFOUND',
    syscall: 'getaddrinfo',
    hostname: 'api.weather.gov'
  }
}
[weather] NOAA precip fetch failed for 38.94999,-95.09963 [TypeError: fetch failed] {
  [cause]: Error: getaddrinfo ENOTFOUND mapservices.weather.noaa.gov
      at GetAddrInfoReqWrap.onlookupall [as oncomplete] (node:dns:122:26) {
    errno: -3008,
    code: 'ENOTFOUND',
    syscall: 'getaddrinfo',
    hostname: 'mapservices.weather.noaa.gov'
  }
}
[weather] Weather snapshot unavailable for 38.94999,-95.09963
[weather] NWS fetch failed for 39.10503,-96.69633 [TypeError: fetch failed] {
  [cause]: Error: getaddrinfo ENOTFOUND api.weather.gov
      at GetAddrInfoReqWrap.onlookupall [as oncomplete] (node:dns:122:26) {
    errno: -3008,
    code: 'ENOTFOUND',
    syscall: 'getaddrinfo',
    hostname: 'api.weather.gov'
  }
}
[weather] NOAA precip fetch failed for 39.10503,-96.69633 [TypeError: fetch failed] {
  [cause]: Error: getaddrinfo ENOTFOUND mapservices.weather.noaa.gov
      at GetAddrInfoReqWrap.onlookupall [as oncomplete] (node:dns:122:26) {
    errno: -3008,
    code: 'ENOTFOUND',
    syscall: 'getaddrinfo',
    hostname: 'mapservices.weather.noaa.gov'
  }
}
[weather] Weather snapshot unavailable for 39.10503,-96.69633
[weather] NWS fetch failed for 39.07421,-95.71637 [TypeError: fetch failed] {
  [cause]: Error: getaddrinfo ENOTFOUND api.weather.gov
      at GetAddrInfoReqWrap.onlookupall [as oncomplete] (node:dns:122:26) {
    errno: -3008,
    code: 'ENOTFOUND',
    syscall: 'getaddrinfo',
    hostname: 'api.weather.gov'
  }
}
[weather] NOAA precip fetch failed for 39.07421,-95.71637 [TypeError: fetch failed] {
  [cause]: Error: getaddrinfo ENOTFOUND mapservices.weather.noaa.gov
      at GetAddrInfoReqWrap.onlookupall [as oncomplete] (node:dns:122:26) {
    errno: -3008,
    code: 'ENOTFOUND',
    syscall: 'getaddrinfo',
    hostname: 'mapservices.weather.noaa.gov'
  }
}
[weather] Weather snapshot unavailable for 39.07421,-95.71637
[weather] NWS fetch failed for 37.42238,-91.60830 [TypeError: fetch failed] {
  [cause]: Error: getaddrinfo ENOTFOUND api.weather.gov
      at GetAddrInfoReqWrap.onlookupall [as oncomplete] (node:dns:122:26) {
    errno: -3008,
    code: 'ENOTFOUND',
    syscall: 'getaddrinfo',
    hostname: 'api.weather.gov'
  }
}
[weather] NOAA precip fetch failed for 37.42238,-91.60830 [TypeError: fetch failed] {
  [cause]: Error: getaddrinfo ENOTFOUND mapservices.weather.noaa.gov
      at GetAddrInfoReqWrap.onlookupall [as oncomplete] (node:dns:122:26) {
    errno: -3008,
    code: 'ENOTFOUND',
    syscall: 'getaddrinfo',
    hostname: 'mapservices.weather.noaa.gov'
  }
}
[weather] Weather snapshot unavailable for 37.42238,-91.60830
[weather] NWS fetch failed for 37.37591,-91.55148 [TypeError: fetch failed] {
  [cause]: Error: getaddrinfo ENOTFOUND api.weather.gov
      at GetAddrInfoReqWrap.onlookupall [as oncomplete] (node:dns:122:26) {
    errno: -3008,
    code: 'ENOTFOUND',
    syscall: 'getaddrinfo',
    hostname: 'api.weather.gov'
  }
}
[weather] NOAA precip fetch failed for 37.37591,-91.55148 [TypeError: fetch failed] {
  [cause]: Error: getaddrinfo ENOTFOUND mapservices.weather.noaa.gov
      at GetAddrInfoReqWrap.onlookupall [as oncomplete] (node:dns:122:26) {
    errno: -3008,
    code: 'ENOTFOUND',
    syscall: 'getaddrinfo',
    hostname: 'mapservices.weather.noaa.gov'
  }
}
[weather] Weather snapshot unavailable for 37.37591,-91.55148
[weather] NWS fetch failed for 37.05718,-91.66406 [TypeError: fetch failed] {
  [cause]: Error: getaddrinfo ENOTFOUND api.weather.gov
      at GetAddrInfoReqWrap.onlookupall [as oncomplete] (node:dns:122:26) {
    errno: -3008,
    code: 'ENOTFOUND',
    syscall: 'getaddrinfo',
    hostname: 'api.weather.gov'
  }
}
[weather] NOAA precip fetch failed for 37.05718,-91.66406 [TypeError: fetch failed] {
  [cause]: Error: getaddrinfo ENOTFOUND mapservices.weather.noaa.gov
      at GetAddrInfoReqWrap.onlookupall [as oncomplete] (node:dns:122:26) {
    errno: -3008,
    code: 'ENOTFOUND',
    syscall: 'getaddrinfo',
    hostname: 'mapservices.weather.noaa.gov'
  }
}
[weather] Weather snapshot unavailable for 37.05718,-91.66406
[weather] NWS fetch failed for 37.05450,-91.63820 [TypeError: fetch failed] {
  [cause]: Error: getaddrinfo ENOTFOUND api.weather.gov
      at GetAddrInfoReqWrap.onlookupall [as oncomplete] (node:dns:122:26) {
    errno: -3008,
    code: 'ENOTFOUND',
    syscall: 'getaddrinfo',
    hostname: 'api.weather.gov'
  }
}
[weather] NOAA precip fetch failed for 37.05450,-91.63820 [TypeError: fetch failed] {
  [cause]: Error: getaddrinfo ENOTFOUND mapservices.weather.noaa.gov
      at GetAddrInfoReqWrap.onlookupall [as oncomplete] (node:dns:122:26) {
    errno: -3008,
    code: 'ENOTFOUND',
    syscall: 'getaddrinfo',
    hostname: 'mapservices.weather.noaa.gov'
  }
}
[weather] Weather snapshot unavailable for 37.05450,-91.63820
[weather] NWS fetch failed for 37.06139,-91.55912 [TypeError: fetch failed] {
  [cause]: Error: getaddrinfo ENOTFOUND api.weather.gov
      at GetAddrInfoReqWrap.onlookupall [as oncomplete] (node:dns:122:26) {
    errno: -3008,
    code: 'ENOTFOUND',
    syscall: 'getaddrinfo',
    hostname: 'api.weather.gov'
  }
}
[weather] NOAA precip fetch failed for 37.06139,-91.55912 [TypeError: fetch failed] {
  [cause]: Error: getaddrinfo ENOTFOUND mapservices.weather.noaa.gov
      at GetAddrInfoReqWrap.onlookupall [as oncomplete] (node:dns:122:26) {
    errno: -3008,
    code: 'ENOTFOUND',
    syscall: 'getaddrinfo',
    hostname: 'mapservices.weather.noaa.gov'
  }
}
[weather] Weather snapshot unavailable for 37.06139,-91.55912
[weather] NWS fetch failed for 37.12310,-91.50180 [DOMException [AbortError]: This operation was aborted]
[weather] NOAA precip fetch failed for 37.12310,-91.50180 [DOMException [AbortError]: This operation was aborted]
[weather] Weather snapshot unavailable for 37.12310,-91.50180
[weather] NWS fetch failed for 37.14798,-91.44491 [DOMException [AbortError]: This operation was aborted]
[weather] NOAA precip fetch failed for 37.14798,-91.44491 [DOMException [AbortError]: This operation was aborted]
[weather] Weather snapshot unavailable for 37.14798,-91.44491
[weather] NWS fetch failed for 37.05430,-91.05546 [DOMException [AbortError]: This operation was aborted]
[weather] NOAA precip fetch failed for 37.05430,-91.05546 [DOMException [AbortError]: This operation was aborted]
[weather] Weather snapshot unavailable for 37.05430,-91.05546
[weather] NWS fetch failed for 36.99390,-91.01400 [DOMException [AbortError]: This operation was aborted]
[weather] NOAA precip fetch failed for 36.99390,-91.01400 [DOMException [AbortError]: This operation was aborted]
[weather] Weather snapshot unavailable for 36.99390,-91.01400
[weather] NWS fetch failed for 36.94755,-90.99013 [DOMException [AbortError]: This operation was aborted]
[weather] NOAA precip fetch failed for 36.94755,-90.99013 [DOMException [AbortError]: This operation was aborted]
[weather] Weather snapshot unavailable for 36.94755,-90.99013
[weather] NWS fetch failed for 36.89644,-90.90735 [DOMException [AbortError]: This operation was aborted]
[weather] NOAA precip fetch failed for 36.89644,-90.90735 [DOMException [AbortError]: This operation was aborted]
[weather] Weather snapshot unavailable for 36.89644,-90.90735
[weather] NWS fetch failed for 36.78548,-91.52806 [TypeError: fetch failed] {
  [cause]: Error: getaddrinfo ENOTFOUND api.weather.gov
      at GetAddrInfoReqWrap.onlookupall [as oncomplete] (node:dns:122:26) {
    errno: -3008,
    code: 'ENOTFOUND',
    syscall: 'getaddrinfo',
    hostname: 'api.weather.gov'
  }
}
[weather] NOAA precip fetch failed for 36.78548,-91.52806 [TypeError: fetch failed] {
  [cause]: Error: getaddrinfo ENOTFOUND mapservices.weather.noaa.gov
      at GetAddrInfoReqWrap.onlookupall [as oncomplete] (node:dns:122:26) {
    errno: -3008,
    code: 'ENOTFOUND',
    syscall: 'getaddrinfo',
    hostname: 'mapservices.weather.noaa.gov'
  }
}
[weather] Weather snapshot unavailable for 36.78548,-91.52806
[weather] NWS fetch failed for 36.79625,-91.40568 [TypeError: fetch failed] {
  [cause]: Error: getaddrinfo ENOTFOUND api.weather.gov
      at GetAddrInfoReqWrap.onlookupall [as oncomplete] (node:dns:122:26) {
    errno: -3008,
    code: 'ENOTFOUND',
    syscall: 'getaddrinfo',
    hostname: 'api.weather.gov'
  }
}
[weather] NOAA precip fetch failed for 36.79625,-91.40568 [TypeError: fetch failed] {
  [cause]: Error: getaddrinfo ENOTFOUND mapservices.weather.noaa.gov
      at GetAddrInfoReqWrap.onlookupall [as oncomplete] (node:dns:122:26) {
    errno: -3008,
    code: 'ENOTFOUND',
    syscall: 'getaddrinfo',
    hostname: 'mapservices.weather.noaa.gov'
  }
}
[weather] Weather snapshot unavailable for 36.79625,-91.40568
[weather] NWS fetch failed for 36.79356,-91.32854 [TypeError: fetch failed] {
  [cause]: Error: getaddrinfo ENOTFOUND api.weather.gov
      at GetAddrInfoReqWrap.onlookupall [as oncomplete] (node:dns:122:26) {
    errno: -3008,
    code: 'ENOTFOUND',
    syscall: 'getaddrinfo',
    hostname: 'api.weather.gov'
  }
}
[weather] NOAA precip fetch failed for 36.79356,-91.32854 [TypeError: fetch failed] {
  [cause]: Error: getaddrinfo ENOTFOUND mapservices.weather.noaa.gov
      at GetAddrInfoReqWrap.onlookupall [as oncomplete] (node:dns:122:26) {
    errno: -3008,
    code: 'ENOTFOUND',
    syscall: 'getaddrinfo',
    hostname: 'mapservices.weather.noaa.gov'
  }
}
[weather] Weather snapshot unavailable for 36.79356,-91.32854
[weather] NWS fetch failed for 36.76456,-91.26653 [TypeError: fetch failed] {
  [cause]: Error: getaddrinfo ENOTFOUND api.weather.gov
      at GetAddrInfoReqWrap.onlookupall [as oncomplete] (node:dns:122:26) {
    errno: -3008,
    code: 'ENOTFOUND',
    syscall: 'getaddrinfo',
    hostname: 'api.weather.gov'
  }
}
[weather] NOAA precip fetch failed for 36.76456,-91.26653 [TypeError: fetch failed] {
  [cause]: Error: getaddrinfo ENOTFOUND mapservices.weather.noaa.gov
      at GetAddrInfoReqWrap.onlookupall [as oncomplete] (node:dns:122:26) {
    errno: -3008,
    code: 'ENOTFOUND',
    syscall: 'getaddrinfo',
    hostname: 'mapservices.weather.noaa.gov'
  }
}
[weather] Weather snapshot unavailable for 36.76456,-91.26653
[weather] NWS fetch failed for 36.73236,-91.21484 [TypeError: fetch failed] {
  [cause]: Error: getaddrinfo ENOTFOUND api.weather.gov
      at GetAddrInfoReqWrap.onlookupall [as oncomplete] (node:dns:122:26) {
    errno: -3008,
    code: 'ENOTFOUND',
    syscall: 'getaddrinfo',
    hostname: 'api.weather.gov'
  }
}
[weather] NOAA precip fetch failed for 36.73236,-91.21484 [TypeError: fetch failed] {
  [cause]: Error: getaddrinfo ENOTFOUND mapservices.weather.noaa.gov
      at GetAddrInfoReqWrap.onlookupall [as oncomplete] (node:dns:122:26) {
    errno: -3008,
    code: 'ENOTFOUND',
    syscall: 'getaddrinfo',
    hostname: 'mapservices.weather.noaa.gov'
  }
}
[weather] Weather snapshot unavailable for 36.73236,-91.21484
[weather] NWS fetch failed for 36.64918,-91.19961 [TypeError: fetch failed] {
  [cause]: Error: getaddrinfo ENOTFOUND api.weather.gov
      at GetAddrInfoReqWrap.onlookupall [as oncomplete] (node:dns:122:26) {
    errno: -3008,
    code: 'ENOTFOUND',
    syscall: 'getaddrinfo',
    hostname: 'api.weather.gov'
  }
}
[weather] NOAA precip fetch failed for 36.64918,-91.19961 [TypeError: fetch failed] {
  [cause]: Error: getaddrinfo ENOTFOUND mapservices.weather.noaa.gov
      at GetAddrInfoReqWrap.onlookupall [as oncomplete] (node:dns:122:26) {
    errno: -3008,
    code: 'ENOTFOUND',
    syscall: 'getaddrinfo',
    hostname: 'mapservices.weather.noaa.gov'
  }
}
[weather] Weather snapshot unavailable for 36.64918,-91.19961
[weather] NWS fetch failed for 37.90606,-93.32892 [TypeError: fetch failed] {
  [cause]: Error: getaddrinfo ENOTFOUND api.weather.gov
      at GetAddrInfoReqWrap.onlookupall [as oncomplete] (node:dns:122:26) {
    errno: -3008,
    code: 'ENOTFOUND',
    syscall: 'getaddrinfo',
    hostname: 'api.weather.gov'
  }
}
[weather] NOAA precip fetch failed for 37.90606,-93.32892 [TypeError: fetch failed] {
  [cause]: Error: getaddrinfo ENOTFOUND mapservices.weather.noaa.gov
      at GetAddrInfoReqWrap.onlookupall [as oncomplete] (node:dns:122:26) {
    errno: -3008,
    code: 'ENOTFOUND',
    syscall: 'getaddrinfo',
    hostname: 'mapservices.weather.noaa.gov'
  }
}
[weather] Weather snapshot unavailable for 37.90606,-93.32892
[weather] NWS fetch failed for 37.97830,-91.45630 [TypeError: fetch failed] {
  [cause]: Error: getaddrinfo ENOTFOUND api.weather.gov
      at GetAddrInfoReqWrap.onlookupall [as oncomplete] (node:dns:122:26) {
    errno: -3008,
    code: 'ENOTFOUND',
    syscall: 'getaddrinfo',
    hostname: 'api.weather.gov'
  }
}
[weather] NOAA precip fetch failed for 37.97830,-91.45630 [TypeError: fetch failed] {
  [cause]: Error: getaddrinfo ENOTFOUND mapservices.weather.noaa.gov
      at GetAddrInfoReqWrap.onlookupall [as oncomplete] (node:dns:122:26) {
    errno: -3008,
    code: 'ENOTFOUND',
    syscall: 'getaddrinfo',
    hostname: 'mapservices.weather.noaa.gov'
  }
}
[weather] Weather snapshot unavailable for 37.97830,-91.45630
[weather] NWS fetch failed for 38.05986,-91.22158 [TypeError: fetch failed] {
  [cause]: Error: getaddrinfo ENOTFOUND api.weather.gov
      at GetAddrInfoReqWrap.onlookupall [as oncomplete] (node:dns:122:26) {
    errno: -3008,
    code: 'ENOTFOUND',
    syscall: 'getaddrinfo',
    hostname: 'api.weather.gov'
  }
}
[weather] NOAA precip fetch failed for 38.05986,-91.22158 [TypeError: fetch failed] {
  [cause]: Error: getaddrinfo ENOTFOUND mapservices.weather.noaa.gov
      at GetAddrInfoReqWrap.onlookupall [as oncomplete] (node:dns:122:26) {
    errno: -3008,
    code: 'ENOTFOUND',
    syscall: 'getaddrinfo',
    hostname: 'mapservices.weather.noaa.gov'
  }
}
[weather] Weather snapshot unavailable for 38.05986,-91.22158
[weather] NWS fetch failed for 38.08114,-91.14990 [TypeError: fetch failed] {
  [cause]: Error: getaddrinfo ENOTFOUND api.weather.gov
      at GetAddrInfoReqWrap.onlookupall [as oncomplete] (node:dns:122:26) {
    errno: -3008,
    code: 'ENOTFOUND',
    syscall: 'getaddrinfo',
    hostname: 'api.weather.gov'
  }
}
[weather] NOAA precip fetch failed for 38.08114,-91.14990 [TypeError: fetch failed] {
  [cause]: Error: getaddrinfo ENOTFOUND mapservices.weather.noaa.gov
      at GetAddrInfoReqWrap.onlookupall [as oncomplete] (node:dns:122:26) {
    errno: -3008,
    code: 'ENOTFOUND',
    syscall: 'getaddrinfo',
    hostname: 'mapservices.weather.noaa.gov'
  }
}
[weather] Weather snapshot unavailable for 38.08114,-91.14990
[weather] NWS fetch failed for 38.15795,-91.10930 [TypeError: fetch failed] {
  [cause]: Error: getaddrinfo ENOTFOUND api.weather.gov
      at GetAddrInfoReqWrap.onlookupall [as oncomplete] (node:dns:122:26) {
    errno: -3008,
    code: 'ENOTFOUND',
    syscall: 'getaddrinfo',
    hostname: 'api.weather.gov'
  }
}
[weather] NOAA precip fetch failed for 38.15795,-91.10930 [TypeError: fetch failed] {
  [cause]: Error: getaddrinfo ENOTFOUND mapservices.weather.noaa.gov
      at GetAddrInfoReqWrap.onlookupall [as oncomplete] (node:dns:122:26) {
    errno: -3008,
    code: 'ENOTFOUND',
    syscall: 'getaddrinfo',
    hostname: 'mapservices.weather.noaa.gov'
  }
}
[weather] Weather snapshot unavailable for 38.15795,-91.10930
[weather] NWS fetch failed for 38.20379,-91.09973 [TypeError: fetch failed] {
  [cause]: Error: getaddrinfo ENOTFOUND api.weather.gov
      at GetAddrInfoReqWrap.onlookupall [as oncomplete] (node:dns:122:26) {
    errno: -3008,
    code: 'ENOTFOUND',
    syscall: 'getaddrinfo',
    hostname: 'api.weather.gov'
  }
}
[weather] NOAA precip fetch failed for 38.20379,-91.09973 [TypeError: fetch failed] {
  [cause]: Error: getaddrinfo ENOTFOUND mapservices.weather.noaa.gov
      at GetAddrInfoReqWrap.onlookupall [as oncomplete] (node:dns:122:26) {
    errno: -3008,
    code: 'ENOTFOUND',
    syscall: 'getaddrinfo',
    hostname: 'mapservices.weather.noaa.gov'
  }
}
[weather] Weather snapshot unavailable for 38.20379,-91.09973
[weather] NWS fetch failed for 36.70778,-92.26639 [TypeError: fetch failed] {
  [cause]: Error: getaddrinfo ENOTFOUND api.weather.gov
      at GetAddrInfoReqWrap.onlookupall [as oncomplete] (node:dns:122:26) {
    errno: -3008,
    code: 'ENOTFOUND',
    syscall: 'getaddrinfo',
    hostname: 'api.weather.gov'
  }
}
[weather] NOAA precip fetch failed for 36.70778,-92.26639 [TypeError: fetch failed] {
  [cause]: Error: getaddrinfo ENOTFOUND mapservices.weather.noaa.gov
      at GetAddrInfoReqWrap.onlookupall [as oncomplete] (node:dns:122:26) {
    errno: -3008,
    code: 'ENOTFOUND',
    syscall: 'getaddrinfo',
    hostname: 'mapservices.weather.noaa.gov'
  }
}
[weather] Weather snapshot unavailable for 36.70778,-92.26639
[weather] NWS fetch failed for 36.79540,-92.83080 [TypeError: fetch failed] {
  [cause]: Error: getaddrinfo ENOTFOUND api.weather.gov
      at GetAddrInfoReqWrap.onlookupall [as oncomplete] (node:dns:122:26) {
    errno: -3008,
    code: 'ENOTFOUND',
    syscall: 'getaddrinfo',
    hostname: 'api.weather.gov'
  }
}
[weather] NOAA precip fetch failed for 36.79540,-92.83080 [TypeError: fetch failed] {
  [cause]: Error: getaddrinfo ENOTFOUND mapservices.weather.noaa.gov
      at GetAddrInfoReqWrap.onlookupall [as oncomplete] (node:dns:122:26) {
    errno: -3008,
    code: 'ENOTFOUND',
    syscall: 'getaddrinfo',
    hostname: 'mapservices.weather.noaa.gov'
  }
}
[weather] Weather snapshot unavailable for 36.79540,-92.83080
[weather] NWS fetch failed for 37.76452,-92.05854 [TypeError: fetch failed] {
  [cause]: Error: getaddrinfo ENOTFOUND api.weather.gov
      at GetAddrInfoReqWrap.onlookupall [as oncomplete] (node:dns:122:26) {
    errno: -3008,
    code: 'ENOTFOUND',
    syscall: 'getaddrinfo',
    hostname: 'api.weather.gov'
  }
}
[weather] NOAA precip fetch failed for 37.76452,-92.05854 [TypeError: fetch failed] {
  [cause]: Error: getaddrinfo ENOTFOUND mapservices.weather.noaa.gov
      at GetAddrInfoReqWrap.onlookupall [as oncomplete] (node:dns:122:26) {
    errno: -3008,
    code: 'ENOTFOUND',
    syscall: 'getaddrinfo',
    hostname: 'mapservices.weather.noaa.gov'
  }
}
[weather] Weather snapshot unavailable for 37.76452,-92.05854
[weather] NWS fetch failed for 37.41088,-91.95016 [TypeError: fetch failed] {
  [cause]: Error: getaddrinfo ENOTFOUND api.weather.gov
      at GetAddrInfoReqWrap.onlookupall [as oncomplete] (node:dns:122:26) {
    errno: -3008,
    code: 'ENOTFOUND',
    syscall: 'getaddrinfo',
    hostname: 'api.weather.gov'
  }
}
[weather] NOAA precip fetch failed for 37.41088,-91.95016 [TypeError: fetch failed] {
  [cause]: Error: getaddrinfo ENOTFOUND mapservices.weather.noaa.gov
      at GetAddrInfoReqWrap.onlookupall [as oncomplete] (node:dns:122:26) {
    errno: -3008,
    code: 'ENOTFOUND',
    syscall: 'getaddrinfo',
    hostname: 'mapservices.weather.noaa.gov'
  }
}
[weather] Weather snapshot unavailable for 37.41088,-91.95016
[weather] NWS fetch failed for 37.45949,-91.98932 [TypeError: fetch failed] {
  [cause]: Error: getaddrinfo ENOTFOUND api.weather.gov
      at GetAddrInfoReqWrap.onlookupall [as oncomplete] (node:dns:122:26) {
    errno: -3008,
    code: 'ENOTFOUND',
    syscall: 'getaddrinfo',
    hostname: 'api.weather.gov'
  }
}
[weather] NOAA precip fetch failed for 37.45949,-91.98932 [TypeError: fetch failed] {
  [cause]: Error: getaddrinfo ENOTFOUND mapservices.weather.noaa.gov
      at GetAddrInfoReqWrap.onlookupall [as oncomplete] (node:dns:122:26) {
    errno: -3008,
    code: 'ENOTFOUND',
    syscall: 'getaddrinfo',
    hostname: 'mapservices.weather.noaa.gov'
  }
}
[weather] Weather snapshot unavailable for 37.45949,-91.98932
[weather] NWS fetch failed for 37.50581,-91.98319 [TypeError: fetch failed] {
  [cause]: Error: getaddrinfo ENOTFOUND api.weather.gov
      at GetAddrInfoReqWrap.onlookupall [as oncomplete] (node:dns:122:26) {
    errno: -3008,
    code: 'ENOTFOUND',
    syscall: 'getaddrinfo',
    hostname: 'api.weather.gov'
  }
}
[weather] NOAA precip fetch failed for 37.50581,-91.98319 [TypeError: fetch failed] {
  [cause]: Error: getaddrinfo ENOTFOUND mapservices.weather.noaa.gov
      at GetAddrInfoReqWrap.onlookupall [as oncomplete] (node:dns:122:26) {
    errno: -3008,
    code: 'ENOTFOUND',
    syscall: 'getaddrinfo',
    hostname: 'mapservices.weather.noaa.gov'
  }
}
[weather] Weather snapshot unavailable for 37.50581,-91.98319
[weather] NWS fetch failed for 37.56155,-92.03214 [TypeError: fetch failed] {
  [cause]: Error: getaddrinfo ENOTFOUND api.weather.gov
      at GetAddrInfoReqWrap.onlookupall [as oncomplete] (node:dns:122:26) {
    errno: -3008,
    code: 'ENOTFOUND',
    syscall: 'getaddrinfo',
    hostname: 'api.weather.gov'
  }
}
[weather] NOAA precip fetch failed for 37.56155,-92.03214 [TypeError: fetch failed] {
  [cause]: Error: getaddrinfo ENOTFOUND mapservices.weather.noaa.gov
      at GetAddrInfoReqWrap.onlookupall [as oncomplete] (node:dns:122:26) {
    errno: -3008,
    code: 'ENOTFOUND',
    syscall: 'getaddrinfo',
    hostname: 'mapservices.weather.noaa.gov'
  }
}
[weather] Weather snapshot unavailable for 37.56155,-92.03214
[weather] NWS fetch failed for 37.32722,-92.00194 [TypeError: fetch failed] {
  [cause]: Error: getaddrinfo ENOTFOUND api.weather.gov
      at GetAddrInfoReqWrap.onlookupall [as oncomplete] (node:dns:122:26) {
    errno: -3008,
    code: 'ENOTFOUND',
    syscall: 'getaddrinfo',
    hostname: 'api.weather.gov'
  }
}
[weather] NOAA precip fetch failed for 37.32722,-92.00194 [TypeError: fetch failed] {
  [cause]: Error: getaddrinfo ENOTFOUND mapservices.weather.noaa.gov
      at GetAddrInfoReqWrap.onlookupall [as oncomplete] (node:dns:122:26) {
    errno: -3008,
    code: 'ENOTFOUND',
    syscall: 'getaddrinfo',
    hostname: 'mapservices.weather.noaa.gov'
  }
}
[weather] Weather snapshot unavailable for 37.32722,-92.00194
[weather] NWS fetch failed for 37.15573,-93.19935 [TypeError: fetch failed] {
  [cause]: Error: getaddrinfo ENOTFOUND api.weather.gov
      at GetAddrInfoReqWrap.onlookupall [as oncomplete] (node:dns:122:26) {
    errno: -3008,
    code: 'ENOTFOUND',
    syscall: 'getaddrinfo',
    hostname: 'api.weather.gov'
  }
}
[weather] NOAA precip fetch failed for 37.15573,-93.19935 [TypeError: fetch failed] {
  [cause]: Error: getaddrinfo ENOTFOUND mapservices.weather.noaa.gov
      at GetAddrInfoReqWrap.onlookupall [as oncomplete] (node:dns:122:26) {
    errno: -3008,
    code: 'ENOTFOUND',
    syscall: 'getaddrinfo',
    hostname: 'mapservices.weather.noaa.gov'
  }
}
[weather] Weather snapshot unavailable for 37.15573,-93.19935
[weather] NWS fetch failed for 37.05110,-93.39140 [TypeError: fetch failed] {
  [cause]: Error: getaddrinfo ENOTFOUND api.weather.gov
      at GetAddrInfoReqWrap.onlookupall [as oncomplete] (node:dns:122:26) {
    errno: -3008,
    code: 'ENOTFOUND',
    syscall: 'getaddrinfo',
    hostname: 'api.weather.gov'
  }
}
[weather] NOAA precip fetch failed for 37.05110,-93.39140 [TypeError: fetch failed] {
  [cause]: Error: getaddrinfo ENOTFOUND mapservices.weather.noaa.gov
      at GetAddrInfoReqWrap.onlookupall [as oncomplete] (node:dns:122:26) {
    errno: -3008,
    code: 'ENOTFOUND',
    syscall: 'getaddrinfo',
    hostname: 'mapservices.weather.noaa.gov'
  }
}
[weather] Weather snapshot unavailable for 37.05110,-93.39140
[weather] NWS fetch failed for 36.99565,-93.36972 [TypeError: fetch failed] {
  [cause]: Error: getaddrinfo ENOTFOUND api.weather.gov
      at GetAddrInfoReqWrap.onlookupall [as oncomplete] (node:dns:122:26) {
    errno: -3008,
    code: 'ENOTFOUND',
    syscall: 'getaddrinfo',
    hostname: 'api.weather.gov'
  }
}
[weather] NOAA precip fetch failed for 36.99565,-93.36972 [TypeError: fetch failed] {
  [cause]: Error: getaddrinfo ENOTFOUND mapservices.weather.noaa.gov
      at GetAddrInfoReqWrap.onlookupall [as oncomplete] (node:dns:122:26) {
    errno: -3008,
    code: 'ENOTFOUND',
    syscall: 'getaddrinfo',
    hostname: 'mapservices.weather.noaa.gov'
  }
}
[weather] Weather snapshot unavailable for 36.99565,-93.36972
[weather] NWS fetch failed for 36.83223,-93.44657 [TypeError: fetch failed] {
  [cause]: Error: getaddrinfo ENOTFOUND api.weather.gov
      at GetAddrInfoReqWrap.onlookupall [as oncomplete] (node:dns:122:26) {
    errno: -3008,
    code: 'ENOTFOUND',
    syscall: 'getaddrinfo',
    hostname: 'api.weather.gov'
  }
}
[weather] NOAA precip fetch failed for 36.83223,-93.44657 [TypeError: fetch failed] {
  [cause]: Error: getaddrinfo ENOTFOUND mapservices.weather.noaa.gov
      at GetAddrInfoReqWrap.onlookupall [as oncomplete] (node:dns:122:26) {
    errno: -3008,
    code: 'ENOTFOUND',
    syscall: 'getaddrinfo',
    hostname: 'mapservices.weather.noaa.gov'
  }
}
[weather] Weather snapshot unavailable for 36.83223,-93.44657
[weather] NWS fetch failed for 38.39353,-91.82073 [TypeError: fetch failed] {
  [cause]: Error: getaddrinfo ENOTFOUND api.weather.gov
      at GetAddrInfoReqWrap.onlookupall [as oncomplete] (node:dns:122:26) {
    errno: -3008,
    code: 'ENOTFOUND',
    syscall: 'getaddrinfo',
    hostname: 'api.weather.gov'
  }
}
[weather] NOAA precip fetch failed for 38.39353,-91.82073 [TypeError: fetch failed] {
  [cause]: Error: getaddrinfo ENOTFOUND mapservices.weather.noaa.gov
      at GetAddrInfoReqWrap.onlookupall [as oncomplete] (node:dns:122:26) {
    errno: -3008,
    code: 'ENOTFOUND',
    syscall: 'getaddrinfo',
    hostname: 'mapservices.weather.noaa.gov'
  }
}
[weather] Weather snapshot unavailable for 38.39353,-91.82073
[weather] NWS fetch failed for 38.12108,-90.67606 [TypeError: fetch failed] {
  [cause]: Error: getaddrinfo ENOTFOUND api.weather.gov
      at GetAddrInfoReqWrap.onlookupall [as oncomplete] (node:dns:122:26) {
    errno: -3008,
    code: 'ENOTFOUND',
    syscall: 'getaddrinfo',
    hostname: 'api.weather.gov'
  }
}
[weather] NOAA precip fetch failed for 38.12108,-90.67606 [TypeError: fetch failed] {
  [cause]: Error: getaddrinfo ENOTFOUND mapservices.weather.noaa.gov
      at GetAddrInfoReqWrap.onlookupall [as oncomplete] (node:dns:122:26) {
    errno: -3008,
    code: 'ENOTFOUND',
    syscall: 'getaddrinfo',
    hostname: 'mapservices.weather.noaa.gov'
  }
}
[weather] Weather snapshot unavailable for 38.12108,-90.67606
[weather] NWS fetch failed for 36.98367,-94.44103 [TypeError: fetch failed] {
  [cause]: Error: getaddrinfo ENOTFOUND api.weather.gov
      at GetAddrInfoReqWrap.onlookupall [as oncomplete] (node:dns:122:26) {
    errno: -3008,
    code: 'ENOTFOUND',
    syscall: 'getaddrinfo',
    hostname: 'api.weather.gov'
  }
}
[weather] NOAA precip fetch failed for 36.98367,-94.44103 [TypeError: fetch failed] {
  [cause]: Error: getaddrinfo ENOTFOUND mapservices.weather.noaa.gov
      at GetAddrInfoReqWrap.onlookupall [as oncomplete] (node:dns:122:26) {
    errno: -3008,
    code: 'ENOTFOUND',
    syscall: 'getaddrinfo',
    hostname: 'mapservices.weather.noaa.gov'
  }
}
[weather] Weather snapshot unavailable for 36.98367,-94.44103
[weather] NWS fetch failed for 43.54356,-96.81117 [TypeError: fetch failed] {
  [cause]: Error: getaddrinfo ENOTFOUND api.weather.gov
      at GetAddrInfoReqWrap.onlookupall [as oncomplete] (node:dns:122:26) {
    errno: -3008,
    code: 'ENOTFOUND',
    syscall: 'getaddrinfo',
    hostname: 'api.weather.gov'
  }
}
[weather] NOAA precip fetch failed for 43.54356,-96.81117 [TypeError: fetch failed] {
  [cause]: Error: getaddrinfo ENOTFOUND mapservices.weather.noaa.gov
      at GetAddrInfoReqWrap.onlookupall [as oncomplete] (node:dns:122:26) {
    errno: -3008,
    code: 'ENOTFOUND',
    syscall: 'getaddrinfo',
    hostname: 'mapservices.weather.noaa.gov'
  }
}
[weather] Weather snapshot unavailable for 43.54356,-96.81117
[weather] NWS fetch failed for 43.50288,-96.74913 [TypeError: fetch failed] {
  [cause]: Error: getaddrinfo ENOTFOUND api.weather.gov
      at GetAddrInfoReqWrap.onlookupall [as oncomplete] (node:dns:122:26) {
    errno: -3008,
    code: 'ENOTFOUND',
    syscall: 'getaddrinfo',
    hostname: 'api.weather.gov'
  }
}
[weather] NOAA precip fetch failed for 43.50288,-96.74913 [TypeError: fetch failed] {
  [cause]: Error: getaddrinfo ENOTFOUND mapservices.weather.noaa.gov
      at GetAddrInfoReqWrap.onlookupall [as oncomplete] (node:dns:122:26) {
    errno: -3008,
    code: 'ENOTFOUND',
    syscall: 'getaddrinfo',
    hostname: 'mapservices.weather.noaa.gov'
  }
}
[weather] Weather snapshot unavailable for 43.50288,-96.74913
[weather] NWS fetch failed for 41.25521,-89.01412 [TypeError: fetch failed] {
  [cause]: Error: getaddrinfo ENOTFOUND api.weather.gov
      at GetAddrInfoReqWrap.onlookupall [as oncomplete] (node:dns:122:26) {
    errno: -3008,
    code: 'ENOTFOUND',
    syscall: 'getaddrinfo',
    hostname: 'api.weather.gov'
  }
}
[weather] NOAA precip fetch failed for 41.25521,-89.01412 [TypeError: fetch failed] {
  [cause]: Error: getaddrinfo ENOTFOUND mapservices.weather.noaa.gov
      at GetAddrInfoReqWrap.onlookupall [as oncomplete] (node:dns:122:26) {
    errno: -3008,
    code: 'ENOTFOUND',
    syscall: 'getaddrinfo',
    hostname: 'mapservices.weather.noaa.gov'
  }
}
[weather] Weather snapshot unavailable for 41.25521,-89.01412
[weather] NWS fetch failed for 42.25549,-88.86179 [TypeError: fetch failed] {
  [cause]: Error: getaddrinfo ENOTFOUND api.weather.gov
      at GetAddrInfoReqWrap.onlookupall [as oncomplete] (node:dns:122:26) {
    errno: -3008,
    code: 'ENOTFOUND',
    syscall: 'getaddrinfo',
    hostname: 'api.weather.gov'
  }
}
[weather] NOAA precip fetch failed for 42.25549,-88.86179 [TypeError: fetch failed] {
  [cause]: Error: getaddrinfo ENOTFOUND mapservices.weather.noaa.gov
      at GetAddrInfoReqWrap.onlookupall [as oncomplete] (node:dns:122:26) {
    errno: -3008,
    code: 'ENOTFOUND',
    syscall: 'getaddrinfo',
    hostname: 'mapservices.weather.noaa.gov'
  }
}
[weather] Weather snapshot unavailable for 42.25549,-88.86179
[weather] NWS fetch failed for 44.06250,-85.58321 [TypeError: fetch failed] {
  [cause]: Error: getaddrinfo ENOTFOUND api.weather.gov
      at GetAddrInfoReqWrap.onlookupall [as oncomplete] (node:dns:122:26) {
    errno: -3008,
    code: 'ENOTFOUND',
    syscall: 'getaddrinfo',
    hostname: 'api.weather.gov'
  }
}
[weather] NOAA precip fetch failed for 44.06250,-85.58321 [TypeError: fetch failed] {
  [cause]: Error: getaddrinfo ENOTFOUND mapservices.weather.noaa.gov
      at GetAddrInfoReqWrap.onlookupall [as oncomplete] (node:dns:122:26) {
    errno: -3008,
    code: 'ENOTFOUND',
    syscall: 'getaddrinfo',
    hostname: 'mapservices.weather.noaa.gov'
  }
}
[weather] Weather snapshot unavailable for 44.06250,-85.58321
[weather] NWS fetch failed for 44.20323,-85.79912 [TypeError: fetch failed] {
  [cause]: Error: getaddrinfo ENOTFOUND api.weather.gov
      at GetAddrInfoReqWrap.onlookupall [as oncomplete] (node:dns:122:26) {
    errno: -3008,
    code: 'ENOTFOUND',
    syscall: 'getaddrinfo',
    hostname: 'api.weather.gov'
  }
}
[weather] NOAA precip fetch failed for 44.20323,-85.79912 [TypeError: fetch failed] {
  [cause]: Error: getaddrinfo ENOTFOUND mapservices.weather.noaa.gov
      at GetAddrInfoReqWrap.onlookupall [as oncomplete] (node:dns:122:26) {
    errno: -3008,
    code: 'ENOTFOUND',
    syscall: 'getaddrinfo',
    hostname: 'mapservices.weather.noaa.gov'
  }
}
[weather] Weather snapshot unavailable for 44.20323,-85.79912
[weather] NWS fetch failed for 42.29148,-83.74444 [TypeError: fetch failed] {
  [cause]: Error: getaddrinfo ENOTFOUND api.weather.gov
      at GetAddrInfoReqWrap.onlookupall [as oncomplete] (node:dns:122:26) {
    errno: -3008,
    code: 'ENOTFOUND',
    syscall: 'getaddrinfo',
    hostname: 'api.weather.gov'
  }
}
[weather] NOAA precip fetch failed for 42.29148,-83.74444 [TypeError: fetch failed] {
  [cause]: Error: getaddrinfo ENOTFOUND mapservices.weather.noaa.gov
      at GetAddrInfoReqWrap.onlookupall [as oncomplete] (node:dns:122:26) {
    errno: -3008,
    code: 'ENOTFOUND',
    syscall: 'getaddrinfo',
    hostname: 'mapservices.weather.noaa.gov'
  }
}
[weather] Weather snapshot unavailable for 42.29148,-83.74444
[weather] NWS fetch failed for 42.62558,-83.03767 [TypeError: fetch failed] {
  [cause]: Error: getaddrinfo ENOTFOUND api.weather.gov
      at GetAddrInfoReqWrap.onlookupall [as oncomplete] (node:dns:122:26) {
    errno: -3008,
    code: 'ENOTFOUND',
    syscall: 'getaddrinfo',
    hostname: 'api.weather.gov'
  }
}
[weather] NOAA precip fetch failed for 42.62558,-83.03767 [TypeError: fetch failed] {
  [cause]: Error: getaddrinfo ENOTFOUND mapservices.weather.noaa.gov
      at GetAddrInfoReqWrap.onlookupall [as oncomplete] (node:dns:122:26) {
    errno: -3008,
    code: 'ENOTFOUND',
    syscall: 'getaddrinfo',
    hostname: 'mapservices.weather.noaa.gov'
  }
}
[weather] Weather snapshot unavailable for 42.62558,-83.03767
[weather] NWS fetch failed for 40.90885,-109.42226 [TypeError: fetch failed] {
  [cause]: Error: getaddrinfo ENOTFOUND api.weather.gov
      at GetAddrInfoReqWrap.onlookupall [as oncomplete] (node:dns:122:26) {
    errno: -3008,
    code: 'ENOTFOUND',
    syscall: 'getaddrinfo',
    hostname: 'api.weather.gov'
  }
}
[weather] NOAA precip fetch failed for 40.90885,-109.42226 [TypeError: fetch failed] {
  [cause]: Error: getaddrinfo ENOTFOUND mapservices.weather.noaa.gov
      at GetAddrInfoReqWrap.onlookupall [as oncomplete] (node:dns:122:26) {
    errno: -3008,
    code: 'ENOTFOUND',
    syscall: 'getaddrinfo',
    hostname: 'mapservices.weather.noaa.gov'
  }
}
[weather] Weather snapshot unavailable for 40.90885,-109.42226
[weather] NWS fetch failed for 37.12420,-85.33950 [DOMException [AbortError]: This operation was aborted]
[weather] NOAA precip fetch failed for 37.12420,-85.33950 [DOMException [AbortError]: This operation was aborted]
[weather] Weather snapshot unavailable for 37.12420,-85.33950
[weather] NWS fetch failed for 37.12370,-85.40490 [DOMException [AbortError]: This operation was aborted]
[weather] NOAA precip fetch failed for 37.12370,-85.40490 [DOMException [AbortError]: This operation was aborted]
[weather] Weather snapshot unavailable for 37.12370,-85.40490
[weather] NWS fetch failed for 37.17010,-85.43540 [DOMException [AbortError]: This operation was aborted]
[weather] NOAA precip fetch failed for 37.17010,-85.43540 [DOMException [AbortError]: This operation was aborted]
[weather] Weather snapshot unavailable for 37.17010,-85.43540
[weather] NWS fetch failed for 38.29930,-83.17450 [DOMException [AbortError]: This operation was aborted]
[weather] NOAA precip fetch failed for 38.29930,-83.17450 [DOMException [AbortError]: This operation was aborted]
[weather] Weather snapshot unavailable for 38.29930,-83.17450
[weather] NWS fetch failed for 38.18870,-85.47790 [DOMException [AbortError]: This operation was aborted]
[weather] NOAA precip fetch failed for 38.18870,-85.47790 [DOMException [AbortError]: This operation was aborted]
[weather] Weather snapshot unavailable for 38.18870,-85.47790
[weather] NWS fetch failed for 38.23080,-85.46820 [DOMException [AbortError]: This operation was aborted]
[weather] NOAA precip fetch failed for 38.23080,-85.46820 [DOMException [AbortError]: This operation was aborted]
[weather] Weather snapshot unavailable for 38.23080,-85.46820
[weather] NWS fetch failed for 38.21580,-85.47780 [DOMException [AbortError]: This operation was aborted]
[weather] NOAA precip fetch failed for 38.21580,-85.47780 [DOMException [AbortError]: This operation was aborted]
[weather] Weather snapshot unavailable for 38.21580,-85.47780
[weather] NWS fetch failed for 38.15190,-85.50260 [TypeError: fetch failed] {
  [cause]: Error: getaddrinfo ENOTFOUND api.weather.gov
      at GetAddrInfoReqWrap.onlookupall [as oncomplete] (node:dns:122:26) {
    errno: -3008,
    code: 'ENOTFOUND',
    syscall: 'getaddrinfo',
    hostname: 'api.weather.gov'
  }
}
[weather] NOAA precip fetch failed for 38.15190,-85.50260 [TypeError: fetch failed] {
  [cause]: Error: getaddrinfo ENOTFOUND mapservices.weather.noaa.gov
      at GetAddrInfoReqWrap.onlookupall [as oncomplete] (node:dns:122:26) {
    errno: -3008,
    code: 'ENOTFOUND',
    syscall: 'getaddrinfo',
    hostname: 'mapservices.weather.noaa.gov'
  }
}
[weather] Weather snapshot unavailable for 38.15190,-85.50260
[weather] NWS fetch failed for 38.13230,-85.51910 [TypeError: fetch failed] {
  [cause]: Error: getaddrinfo ENOTFOUND api.weather.gov
      at GetAddrInfoReqWrap.onlookupall [as oncomplete] (node:dns:122:26) {
    errno: -3008,
    code: 'ENOTFOUND',
    syscall: 'getaddrinfo',
    hostname: 'api.weather.gov'
  }
}
[weather] NOAA precip fetch failed for 38.13230,-85.51910 [TypeError: fetch failed] {
  [cause]: Error: getaddrinfo ENOTFOUND mapservices.weather.noaa.gov
      at GetAddrInfoReqWrap.onlookupall [as oncomplete] (node:dns:122:26) {
    errno: -3008,
    code: 'ENOTFOUND',
    syscall: 'getaddrinfo',
    hostname: 'mapservices.weather.noaa.gov'
  }
}
[weather] Weather snapshot unavailable for 38.13230,-85.51910
[weather] NWS fetch failed for 38.10390,-85.54550 [TypeError: fetch failed] {
  [cause]: Error: getaddrinfo ENOTFOUND api.weather.gov
      at GetAddrInfoReqWrap.onlookupall [as oncomplete] (node:dns:122:26) {
    errno: -3008,
    code: 'ENOTFOUND',
    syscall: 'getaddrinfo',
    hostname: 'api.weather.gov'
  }
}
[weather] NOAA precip fetch failed for 38.10390,-85.54550 [TypeError: fetch failed] {
  [cause]: Error: getaddrinfo ENOTFOUND mapservices.weather.noaa.gov
      at GetAddrInfoReqWrap.onlookupall [as oncomplete] (node:dns:122:26) {
    errno: -3008,
    code: 'ENOTFOUND',
    syscall: 'getaddrinfo',
    hostname: 'mapservices.weather.noaa.gov'
  }
}
[weather] Weather snapshot unavailable for 38.10390,-85.54550
[weather] NWS fetch failed for 38.13050,-83.76650 [TypeError: fetch failed] {
  [cause]: Error: getaddrinfo ENOTFOUND api.weather.gov
      at GetAddrInfoReqWrap.onlookupall [as oncomplete] (node:dns:122:26) {
    errno: -3008,
    code: 'ENOTFOUND',
    syscall: 'getaddrinfo',
    hostname: 'api.weather.gov'
  }
}
[weather] NOAA precip fetch failed for 38.13050,-83.76650 [TypeError: fetch failed] {
  [cause]: Error: getaddrinfo ENOTFOUND mapservices.weather.noaa.gov
      at GetAddrInfoReqWrap.onlookupall [as oncomplete] (node:dns:122:26) {
    errno: -3008,
    code: 'ENOTFOUND',
    syscall: 'getaddrinfo',
    hostname: 'mapservices.weather.noaa.gov'
  }
}
[weather] Weather snapshot unavailable for 38.13050,-83.76650
[weather] NWS fetch failed for 37.44450,-82.50570 [TypeError: fetch failed] {
  [cause]: Error: getaddrinfo ENOTFOUND api.weather.gov
      at GetAddrInfoReqWrap.onlookupall [as oncomplete] (node:dns:122:26) {
    errno: -3008,
    code: 'ENOTFOUND',
    syscall: 'getaddrinfo',
    hostname: 'api.weather.gov'
  }
}
[weather] NOAA precip fetch failed for 37.44450,-82.50570 [TypeError: fetch failed] {
  [cause]: Error: getaddrinfo ENOTFOUND mapservices.weather.noaa.gov
      at GetAddrInfoReqWrap.onlookupall [as oncomplete] (node:dns:122:26) {
    errno: -3008,
    code: 'ENOTFOUND',
    syscall: 'getaddrinfo',
    hostname: 'mapservices.weather.noaa.gov'
  }
}
[weather] Weather snapshot unavailable for 37.44450,-82.50570
[weather] NWS fetch failed for 37.46460,-82.52840 [TypeError: fetch failed] {
  [cause]: Error: getaddrinfo ENOTFOUND api.weather.gov
      at GetAddrInfoReqWrap.onlookupall [as oncomplete] (node:dns:122:26) {
    errno: -3008,
    code: 'ENOTFOUND',
    syscall: 'getaddrinfo',
    hostname: 'api.weather.gov'
  }
}
[weather] NOAA precip fetch failed for 37.46460,-82.52840 [TypeError: fetch failed] {
  [cause]: Error: getaddrinfo ENOTFOUND mapservices.weather.noaa.gov
      at GetAddrInfoReqWrap.onlookupall [as oncomplete] (node:dns:122:26) {
    errno: -3008,
    code: 'ENOTFOUND',
    syscall: 'getaddrinfo',
    hostname: 'mapservices.weather.noaa.gov'
  }
}
[weather] Weather snapshot unavailable for 37.46460,-82.52840
[weather] NWS fetch failed for 37.48020,-82.54460 [TypeError: fetch failed] {
  [cause]: Error: getaddrinfo ENOTFOUND api.weather.gov
      at GetAddrInfoReqWrap.onlookupall [as oncomplete] (node:dns:122:26) {
    errno: -3008,
    code: 'ENOTFOUND',
    syscall: 'getaddrinfo',
    hostname: 'api.weather.gov'
  }
}
[weather] NOAA precip fetch failed for 37.48020,-82.54460 [TypeError: fetch failed] {
  [cause]: Error: getaddrinfo ENOTFOUND mapservices.weather.noaa.gov
      at GetAddrInfoReqWrap.onlookupall [as oncomplete] (node:dns:122:26) {
    errno: -3008,
    code: 'ENOTFOUND',
    syscall: 'getaddrinfo',
    hostname: 'mapservices.weather.noaa.gov'
  }
}
[weather] Weather snapshot unavailable for 37.48020,-82.54460
[weather] NWS fetch failed for 37.66630,-82.77590 [TypeError: fetch failed] {
  [cause]: Error: getaddrinfo ENOTFOUND api.weather.gov
      at GetAddrInfoReqWrap.onlookupall [as oncomplete] (node:dns:122:26) {
    errno: -3008,
    code: 'ENOTFOUND',
    syscall: 'getaddrinfo',
    hostname: 'api.weather.gov'
  }
}
[weather] NOAA precip fetch failed for 37.66630,-82.77590 [TypeError: fetch failed] {
  [cause]: Error: getaddrinfo ENOTFOUND mapservices.weather.noaa.gov
      at GetAddrInfoReqWrap.onlookupall [as oncomplete] (node:dns:122:26) {
    errno: -3008,
    code: 'ENOTFOUND',
    syscall: 'getaddrinfo',
    hostname: 'mapservices.weather.noaa.gov'
  }
}
[weather] Weather snapshot unavailable for 37.66630,-82.77590
[weather] NWS fetch failed for 37.74270,-82.77020 [TypeError: fetch failed] {
  [cause]: Error: getaddrinfo ENOTFOUND api.weather.gov
      at GetAddrInfoReqWrap.onlookupall [as oncomplete] (node:dns:122:26) {
    errno: -3008,
    code: 'ENOTFOUND',
    syscall: 'getaddrinfo',
    hostname: 'api.weather.gov'
  }
}
[weather] NOAA precip fetch failed for 37.74270,-82.77020 [TypeError: fetch failed] {
  [cause]: Error: getaddrinfo ENOTFOUND mapservices.weather.noaa.gov
      at GetAddrInfoReqWrap.onlookupall [as oncomplete] (node:dns:122:26) {
    errno: -3008,
    code: 'ENOTFOUND',
    syscall: 'getaddrinfo',
    hostname: 'mapservices.weather.noaa.gov'
  }
}
[weather] Weather snapshot unavailable for 37.74270,-82.77020
[weather] NWS fetch failed for 38.25170,-84.81580 [TypeError: fetch failed] {
  [cause]: Error: getaddrinfo ENOTFOUND api.weather.gov
      at GetAddrInfoReqWrap.onlookupall [as oncomplete] (node:dns:122:26) {
    errno: -3008,
    code: 'ENOTFOUND',
    syscall: 'getaddrinfo',
    hostname: 'api.weather.gov'
  }
}
[weather] NOAA precip fetch failed for 38.25170,-84.81580 [TypeError: fetch failed] {
  [cause]: Error: getaddrinfo ENOTFOUND mapservices.weather.noaa.gov
      at GetAddrInfoReqWrap.onlookupall [as oncomplete] (node:dns:122:26) {
    errno: -3008,
    code: 'ENOTFOUND',
    syscall: 'getaddrinfo',
    hostname: 'mapservices.weather.noaa.gov'
  }
}
[weather] Weather snapshot unavailable for 38.25170,-84.81580
[weather] NWS fetch failed for 36.87312,-86.37237 [TypeError: fetch failed] {
  [cause]: Error: getaddrinfo ENOTFOUND api.weather.gov
      at GetAddrInfoReqWrap.onlookupall [as oncomplete] (node:dns:122:26) {
    errno: -3008,
    code: 'ENOTFOUND',
    syscall: 'getaddrinfo',
    hostname: 'api.weather.gov'
  }
}
[weather] NOAA precip fetch failed for 36.87312,-86.37237 [TypeError: fetch failed] {
  [cause]: Error: getaddrinfo ENOTFOUND mapservices.weather.noaa.gov
      at GetAddrInfoReqWrap.onlookupall [as oncomplete] (node:dns:122:26) {
    errno: -3008,
    code: 'ENOTFOUND',
    syscall: 'getaddrinfo',
    hostname: 'mapservices.weather.noaa.gov'
  }
}
[weather] Weather snapshot unavailable for 36.87312,-86.37237
[weather] NWS fetch failed for 36.66830,-84.54740 [TypeError: fetch failed] {
  [cause]: Error: getaddrinfo ENOTFOUND api.weather.gov
      at GetAddrInfoReqWrap.onlookupall [as oncomplete] (node:dns:122:26) {
    errno: -3008,
    code: 'ENOTFOUND',
    syscall: 'getaddrinfo',
    hostname: 'api.weather.gov'
  }
}
[weather] NOAA precip fetch failed for 36.66830,-84.54740 [TypeError: fetch failed] {
  [cause]: Error: getaddrinfo ENOTFOUND mapservices.weather.noaa.gov
      at GetAddrInfoReqWrap.onlookupall [as oncomplete] (node:dns:122:26) {
    errno: -3008,
    code: 'ENOTFOUND',
    syscall: 'getaddrinfo',
    hostname: 'mapservices.weather.noaa.gov'
  }
}
[weather] Weather snapshot unavailable for 36.66830,-84.54740
[weather] NWS fetch failed for 36.72550,-84.54460 [TypeError: fetch failed] {
  [cause]: Error: getaddrinfo ENOTFOUND api.weather.gov
      at GetAddrInfoReqWrap.onlookupall [as oncomplete] (node:dns:122:26) {
    errno: -3008,
    code: 'ENOTFOUND',
    syscall: 'getaddrinfo',
    hostname: 'api.weather.gov'
  }
}
[weather] NOAA precip fetch failed for 36.72550,-84.54460 [TypeError: fetch failed] {
  [cause]: Error: getaddrinfo ENOTFOUND mapservices.weather.noaa.gov
      at GetAddrInfoReqWrap.onlookupall [as oncomplete] (node:dns:122:26) {
    errno: -3008,
    code: 'ENOTFOUND',
    syscall: 'getaddrinfo',
    hostname: 'mapservices.weather.noaa.gov'
  }
}
[weather] Weather snapshot unavailable for 36.72550,-84.54460
[weather] NWS fetch failed for 37.12830,-83.05190 [TypeError: fetch failed] {
  [cause]: Error: getaddrinfo ENOTFOUND api.weather.gov
      at GetAddrInfoReqWrap.onlookupall [as oncomplete] (node:dns:122:26) {
    errno: -3008,
    code: 'ENOTFOUND',
    syscall: 'getaddrinfo',
    hostname: 'api.weather.gov'
  }
}
[weather] NOAA precip fetch failed for 37.12830,-83.05190 [TypeError: fetch failed] {
  [cause]: Error: getaddrinfo ENOTFOUND mapservices.weather.noaa.gov
      at GetAddrInfoReqWrap.onlookupall [as oncomplete] (node:dns:122:26) {
    errno: -3008,
    code: 'ENOTFOUND',
    syscall: 'getaddrinfo',
    hostname: 'mapservices.weather.noaa.gov'
  }
}
[weather] Weather snapshot unavailable for 37.12830,-83.05190
[weather] NWS fetch failed for 37.25130,-83.19620 [TypeError: fetch failed] {
  [cause]: Error: getaddrinfo ENOTFOUND api.weather.gov
      at GetAddrInfoReqWrap.onlookupall [as oncomplete] (node:dns:122:26) {
    errno: -3008,
    code: 'ENOTFOUND',
    syscall: 'getaddrinfo',
    hostname: 'api.weather.gov'
  }
}
[weather] NOAA precip fetch failed for 37.25130,-83.19620 [TypeError: fetch failed] {
  [cause]: Error: getaddrinfo ENOTFOUND mapservices.weather.noaa.gov
      at GetAddrInfoReqWrap.onlookupall [as oncomplete] (node:dns:122:26) {
    errno: -3008,
    code: 'ENOTFOUND',
    syscall: 'getaddrinfo',
    hostname: 'mapservices.weather.noaa.gov'
  }
}
[weather] Weather snapshot unavailable for 37.25130,-83.19620
[weather] NWS fetch failed for 37.55980,-83.40040 [TypeError: fetch failed] {
  [cause]: Error: getaddrinfo ENOTFOUND api.weather.gov
      at GetAddrInfoReqWrap.onlookupall [as oncomplete] (node:dns:122:26) {
    errno: -3008,
    code: 'ENOTFOUND',
    syscall: 'getaddrinfo',
    hostname: 'api.weather.gov'
  }
}
[weather] NOAA precip fetch failed for 37.55980,-83.40040 [TypeError: fetch failed] {
  [cause]: Error: getaddrinfo ENOTFOUND mapservices.weather.noaa.gov
      at GetAddrInfoReqWrap.onlookupall [as oncomplete] (node:dns:122:26) {
    errno: -3008,
    code: 'ENOTFOUND',
    syscall: 'getaddrinfo',
    hostname: 'mapservices.weather.noaa.gov'
  }
}
[weather] Weather snapshot unavailable for 37.55980,-83.40040
[weather] NWS fetch failed for 37.60160,-83.44760 [TypeError: fetch failed] {
  [cause]: Error: getaddrinfo ENOTFOUND api.weather.gov
      at GetAddrInfoReqWrap.onlookupall [as oncomplete] (node:dns:122:26) {
    errno: -3008,
    code: 'ENOTFOUND',
    syscall: 'getaddrinfo',
    hostname: 'api.weather.gov'
  }
}
[weather] NOAA precip fetch failed for 37.60160,-83.44760 [TypeError: fetch failed] {
  [cause]: Error: getaddrinfo ENOTFOUND mapservices.weather.noaa.gov
      at GetAddrInfoReqWrap.onlookupall [as oncomplete] (node:dns:122:26) {
    errno: -3008,
    code: 'ENOTFOUND',
    syscall: 'getaddrinfo',
    hostname: 'mapservices.weather.noaa.gov'
  }
}
[weather] Weather snapshot unavailable for 37.60160,-83.44760
[weather] NWS fetch failed for 38.34120,-84.30140 [TypeError: fetch failed] {
  [cause]: Error: getaddrinfo ENOTFOUND api.weather.gov
      at GetAddrInfoReqWrap.onlookupall [as oncomplete] (node:dns:122:26) {
    errno: -3008,
    code: 'ENOTFOUND',
    syscall: 'getaddrinfo',
    hostname: 'api.weather.gov'
  }
}
[weather] NOAA precip fetch failed for 38.34120,-84.30140 [TypeError: fetch failed] {
  [cause]: Error: getaddrinfo ENOTFOUND mapservices.weather.noaa.gov
      at GetAddrInfoReqWrap.onlookupall [as oncomplete] (node:dns:122:26) {
    errno: -3008,
    code: 'ENOTFOUND',
    syscall: 'getaddrinfo',
    hostname: 'mapservices.weather.noaa.gov'
  }
}
[weather] Weather snapshot unavailable for 38.34120,-84.30140
[weather] NWS fetch failed for 37.38100,-87.80010 [TypeError: fetch failed] {
  [cause]: Error: getaddrinfo ENOTFOUND api.weather.gov
      at GetAddrInfoReqWrap.onlookupall [as oncomplete] (node:dns:122:26) {
    errno: -3008,
    code: 'ENOTFOUND',
    syscall: 'getaddrinfo',
    hostname: 'api.weather.gov'
  }
}
[weather] NOAA precip fetch failed for 37.38100,-87.80010 [TypeError: fetch failed] {
  [cause]: Error: getaddrinfo ENOTFOUND mapservices.weather.noaa.gov
      at GetAddrInfoReqWrap.onlookupall [as oncomplete] (node:dns:122:26) {
    errno: -3008,
    code: 'ENOTFOUND',
    syscall: 'getaddrinfo',
    hostname: 'mapservices.weather.noaa.gov'
  }
}
[weather] Weather snapshot unavailable for 37.38100,-87.80010
[weather] NWS fetch failed for 37.39670,-87.84460 [TypeError: fetch failed] {
  [cause]: Error: getaddrinfo ENOTFOUND api.weather.gov
      at GetAddrInfoReqWrap.onlookupall [as oncomplete] (node:dns:122:26) {
    errno: -3008,
    code: 'ENOTFOUND',
    syscall: 'getaddrinfo',
    hostname: 'api.weather.gov'
  }
}
[weather] NOAA precip fetch failed for 37.39670,-87.84460 [TypeError: fetch failed] {
  [cause]: Error: getaddrinfo ENOTFOUND mapservices.weather.noaa.gov
      at GetAddrInfoReqWrap.onlookupall [as oncomplete] (node:dns:122:26) {
    errno: -3008,
    code: 'ENOTFOUND',
    syscall: 'getaddrinfo',
    hostname: 'mapservices.weather.noaa.gov'
  }
}
[weather] Weather snapshot unavailable for 37.39670,-87.84460
[weather] NWS fetch failed for 34.93569,-91.24092 [TypeError: fetch failed] {
  [cause]: Error: getaddrinfo ENOTFOUND api.weather.gov
      at GetAddrInfoReqWrap.onlookupall [as oncomplete] (node:dns:122:26) {
    errno: -3008,
    code: 'ENOTFOUND',
    syscall: 'getaddrinfo',
    hostname: 'api.weather.gov'
  }
}
[weather] NOAA precip fetch failed for 34.93569,-91.24092 [TypeError: fetch failed] {
  [cause]: Error: getaddrinfo ENOTFOUND mapservices.weather.noaa.gov
      at GetAddrInfoReqWrap.onlookupall [as oncomplete] (node:dns:122:26) {
    errno: -3008,
    code: 'ENOTFOUND',
    syscall: 'getaddrinfo',
    hostname: 'mapservices.weather.noaa.gov'
  }
}
[weather] Weather snapshot unavailable for 34.93569,-91.24092
[weather] NWS fetch failed for 34.89039,-91.29826 [TypeError: fetch failed] {
  [cause]: Error: getaddrinfo ENOTFOUND api.weather.gov
      at GetAddrInfoReqWrap.onlookupall [as oncomplete] (node:dns:122:26) {
    errno: -3008,
    code: 'ENOTFOUND',
    syscall: 'getaddrinfo',
    hostname: 'api.weather.gov'
  }
}
[weather] NOAA precip fetch failed for 34.89039,-91.29826 [TypeError: fetch failed] {
  [cause]: Error: getaddrinfo ENOTFOUND mapservices.weather.noaa.gov
      at GetAddrInfoReqWrap.onlookupall [as oncomplete] (node:dns:122:26) {
    errno: -3008,
    code: 'ENOTFOUND',
    syscall: 'getaddrinfo',
    hostname: 'mapservices.weather.noaa.gov'
  }
}
[weather] Weather snapshot unavailable for 34.89039,-91.29826
[weather] NWS fetch failed for 34.85911,-91.29025 [TypeError: fetch failed] {
  [cause]: Error: getaddrinfo ENOTFOUND api.weather.gov
      at GetAddrInfoReqWrap.onlookupall [as oncomplete] (node:dns:122:26) {
    errno: -3008,
    code: 'ENOTFOUND',
    syscall: 'getaddrinfo',
    hostname: 'api.weather.gov'
  }
}
[weather] NOAA precip fetch failed for 34.85911,-91.29025 [TypeError: fetch failed] {
  [cause]: Error: getaddrinfo ENOTFOUND mapservices.weather.noaa.gov
      at GetAddrInfoReqWrap.onlookupall [as oncomplete] (node:dns:122:26) {
    errno: -3008,
    code: 'ENOTFOUND',
    syscall: 'getaddrinfo',
    hostname: 'mapservices.weather.noaa.gov'
  }
}
[weather] Weather snapshot unavailable for 34.85911,-91.29025
[weather] NWS fetch failed for 34.84159,-91.28200 [TypeError: fetch failed] {
  [cause]: Error: getaddrinfo ENOTFOUND api.weather.gov
      at GetAddrInfoReqWrap.onlookupall [as oncomplete] (node:dns:122:26) {
    errno: -3008,
    code: 'ENOTFOUND',
    syscall: 'getaddrinfo',
    hostname: 'api.weather.gov'
  }
}
[weather] NOAA precip fetch failed for 34.84159,-91.28200 [TypeError: fetch failed] {
  [cause]: Error: getaddrinfo ENOTFOUND mapservices.weather.noaa.gov
      at GetAddrInfoReqWrap.onlookupall [as oncomplete] (node:dns:122:26) {
    errno: -3008,
    code: 'ENOTFOUND',
    syscall: 'getaddrinfo',
    hostname: 'mapservices.weather.noaa.gov'
  }
}
[weather] Weather snapshot unavailable for 34.84159,-91.28200
[weather] NWS fetch failed for 36.02250,-93.35472 [TypeError: fetch failed] {
  [cause]: Error: getaddrinfo ENOTFOUND api.weather.gov
      at GetAddrInfoReqWrap.onlookupall [as oncomplete] (node:dns:122:26) {
    errno: -3008,
    code: 'ENOTFOUND',
    syscall: 'getaddrinfo',
    hostname: 'api.weather.gov'
  }
}
[weather] NOAA precip fetch failed for 36.02250,-93.35472 [TypeError: fetch failed] {
  [cause]: Error: getaddrinfo ENOTFOUND mapservices.weather.noaa.gov
      at GetAddrInfoReqWrap.onlookupall [as oncomplete] (node:dns:122:26) {
    errno: -3008,
    code: 'ENOTFOUND',
    syscall: 'getaddrinfo',
    hostname: 'mapservices.weather.noaa.gov'
  }
}
[weather] Weather snapshot unavailable for 36.02250,-93.35472
[weather] NWS fetch failed for 36.05767,-93.13503 [TypeError: fetch failed] {
  [cause]: Error: getaddrinfo ENOTFOUND api.weather.gov
      at GetAddrInfoReqWrap.onlookupall [as oncomplete] (node:dns:122:26) {
    errno: -3008,
    code: 'ENOTFOUND',
    syscall: 'getaddrinfo',
    hostname: 'api.weather.gov'
  }
}
[weather] NOAA precip fetch failed for 36.05767,-93.13503 [TypeError: fetch failed] {
  [cause]: Error: getaddrinfo ENOTFOUND mapservices.weather.noaa.gov
      at GetAddrInfoReqWrap.onlookupall [as oncomplete] (node:dns:122:26) {
    errno: -3008,
    code: 'ENOTFOUND',
    syscall: 'getaddrinfo',
    hostname: 'mapservices.weather.noaa.gov'
  }
}
[weather] Weather snapshot unavailable for 36.05767,-93.13503
[weather] NWS fetch failed for 36.05576,-93.28130 [TypeError: fetch failed] {
  [cause]: Error: getaddrinfo ENOTFOUND api.weather.gov
      at GetAddrInfoReqWrap.onlookupall [as oncomplete] (node:dns:122:26) {
    errno: -3008,
    code: 'ENOTFOUND',
    syscall: 'getaddrinfo',
    hostname: 'api.weather.gov'
  }
}
[weather] NOAA precip fetch failed for 36.05576,-93.28130 [TypeError: fetch failed] {
  [cause]: Error: getaddrinfo ENOTFOUND mapservices.weather.noaa.gov
      at GetAddrInfoReqWrap.onlookupall [as oncomplete] (node:dns:122:26) {
    errno: -3008,
    code: 'ENOTFOUND',
    syscall: 'getaddrinfo',
    hostname: 'mapservices.weather.noaa.gov'
  }
}
[weather] Weather snapshot unavailable for 36.05576,-93.28130
[weather] NWS fetch failed for 36.06213,-93.15972 [TypeError: fetch failed] {
  [cause]: Error: getaddrinfo ENOTFOUND api.weather.gov
      at GetAddrInfoReqWrap.onlookupall [as oncomplete] (node:dns:122:26) {
    errno: -3008,
    code: 'ENOTFOUND',
    syscall: 'getaddrinfo',
    hostname: 'api.weather.gov'
  }
}
[weather] NOAA precip fetch failed for 36.06213,-93.15972 [TypeError: fetch failed] {
  [cause]: Error: getaddrinfo ENOTFOUND mapservices.weather.noaa.gov
      at GetAddrInfoReqWrap.onlookupall [as oncomplete] (node:dns:122:26) {
    errno: -3008,
    code: 'ENOTFOUND',
    syscall: 'getaddrinfo',
    hostname: 'mapservices.weather.noaa.gov'
  }
}
[weather] Weather snapshot unavailable for 36.06213,-93.15972
[weather] NWS fetch failed for 36.28193,-93.66400 [TypeError: fetch failed] {
  [cause]: Error: getaddrinfo ENOTFOUND api.weather.gov
      at GetAddrInfoReqWrap.onlookupall [as oncomplete] (node:dns:122:26) {
    errno: -3008,
    code: 'ENOTFOUND',
    syscall: 'getaddrinfo',
    hostname: 'api.weather.gov'
  }
}
[weather] NOAA precip fetch failed for 36.28193,-93.66400 [TypeError: fetch failed] {
  [cause]: Error: getaddrinfo ENOTFOUND mapservices.weather.noaa.gov
      at GetAddrInfoReqWrap.onlookupall [as oncomplete] (node:dns:122:26) {
    errno: -3008,
    code: 'ENOTFOUND',
    syscall: 'getaddrinfo',
    hostname: 'mapservices.weather.noaa.gov'
  }
}
[weather] Weather snapshot unavailable for 36.28193,-93.66400
[weather] NWS fetch failed for 36.07035,-93.21189 [TypeError: fetch failed] {
  [cause]: Error: getaddrinfo ENOTFOUND api.weather.gov
      at GetAddrInfoReqWrap.onlookupall [as oncomplete] (node:dns:122:26) {
    errno: -3008,
    code: 'ENOTFOUND',
    syscall: 'getaddrinfo',
    hostname: 'api.weather.gov'
  }
}
[weather] NOAA precip fetch failed for 36.07035,-93.21189 [TypeError: fetch failed] {
  [cause]: Error: getaddrinfo ENOTFOUND mapservices.weather.noaa.gov
      at GetAddrInfoReqWrap.onlookupall [as oncomplete] (node:dns:122:26) {
    errno: -3008,
    code: 'ENOTFOUND',
    syscall: 'getaddrinfo',
    hostname: 'mapservices.weather.noaa.gov'
  }
}
[weather] Weather snapshot unavailable for 36.07035,-93.21189
[weather] NWS fetch failed for 36.04078,-93.34405 [TypeError: fetch failed] {
  [cause]: Error: getaddrinfo ENOTFOUND api.weather.gov
      at GetAddrInfoReqWrap.onlookupall [as oncomplete] (node:dns:122:26) {
    errno: -3008,
    code: 'ENOTFOUND',
    syscall: 'getaddrinfo',
    hostname: 'api.weather.gov'
  }
}
[weather] NOAA precip fetch failed for 36.04078,-93.34405 [TypeError: fetch failed] {
  [cause]: Error: getaddrinfo ENOTFOUND mapservices.weather.noaa.gov
      at GetAddrInfoReqWrap.onlookupall [as oncomplete] (node:dns:122:26) {
    errno: -3008,
    code: 'ENOTFOUND',
    syscall: 'getaddrinfo',
    hostname: 'mapservices.weather.noaa.gov'
  }
}
[weather] Weather snapshot unavailable for 36.04078,-93.34405
[weather] NWS fetch failed for 35.98948,-92.76685 [TypeError: fetch failed] {
  [cause]: Error: getaddrinfo ENOTFOUND api.weather.gov
      at GetAddrInfoReqWrap.onlookupall [as oncomplete] (node:dns:122:26) {
    errno: -3008,
    code: 'ENOTFOUND',
    syscall: 'getaddrinfo',
    hostname: 'api.weather.gov'
  }
}
[weather] NOAA precip fetch failed for 35.98948,-92.76685 [TypeError: fetch failed] {
  [cause]: Error: getaddrinfo ENOTFOUND mapservices.weather.noaa.gov
      at GetAddrInfoReqWrap.onlookupall [as oncomplete] (node:dns:122:26) {
    errno: -3008,
    code: 'ENOTFOUND',
    syscall: 'getaddrinfo',
    hostname: 'mapservices.weather.noaa.gov'
  }
}
[weather] Weather snapshot unavailable for 35.98948,-92.76685
[weather] NWS fetch failed for 34.33975,-94.25069 [TypeError: fetch failed] {
  [cause]: Error: getaddrinfo ENOTFOUND api.weather.gov
      at GetAddrInfoReqWrap.onlookupall [as oncomplete] (node:dns:122:26) {
    errno: -3008,
    code: 'ENOTFOUND',
    syscall: 'getaddrinfo',
    hostname: 'api.weather.gov'
  }
}
[weather] NOAA precip fetch failed for 34.33975,-94.25069 [TypeError: fetch failed] {
  [cause]: Error: getaddrinfo ENOTFOUND mapservices.weather.noaa.gov
      at GetAddrInfoReqWrap.onlookupall [as oncomplete] (node:dns:122:26) {
    errno: -3008,
    code: 'ENOTFOUND',
    syscall: 'getaddrinfo',
    hostname: 'mapservices.weather.noaa.gov'
  }
}
[weather] Weather snapshot unavailable for 34.33975,-94.25069
[weather] NWS fetch failed for 35.68283,-93.78651 [TypeError: fetch failed] {
  [cause]: Error: getaddrinfo ENOTFOUND api.weather.gov
      at GetAddrInfoReqWrap.onlookupall [as oncomplete] (node:dns:122:26) {
    errno: -3008,
    code: 'ENOTFOUND',
    syscall: 'getaddrinfo',
    hostname: 'api.weather.gov'
  }
}
[weather] NOAA precip fetch failed for 35.68283,-93.78651 [TypeError: fetch failed] {
  [cause]: Error: getaddrinfo ENOTFOUND mapservices.weather.noaa.gov
      at GetAddrInfoReqWrap.onlookupall [as oncomplete] (node:dns:122:26) {
    errno: -3008,
    code: 'ENOTFOUND',
    syscall: 'getaddrinfo',
    hostname: 'mapservices.weather.noaa.gov'
  }
}
[weather] Weather snapshot unavailable for 35.68283,-93.78651
[weather] NWS fetch failed for 34.42611,-92.89083 [TypeError: fetch failed] {
  [cause]: Error: getaddrinfo ENOTFOUND api.weather.gov
      at GetAddrInfoReqWrap.onlookupall [as oncomplete] (node:dns:122:26) {
    errno: -3008,
    code: 'ENOTFOUND',
    syscall: 'getaddrinfo',
    hostname: 'api.weather.gov'
  }
}
[weather] NOAA precip fetch failed for 34.42611,-92.89083 [TypeError: fetch failed] {
  [cause]: Error: getaddrinfo ENOTFOUND mapservices.weather.noaa.gov
      at GetAddrInfoReqWrap.onlookupall [as oncomplete] (node:dns:122:26) {
    errno: -3008,
    code: 'ENOTFOUND',
    syscall: 'getaddrinfo',
    hostname: 'mapservices.weather.noaa.gov'
  }
}
[weather] Weather snapshot unavailable for 34.42611,-92.89083
[weather] NWS fetch failed for 34.58440,-92.69380 [TypeError: fetch failed] {
  [cause]: Error: getaddrinfo ENOTFOUND api.weather.gov
      at GetAddrInfoReqWrap.onlookupall [as oncomplete] (node:dns:122:26) {
    errno: -3008,
    code: 'ENOTFOUND',
    syscall: 'getaddrinfo',
    hostname: 'api.weather.gov'
  }
}
[weather] NOAA precip fetch failed for 34.58440,-92.69380 [TypeError: fetch failed] {
  [cause]: Error: getaddrinfo ENOTFOUND mapservices.weather.noaa.gov
      at GetAddrInfoReqWrap.onlookupall [as oncomplete] (node:dns:122:26) {
    errno: -3008,
    code: 'ENOTFOUND',
    syscall: 'getaddrinfo',
    hostname: 'mapservices.weather.noaa.gov'
  }
}
[weather] Weather snapshot unavailable for 34.58440,-92.69380
[weather] NWS fetch failed for 36.16694,-94.43446 [TypeError: fetch failed] {
  [cause]: Error: getaddrinfo ENOTFOUND api.weather.gov
      at GetAddrInfoReqWrap.onlookupall [as oncomplete] (node:dns:122:26) {
    errno: -3008,
    code: 'ENOTFOUND',
    syscall: 'getaddrinfo',
    hostname: 'api.weather.gov'
  }
}
[weather] NOAA precip fetch failed for 36.16694,-94.43446 [TypeError: fetch failed] {
  [cause]: Error: getaddrinfo ENOTFOUND mapservices.weather.noaa.gov
      at GetAddrInfoReqWrap.onlookupall [as oncomplete] (node:dns:122:26) {
    errno: -3008,
    code: 'ENOTFOUND',
    syscall: 'getaddrinfo',
    hostname: 'mapservices.weather.noaa.gov'
  }
}
[weather] Weather snapshot unavailable for 36.16694,-94.43446
[weather] NWS fetch failed for 36.12361,-94.51751 [TypeError: fetch failed] {
  [cause]: Error: getaddrinfo ENOTFOUND api.weather.gov
      at GetAddrInfoReqWrap.onlookupall [as oncomplete] (node:dns:122:26) {
    errno: -3008,
    code: 'ENOTFOUND',
    syscall: 'getaddrinfo',
    hostname: 'api.weather.gov'
  }
}
[weather] NOAA precip fetch failed for 36.12361,-94.51751 [TypeError: fetch failed] {
  [cause]: Error: getaddrinfo ENOTFOUND mapservices.weather.noaa.gov
      at GetAddrInfoReqWrap.onlookupall [as oncomplete] (node:dns:122:26) {
    errno: -3008,
    code: 'ENOTFOUND',
    syscall: 'getaddrinfo',
    hostname: 'mapservices.weather.noaa.gov'
  }
}
[weather] Weather snapshot unavailable for 36.12361,-94.51751
[weather] NWS fetch failed for 36.38000,-84.62000 [TypeError: fetch failed] {
  [cause]: Error: getaddrinfo ENOTFOUND api.weather.gov
      at GetAddrInfoReqWrap.onlookupall [as oncomplete] (node:dns:122:26) {
    errno: -3008,
    code: 'ENOTFOUND',
    syscall: 'getaddrinfo',
    hostname: 'api.weather.gov'
  }
}
[weather] NOAA precip fetch failed for 36.38000,-84.62000 [TypeError: fetch failed] {
  [cause]: Error: getaddrinfo ENOTFOUND mapservices.weather.noaa.gov
      at GetAddrInfoReqWrap.onlookupall [as oncomplete] (node:dns:122:26) {
    errno: -3008,
    code: 'ENOTFOUND',
    syscall: 'getaddrinfo',
    hostname: 'mapservices.weather.noaa.gov'
  }
}
[weather] Weather snapshot unavailable for 36.38000,-84.62000
[weather] NWS fetch failed for 35.77546,-83.09999 [TypeError: fetch failed] {
  [cause]: Error: getaddrinfo ENOTFOUND api.weather.gov
      at GetAddrInfoReqWrap.onlookupall [as oncomplete] (node:dns:122:26) {
    errno: -3008,
    code: 'ENOTFOUND',
    syscall: 'getaddrinfo',
    hostname: 'api.weather.gov'
  }
}
[weather] NOAA precip fetch failed for 35.77546,-83.09999 [TypeError: fetch failed] {
  [cause]: Error: getaddrinfo ENOTFOUND mapservices.weather.noaa.gov
      at GetAddrInfoReqWrap.onlookupall [as oncomplete] (node:dns:122:26) {
    errno: -3008,
    code: 'ENOTFOUND',
    syscall: 'getaddrinfo',
    hostname: 'mapservices.weather.noaa.gov'
  }
}
[weather] Weather snapshot unavailable for 35.77546,-83.09999
[weather] NWS fetch failed for 35.81767,-83.14497 [TypeError: fetch failed] {
  [cause]: Error: getaddrinfo ENOTFOUND api.weather.gov
      at GetAddrInfoReqWrap.onlookupall [as oncomplete] (node:dns:122:26) {
    errno: -3008,
    code: 'ENOTFOUND',
    syscall: 'getaddrinfo',
    hostname: 'api.weather.gov'
  }
}
[weather] NOAA precip fetch failed for 35.81767,-83.14497 [TypeError: fetch failed] {
  [cause]: Error: getaddrinfo ENOTFOUND mapservices.weather.noaa.gov
      at GetAddrInfoReqWrap.onlookupall [as oncomplete] (node:dns:122:26) {
    errno: -3008,
    code: 'ENOTFOUND',
    syscall: 'getaddrinfo',
    hostname: 'mapservices.weather.noaa.gov'
  }
}
[weather] Weather snapshot unavailable for 35.81767,-83.14497
[weather] NWS fetch failed for 35.04900,-85.21400 [TypeError: fetch failed] {
  [cause]: Error: getaddrinfo ENOTFOUND api.weather.gov
      at GetAddrInfoReqWrap.onlookupall [as oncomplete] (node:dns:122:26) {
    errno: -3008,
    code: 'ENOTFOUND',
    syscall: 'getaddrinfo',
    hostname: 'api.weather.gov'
  }
}
[weather] NOAA precip fetch failed for 35.04900,-85.21400 [TypeError: fetch failed] {
  [cause]: Error: getaddrinfo ENOTFOUND mapservices.weather.noaa.gov
      at GetAddrInfoReqWrap.onlookupall [as oncomplete] (node:dns:122:26) {
    errno: -3008,
    code: 'ENOTFOUND',
    syscall: 'getaddrinfo',
    hostname: 'mapservices.weather.noaa.gov'
  }
}
[weather] Weather snapshot unavailable for 35.04900,-85.21400
[weather] NWS fetch failed for 34.63750,-93.62980 [TypeError: fetch failed] {
  [cause]: Error: getaddrinfo ENOTFOUND api.weather.gov
      at GetAddrInfoReqWrap.onlookupall [as oncomplete] (node:dns:122:26) {
    errno: -3008,
    code: 'ENOTFOUND',
    syscall: 'getaddrinfo',
    hostname: 'api.weather.gov'
  }
}
[weather] NOAA precip fetch failed for 34.63750,-93.62980 [TypeError: fetch failed] {
  [cause]: Error: getaddrinfo ENOTFOUND mapservices.weather.noaa.gov
      at GetAddrInfoReqWrap.onlookupall [as oncomplete] (node:dns:122:26) {
    errno: -3008,
    code: 'ENOTFOUND',
    syscall: 'getaddrinfo',
    hostname: 'mapservices.weather.noaa.gov'
  }
}
[weather] Weather snapshot unavailable for 34.63750,-93.62980
[weather] NWS fetch failed for 39.86653,-79.49340 [TypeError: fetch failed] {
  [cause]: Error: getaddrinfo ENOTFOUND api.weather.gov
      at GetAddrInfoReqWrap.onlookupall [as oncomplete] (node:dns:122:26) {
    errno: -3008,
    code: 'ENOTFOUND',
    syscall: 'getaddrinfo',
    hostname: 'api.weather.gov'
  }
}
[weather] NOAA precip fetch failed for 39.86653,-79.49340 [TypeError: fetch failed] {
  [cause]: Error: getaddrinfo ENOTFOUND mapservices.weather.noaa.gov
      at GetAddrInfoReqWrap.onlookupall [as oncomplete] (node:dns:122:26) {
    errno: -3008,
    code: 'ENOTFOUND',
    syscall: 'getaddrinfo',
    hostname: 'mapservices.weather.noaa.gov'
  }
}
[weather] Weather snapshot unavailable for 39.86653,-79.49340
[weather] NWS fetch failed for 46.96620,-98.03020 [TypeError: fetch failed] {
  [cause]: Error: getaddrinfo ENOTFOUND api.weather.gov
      at GetAddrInfoReqWrap.onlookupall [as oncomplete] (node:dns:122:26) {
    errno: -3008,
    code: 'ENOTFOUND',
    syscall: 'getaddrinfo',
    hostname: 'api.weather.gov'
  }
}
[weather] NOAA precip fetch failed for 46.96620,-98.03020 [TypeError: fetch failed] {
  [cause]: Error: getaddrinfo ENOTFOUND mapservices.weather.noaa.gov
      at GetAddrInfoReqWrap.onlookupall [as oncomplete] (node:dns:122:26) {
    errno: -3008,
    code: 'ENOTFOUND',
    syscall: 'getaddrinfo',
    hostname: 'mapservices.weather.noaa.gov'
  }
}
[weather] Weather snapshot unavailable for 46.96620,-98.03020
[weather] NWS fetch failed for 40.38205,-87.33265 [TypeError: fetch failed] {
  [cause]: Error: getaddrinfo ENOTFOUND api.weather.gov
      at GetAddrInfoReqWrap.onlookupall [as oncomplete] (node:dns:122:26) {
    errno: -3008,
    code: 'ENOTFOUND',
    syscall: 'getaddrinfo',
    hostname: 'api.weather.gov'
  }
}
[weather] NOAA precip fetch failed for 40.38205,-87.33265 [TypeError: fetch failed] {
  [cause]: Error: getaddrinfo ENOTFOUND mapservices.weather.noaa.gov
      at GetAddrInfoReqWrap.onlookupall [as oncomplete] (node:dns:122:26) {
    errno: -3008,
    code: 'ENOTFOUND',
    syscall: 'getaddrinfo',
    hostname: 'mapservices.weather.noaa.gov'
  }
}
[weather] Weather snapshot unavailable for 40.38205,-87.33265
[weather] NWS fetch failed for 48.91690,-98.05600 [TypeError: fetch failed] {
  [cause]: Error: getaddrinfo ENOTFOUND api.weather.gov
      at GetAddrInfoReqWrap.onlookupall [as oncomplete] (node:dns:122:26) {
    errno: -3008,
    code: 'ENOTFOUND',
    syscall: 'getaddrinfo',
    hostname: 'api.weather.gov'
  }
}
[weather] NOAA precip fetch failed for 48.91690,-98.05600 [TypeError: fetch failed] {
  [cause]: Error: getaddrinfo ENOTFOUND mapservices.weather.noaa.gov
      at GetAddrInfoReqWrap.onlookupall [as oncomplete] (node:dns:122:26) {
    errno: -3008,
    code: 'ENOTFOUND',
    syscall: 'getaddrinfo',
    hostname: 'mapservices.weather.noaa.gov'
  }
}
[weather] Weather snapshot unavailable for 48.91690,-98.05600
[weather] NWS fetch failed for 46.89263,-103.54045 [TypeError: fetch failed] {
  [cause]: Error: getaddrinfo ENOTFOUND api.weather.gov
      at GetAddrInfoReqWrap.onlookupall [as oncomplete] (node:dns:122:26) {
    errno: -3008,
    code: 'ENOTFOUND',
    syscall: 'getaddrinfo',
    hostname: 'api.weather.gov'
  }
}
[weather] NOAA precip fetch failed for 46.89263,-103.54045 [TypeError: fetch failed] {
  [cause]: Error: getaddrinfo ENOTFOUND mapservices.weather.noaa.gov
      at GetAddrInfoReqWrap.onlookupall [as oncomplete] (node:dns:122:26) {
    errno: -3008,
    code: 'ENOTFOUND',
    syscall: 'getaddrinfo',
    hostname: 'mapservices.weather.noaa.gov'
  }
}
[weather] Weather snapshot unavailable for 46.89263,-103.54045
[weather] NWS fetch failed for 41.05527,-75.77158 [TypeError: fetch failed] {
  [cause]: Error: getaddrinfo ENOTFOUND api.weather.gov
      at GetAddrInfoReqWrap.onlookupall [as oncomplete] (node:dns:122:26) {
    errno: -3008,
    code: 'ENOTFOUND',
    syscall: 'getaddrinfo',
    hostname: 'api.weather.gov'
  }
}
[weather] NOAA precip fetch failed for 41.05527,-75.77158 [TypeError: fetch failed] {
  [cause]: Error: getaddrinfo ENOTFOUND mapservices.weather.noaa.gov
      at GetAddrInfoReqWrap.onlookupall [as oncomplete] (node:dns:122:26) {
    errno: -3008,
    code: 'ENOTFOUND',
    syscall: 'getaddrinfo',
    hostname: 'mapservices.weather.noaa.gov'
  }
}
[weather] Weather snapshot unavailable for 41.05527,-75.77158
[weather] NWS fetch failed for 40.96662,-75.75507 [TypeError: fetch failed] {
  [cause]: Error: getaddrinfo ENOTFOUND api.weather.gov
      at GetAddrInfoReqWrap.onlookupall [as oncomplete] (node:dns:122:26) {
    errno: -3008,
    code: 'ENOTFOUND',
    syscall: 'getaddrinfo',
    hostname: 'api.weather.gov'
  }
}
[weather] NOAA precip fetch failed for 40.96662,-75.75507 [TypeError: fetch failed] {
  [cause]: Error: getaddrinfo ENOTFOUND mapservices.weather.noaa.gov
      at GetAddrInfoReqWrap.onlookupall [as oncomplete] (node:dns:122:26) {
    errno: -3008,
    code: 'ENOTFOUND',
    syscall: 'getaddrinfo',
    hostname: 'mapservices.weather.noaa.gov'
  }
}
[weather] Weather snapshot unavailable for 40.96662,-75.75507
[weather] NWS fetch failed for 41.98833,-76.61167 [TypeError: fetch failed] {
  [cause]: Error: getaddrinfo ENOTFOUND api.weather.gov
      at GetAddrInfoReqWrap.onlookupall [as oncomplete] (node:dns:122:26) {
    errno: -3008,
    code: 'ENOTFOUND',
    syscall: 'getaddrinfo',
    hostname: 'api.weather.gov'
  }
}
[weather] NOAA precip fetch failed for 41.98833,-76.61167 [TypeError: fetch failed] {
  [cause]: Error: getaddrinfo ENOTFOUND mapservices.weather.noaa.gov
      at GetAddrInfoReqWrap.onlookupall [as oncomplete] (node:dns:122:26) {
    errno: -3008,
    code: 'ENOTFOUND',
    syscall: 'getaddrinfo',
    hostname: 'mapservices.weather.noaa.gov'
  }
}
[weather] Weather snapshot unavailable for 41.98833,-76.61167
[weather] NWS fetch failed for 41.80682,-76.48649 [TypeError: fetch failed] {
  [cause]: Error: getaddrinfo ENOTFOUND api.weather.gov
      at GetAddrInfoReqWrap.onlookupall [as oncomplete] (node:dns:122:26) {
    errno: -3008,
    code: 'ENOTFOUND',
    syscall: 'getaddrinfo',
    hostname: 'api.weather.gov'
  }
}
[weather] NOAA precip fetch failed for 41.80682,-76.48649 [TypeError: fetch failed] {
  [cause]: Error: getaddrinfo ENOTFOUND mapservices.weather.noaa.gov
      at GetAddrInfoReqWrap.onlookupall [as oncomplete] (node:dns:122:26) {
    errno: -3008,
    code: 'ENOTFOUND',
    syscall: 'getaddrinfo',
    hostname: 'mapservices.weather.noaa.gov'
  }
}
[weather] Weather snapshot unavailable for 41.80682,-76.48649
[weather] NWS fetch failed for 41.85250,-76.49722 [TypeError: fetch failed] {
  [cause]: Error: getaddrinfo ENOTFOUND api.weather.gov
      at GetAddrInfoReqWrap.onlookupall [as oncomplete] (node:dns:122:26) {
    errno: -3008,
    code: 'ENOTFOUND',
    syscall: 'getaddrinfo',
    hostname: 'api.weather.gov'
  }
}
[weather] NOAA precip fetch failed for 41.85250,-76.49722 [TypeError: fetch failed] {
  [cause]: Error: getaddrinfo ENOTFOUND mapservices.weather.noaa.gov
      at GetAddrInfoReqWrap.onlookupall [as oncomplete] (node:dns:122:26) {
    errno: -3008,
    code: 'ENOTFOUND',
    syscall: 'getaddrinfo',
    hostname: 'mapservices.weather.noaa.gov'
  }
}
[weather] Weather snapshot unavailable for 41.85250,-76.49722
[weather] NWS fetch failed for 41.76861,-76.43861 [TypeError: fetch failed] {
  [cause]: Error: getaddrinfo ENOTFOUND api.weather.gov
      at GetAddrInfoReqWrap.onlookupall [as oncomplete] (node:dns:122:26) {
    errno: -3008,
    code: 'ENOTFOUND',
    syscall: 'getaddrinfo',
    hostname: 'api.weather.gov'
  }
}
[weather] NOAA precip fetch failed for 41.76861,-76.43861 [TypeError: fetch failed] {
  [cause]: Error: getaddrinfo ENOTFOUND mapservices.weather.noaa.gov
      at GetAddrInfoReqWrap.onlookupall [as oncomplete] (node:dns:122:26) {
    errno: -3008,
    code: 'ENOTFOUND',
    syscall: 'getaddrinfo',
    hostname: 'mapservices.weather.noaa.gov'
  }
}
[weather] Weather snapshot unavailable for 41.76861,-76.43861
[weather] NWS fetch failed for 41.76770,-76.39760 [TypeError: fetch failed] {
  [cause]: Error: getaddrinfo ENOTFOUND api.weather.gov
      at GetAddrInfoReqWrap.onlookupall [as oncomplete] (node:dns:122:26) {
    errno: -3008,
    code: 'ENOTFOUND',
    syscall: 'getaddrinfo',
    hostname: 'api.weather.gov'
  }
}
[weather] NOAA precip fetch failed for 41.76770,-76.39760 [TypeError: fetch failed] {
  [cause]: Error: getaddrinfo ENOTFOUND mapservices.weather.noaa.gov
      at GetAddrInfoReqWrap.onlookupall [as oncomplete] (node:dns:122:26) {
    errno: -3008,
    code: 'ENOTFOUND',
    syscall: 'getaddrinfo',
    hostname: 'mapservices.weather.noaa.gov'
  }
}
[weather] Weather snapshot unavailable for 41.76770,-76.39760
[weather] NWS fetch failed for 41.22000,-76.01861 [TypeError: fetch failed] {
  [cause]: Error: getaddrinfo ENOTFOUND api.weather.gov
      at GetAddrInfoReqWrap.onlookupall [as oncomplete] (node:dns:122:26) {
    errno: -3008,
    code: 'ENOTFOUND',
    syscall: 'getaddrinfo',
    hostname: 'api.weather.gov'
  }
}
[weather] NOAA precip fetch failed for 41.22000,-76.01861 [TypeError: fetch failed] {
  [cause]: Error: getaddrinfo ENOTFOUND mapservices.weather.noaa.gov
      at GetAddrInfoReqWrap.onlookupall [as oncomplete] (node:dns:122:26) {
    errno: -3008,
    code: 'ENOTFOUND',
    syscall: 'getaddrinfo',
    hostname: 'mapservices.weather.noaa.gov'
  }
}
[weather] Weather snapshot unavailable for 41.22000,-76.01861
[weather] NWS fetch failed for 41.04000,-76.26111 [TypeError: fetch failed] {
  [cause]: Error: getaddrinfo ENOTFOUND api.weather.gov
      at GetAddrInfoReqWrap.onlookupall [as oncomplete] (node:dns:122:26) {
    errno: -3008,
    code: 'ENOTFOUND',
    syscall: 'getaddrinfo',
    hostname: 'api.weather.gov'
  }
}
[weather] NOAA precip fetch failed for 41.04000,-76.26111 [TypeError: fetch failed] {
  [cause]: Error: getaddrinfo ENOTFOUND mapservices.weather.noaa.gov
      at GetAddrInfoReqWrap.onlookupall [as oncomplete] (node:dns:122:26) {
    errno: -3008,
    code: 'ENOTFOUND',
    syscall: 'getaddrinfo',
    hostname: 'mapservices.weather.noaa.gov'
  }
}
[weather] Weather snapshot unavailable for 41.04000,-76.26111
[weather] NWS fetch failed for 40.94349,-76.59851 [TypeError: fetch failed] {
  [cause]: Error: getaddrinfo ENOTFOUND api.weather.gov
      at GetAddrInfoReqWrap.onlookupall [as oncomplete] (node:dns:122:26) {
    errno: -3008,
    code: 'ENOTFOUND',
    syscall: 'getaddrinfo',
    hostname: 'api.weather.gov'
  }
}
[weather] NOAA precip fetch failed for 40.94349,-76.59851 [TypeError: fetch failed] {
  [cause]: Error: getaddrinfo ENOTFOUND mapservices.weather.noaa.gov
      at GetAddrInfoReqWrap.onlookupall [as oncomplete] (node:dns:122:26) {
    errno: -3008,
    code: 'ENOTFOUND',
    syscall: 'getaddrinfo',
    hostname: 'mapservices.weather.noaa.gov'
  }
}
[weather] Weather snapshot unavailable for 40.94349,-76.59851
[weather] NWS fetch failed for 41.09096,-76.13093 [TypeError: fetch failed] {
  [cause]: Error: getaddrinfo ENOTFOUND api.weather.gov
      at GetAddrInfoReqWrap.onlookupall [as oncomplete] (node:dns:122:26) {
    errno: -3008,
    code: 'ENOTFOUND',
    syscall: 'getaddrinfo',
    hostname: 'api.weather.gov'
  }
}
[weather] NOAA precip fetch failed for 41.09096,-76.13093 [TypeError: fetch failed] {
  [cause]: Error: getaddrinfo ENOTFOUND mapservices.weather.noaa.gov
      at GetAddrInfoReqWrap.onlookupall [as oncomplete] (node:dns:122:26) {
    errno: -3008,
    code: 'ENOTFOUND',
    syscall: 'getaddrinfo',
    hostname: 'mapservices.weather.noaa.gov'
  }
}
[weather] Weather snapshot unavailable for 41.09096,-76.13093
[weather] NWS fetch failed for 40.99668,-76.43278 [TypeError: fetch failed] {
  [cause]: Error: getaddrinfo ENOTFOUND api.weather.gov
      at GetAddrInfoReqWrap.onlookupall [as oncomplete] (node:dns:122:26) {
    errno: -3008,
    code: 'ENOTFOUND',
    syscall: 'getaddrinfo',
    hostname: 'api.weather.gov'
  }
}
[weather] NOAA precip fetch failed for 40.99668,-76.43278 [TypeError: fetch failed] {
  [cause]: Error: getaddrinfo ENOTFOUND mapservices.weather.noaa.gov
      at GetAddrInfoReqWrap.onlookupall [as oncomplete] (node:dns:122:26) {
    errno: -3008,
    code: 'ENOTFOUND',
    syscall: 'getaddrinfo',
    hostname: 'mapservices.weather.noaa.gov'
  }
}
[weather] Weather snapshot unavailable for 40.99668,-76.43278
[weather] NWS fetch failed for 39.94650,-87.05907 [TypeError: fetch failed] {
  [cause]: Error: getaddrinfo ENOTFOUND api.weather.gov
      at GetAddrInfoReqWrap.onlookupall [as oncomplete] (node:dns:122:26) {
    errno: -3008,
    code: 'ENOTFOUND',
    syscall: 'getaddrinfo',
    hostname: 'api.weather.gov'
  }
}
[weather] NOAA precip fetch failed for 39.94650,-87.05907 [TypeError: fetch failed] {
  [cause]: Error: getaddrinfo ENOTFOUND mapservices.weather.noaa.gov
      at GetAddrInfoReqWrap.onlookupall [as oncomplete] (node:dns:122:26) {
    errno: -3008,
    code: 'ENOTFOUND',
    syscall: 'getaddrinfo',
    hostname: 'mapservices.weather.noaa.gov'
  }
}
[weather] Weather snapshot unavailable for 39.94650,-87.05907
[weather] NWS fetch failed for 40.45955,-86.66416 [TypeError: fetch failed] {
  [cause]: Error: getaddrinfo ENOTFOUND api.weather.gov
      at GetAddrInfoReqWrap.onlookupall [as oncomplete] (node:dns:122:26) {
    errno: -3008,
    code: 'ENOTFOUND',
    syscall: 'getaddrinfo',
    hostname: 'api.weather.gov'
  }
}
[weather] NOAA precip fetch failed for 40.45955,-86.66416 [TypeError: fetch failed] {
  [cause]: Error: getaddrinfo ENOTFOUND mapservices.weather.noaa.gov
      at GetAddrInfoReqWrap.onlookupall [as oncomplete] (node:dns:122:26) {
    errno: -3008,
    code: 'ENOTFOUND',
    syscall: 'getaddrinfo',
    hostname: 'mapservices.weather.noaa.gov'
  }
}
[weather] Weather snapshot unavailable for 40.45955,-86.66416
[weather] NWS fetch failed for 41.02036,-96.24974 [TypeError: fetch failed] {
  [cause]: Error: getaddrinfo ENOTFOUND api.weather.gov
      at GetAddrInfoReqWrap.onlookupall [as oncomplete] (node:dns:122:26) {
    errno: -3008,
    code: 'ENOTFOUND',
    syscall: 'getaddrinfo',
    hostname: 'api.weather.gov'
  }
}
[weather] NOAA precip fetch failed for 41.02036,-96.24974 [TypeError: fetch failed] {
  [cause]: Error: getaddrinfo ENOTFOUND mapservices.weather.noaa.gov
      at GetAddrInfoReqWrap.onlookupall [as oncomplete] (node:dns:122:26) {
    errno: -3008,
    code: 'ENOTFOUND',
    syscall: 'getaddrinfo',
    hostname: 'mapservices.weather.noaa.gov'
  }
}
[weather] Weather snapshot unavailable for 41.02036,-96.24974
[weather] NWS fetch failed for 40.99302,-96.20843 [TypeError: fetch failed] {
  [cause]: Error: getaddrinfo ENOTFOUND api.weather.gov
      at GetAddrInfoReqWrap.onlookupall [as oncomplete] (node:dns:122:26) {
    errno: -3008,
    code: 'ENOTFOUND',
    syscall: 'getaddrinfo',
    hostname: 'api.weather.gov'
  }
}
[weather] NOAA precip fetch failed for 40.99302,-96.20843 [TypeError: fetch failed] {
  [cause]: Error: getaddrinfo ENOTFOUND mapservices.weather.noaa.gov
      at GetAddrInfoReqWrap.onlookupall [as oncomplete] (node:dns:122:26) {
    errno: -3008,
    code: 'ENOTFOUND',
    syscall: 'getaddrinfo',
    hostname: 'mapservices.weather.noaa.gov'
  }
}
[weather] Weather snapshot unavailable for 40.99302,-96.20843
[weather] NWS fetch failed for 41.46117,-97.59935 [TypeError: fetch failed] {
  [cause]: Error: getaddrinfo ENOTFOUND api.weather.gov
      at GetAddrInfoReqWrap.onlookupall [as oncomplete] (node:dns:122:26) {
    errno: -3008,
    code: 'ENOTFOUND',
    syscall: 'getaddrinfo',
    hostname: 'api.weather.gov'
  }
}
[weather] NOAA precip fetch failed for 41.46117,-97.59935 [TypeError: fetch failed] {
  [cause]: Error: getaddrinfo ENOTFOUND mapservices.weather.noaa.gov
      at GetAddrInfoReqWrap.onlookupall [as oncomplete] (node:dns:122:26) {
    errno: -3008,
    code: 'ENOTFOUND',
    syscall: 'getaddrinfo',
    hostname: 'mapservices.weather.noaa.gov'
  }
}
[weather] Weather snapshot unavailable for 41.46117,-97.59935
[weather] NWS fetch failed for 41.41954,-97.36722 [TypeError: fetch failed] {
  [cause]: Error: getaddrinfo ENOTFOUND api.weather.gov
      at GetAddrInfoReqWrap.onlookupall [as oncomplete] (node:dns:122:26) {
    errno: -3008,
    code: 'ENOTFOUND',
    syscall: 'getaddrinfo',
    hostname: 'api.weather.gov'
  }
}
[weather] NOAA precip fetch failed for 41.41954,-97.36722 [TypeError: fetch failed] {
  [cause]: Error: getaddrinfo ENOTFOUND mapservices.weather.noaa.gov
      at GetAddrInfoReqWrap.onlookupall [as oncomplete] (node:dns:122:26) {
    errno: -3008,
    code: 'ENOTFOUND',
    syscall: 'getaddrinfo',
    hostname: 'mapservices.weather.noaa.gov'
  }
}
[weather] Weather snapshot unavailable for 41.41954,-97.36722
[weather] NWS fetch failed for 36.66740,-92.28170 [TypeError: fetch failed] {
  [cause]: Error: getaddrinfo ENOTFOUND api.weather.gov
      at GetAddrInfoReqWrap.onlookupall [as oncomplete] (node:dns:122:26) {
    errno: -3008,
    code: 'ENOTFOUND',
    syscall: 'getaddrinfo',
    hostname: 'api.weather.gov'
  }
}
[weather] NOAA precip fetch failed for 36.66740,-92.28170 [TypeError: fetch failed] {
  [cause]: Error: getaddrinfo ENOTFOUND mapservices.weather.noaa.gov
      at GetAddrInfoReqWrap.onlookupall [as oncomplete] (node:dns:122:26) {
    errno: -3008,
    code: 'ENOTFOUND',
    syscall: 'getaddrinfo',
    hostname: 'mapservices.weather.noaa.gov'
  }
}
[weather] Weather snapshot unavailable for 36.66740,-92.28170
[weather] NWS fetch failed for 29.14720,-97.31770 [TypeError: fetch failed] {
  [cause]: Error: getaddrinfo ENOTFOUND api.weather.gov
      at GetAddrInfoReqWrap.onlookupall [as oncomplete] (node:dns:122:26) {
    errno: -3008,
    code: 'ENOTFOUND',
    syscall: 'getaddrinfo',
    hostname: 'api.weather.gov'
  }
}
[weather] NOAA precip fetch failed for 29.14720,-97.31770 [TypeError: fetch failed] {
  [cause]: Error: getaddrinfo ENOTFOUND mapservices.weather.noaa.gov
      at GetAddrInfoReqWrap.onlookupall [as oncomplete] (node:dns:122:26) {
    errno: -3008,
    code: 'ENOTFOUND',
    syscall: 'getaddrinfo',
    hostname: 'mapservices.weather.noaa.gov'
  }
}
[weather] Weather snapshot unavailable for 29.14720,-97.31770
[weather] NWS fetch failed for 29.09030,-97.32960 [TypeError: fetch failed] {
  [cause]: Error: getaddrinfo ENOTFOUND api.weather.gov
      at GetAddrInfoReqWrap.onlookupall [as oncomplete] (node:dns:122:26) {
    errno: -3008,
    code: 'ENOTFOUND',
    syscall: 'getaddrinfo',
    hostname: 'api.weather.gov'
  }
}
[weather] NOAA precip fetch failed for 29.09030,-97.32960 [TypeError: fetch failed] {
  [cause]: Error: getaddrinfo ENOTFOUND mapservices.weather.noaa.gov
      at GetAddrInfoReqWrap.onlookupall [as oncomplete] (node:dns:122:26) {
    errno: -3008,
    code: 'ENOTFOUND',
    syscall: 'getaddrinfo',
    hostname: 'mapservices.weather.noaa.gov'
  }
}
[weather] Weather snapshot unavailable for 29.09030,-97.32960
[weather] NWS fetch failed for 41.64300,-88.44500 [TypeError: fetch failed] {
  [cause]: Error: getaddrinfo ENOTFOUND api.weather.gov
      at GetAddrInfoReqWrap.onlookupall [as oncomplete] (node:dns:122:26) {
    errno: -3008,
    code: 'ENOTFOUND',
    syscall: 'getaddrinfo',
    hostname: 'api.weather.gov'
  }
}
[weather] NOAA precip fetch failed for 41.64300,-88.44500 [TypeError: fetch failed] {
  [cause]: Error: getaddrinfo ENOTFOUND mapservices.weather.noaa.gov
      at GetAddrInfoReqWrap.onlookupall [as oncomplete] (node:dns:122:26) {
    errno: -3008,
    code: 'ENOTFOUND',
    syscall: 'getaddrinfo',
    hostname: 'mapservices.weather.noaa.gov'
  }
}
[weather] Weather snapshot unavailable for 41.64300,-88.44500
[weather] NWS fetch failed for 36.93330,-86.20430 [TypeError: fetch failed] {
  [cause]: Error: getaddrinfo ENOTFOUND api.weather.gov
      at GetAddrInfoReqWrap.onlookupall [as oncomplete] (node:dns:122:26) {
    errno: -3008,
    code: 'ENOTFOUND',
    syscall: 'getaddrinfo',
    hostname: 'api.weather.gov'
  }
}
[weather] NOAA precip fetch failed for 36.93330,-86.20430 [TypeError: fetch failed] {
  [cause]: Error: getaddrinfo ENOTFOUND mapservices.weather.noaa.gov
      at GetAddrInfoReqWrap.onlookupall [as oncomplete] (node:dns:122:26) {
    errno: -3008,
    code: 'ENOTFOUND',
    syscall: 'getaddrinfo',
    hostname: 'mapservices.weather.noaa.gov'
  }
}
[weather] Weather snapshot unavailable for 36.93330,-86.20430
[weather] NWS fetch failed for 37.17920,-84.45640 [TypeError: fetch failed] {
  [cause]: Error: getaddrinfo ENOTFOUND api.weather.gov
      at GetAddrInfoReqWrap.onlookupall [as oncomplete] (node:dns:122:26) {
    errno: -3008,
    code: 'ENOTFOUND',
    syscall: 'getaddrinfo',
    hostname: 'api.weather.gov'
  }
}
[weather] NOAA precip fetch failed for 37.17920,-84.45640 [TypeError: fetch failed] {
  [cause]: Error: getaddrinfo ENOTFOUND mapservices.weather.noaa.gov
      at GetAddrInfoReqWrap.onlookupall [as oncomplete] (node:dns:122:26) {
    errno: -3008,
    code: 'ENOTFOUND',
    syscall: 'getaddrinfo',
    hostname: 'mapservices.weather.noaa.gov'
  }
}
[weather] Weather snapshot unavailable for 37.17920,-84.45640
[weather] NWS fetch failed for 37.15160,-84.43920 [TypeError: fetch failed] {
  [cause]: Error: getaddrinfo ENOTFOUND api.weather.gov
      at GetAddrInfoReqWrap.onlookupall [as oncomplete] (node:dns:122:26) {
    errno: -3008,
    code: 'ENOTFOUND',
    syscall: 'getaddrinfo',
    hostname: 'api.weather.gov'
  }
}
[weather] NOAA precip fetch failed for 37.15160,-84.43920 [TypeError: fetch failed] {
  [cause]: Error: getaddrinfo ENOTFOUND mapservices.weather.noaa.gov
      at GetAddrInfoReqWrap.onlookupall [as oncomplete] (node:dns:122:26) {
    errno: -3008,
    code: 'ENOTFOUND',
    syscall: 'getaddrinfo',
    hostname: 'mapservices.weather.noaa.gov'
  }
}
[weather] Weather snapshot unavailable for 37.15160,-84.43920
[weather] NWS fetch failed for 37.10380,-84.43500 [TypeError: fetch failed] {
  [cause]: Error: getaddrinfo ENOTFOUND api.weather.gov
      at GetAddrInfoReqWrap.onlookupall [as oncomplete] (node:dns:122:26) {
    errno: -3008,
    code: 'ENOTFOUND',
    syscall: 'getaddrinfo',
    hostname: 'api.weather.gov'
  }
}
[weather] NOAA precip fetch failed for 37.10380,-84.43500 [TypeError: fetch failed] {
  [cause]: Error: getaddrinfo ENOTFOUND mapservices.weather.noaa.gov
      at GetAddrInfoReqWrap.onlookupall [as oncomplete] (node:dns:122:26) {
    errno: -3008,
    code: 'ENOTFOUND',
    syscall: 'getaddrinfo',
    hostname: 'mapservices.weather.noaa.gov'
  }
}
[weather] Weather snapshot unavailable for 37.10380,-84.43500
[weather] NWS fetch failed for 37.73480,-84.86370 [TypeError: fetch failed] {
  [cause]: Error: getaddrinfo ENOTFOUND api.weather.gov
      at GetAddrInfoReqWrap.onlookupall [as oncomplete] (node:dns:122:26) {
    errno: -3008,
    code: 'ENOTFOUND',
    syscall: 'getaddrinfo',
    hostname: 'api.weather.gov'
  }
}
[weather] NOAA precip fetch failed for 37.73480,-84.86370 [TypeError: fetch failed] {
  [cause]: Error: getaddrinfo ENOTFOUND mapservices.weather.noaa.gov
      at GetAddrInfoReqWrap.onlookupall [as oncomplete] (node:dns:122:26) {
    errno: -3008,
    code: 'ENOTFOUND',
    syscall: 'getaddrinfo',
    hostname: 'mapservices.weather.noaa.gov'
  }
}
[weather] Weather snapshot unavailable for 37.73480,-84.86370
[weather] NWS fetch failed for 37.99040,-84.91940 [TypeError: fetch failed] {
  [cause]: Error: getaddrinfo ENOTFOUND api.weather.gov
      at GetAddrInfoReqWrap.onlookupall [as oncomplete] (node:dns:122:26) {
    errno: -3008,
    code: 'ENOTFOUND',
    syscall: 'getaddrinfo',
    hostname: 'api.weather.gov'
  }
}
[weather] NOAA precip fetch failed for 37.99040,-84.91940 [TypeError: fetch failed] {
  [cause]: Error: getaddrinfo ENOTFOUND mapservices.weather.noaa.gov
      at GetAddrInfoReqWrap.onlookupall [as oncomplete] (node:dns:122:26) {
    errno: -3008,
    code: 'ENOTFOUND',
    syscall: 'getaddrinfo',
    hostname: 'mapservices.weather.noaa.gov'
  }
}
[weather] Weather snapshot unavailable for 37.99040,-84.91940
[weather] NWS fetch failed for 36.89470,-86.13480 [TypeError: fetch failed] {
  [cause]: Error: getaddrinfo ENOTFOUND api.weather.gov
      at GetAddrInfoReqWrap.onlookupall [as oncomplete] (node:dns:122:26) {
    errno: -3008,
    code: 'ENOTFOUND',
    syscall: 'getaddrinfo',
    hostname: 'api.weather.gov'
  }
}
[weather] NOAA precip fetch failed for 36.89470,-86.13480 [TypeError: fetch failed] {
  [cause]: Error: getaddrinfo ENOTFOUND mapservices.weather.noaa.gov
      at GetAddrInfoReqWrap.onlookupall [as oncomplete] (node:dns:122:26) {
    errno: -3008,
    code: 'ENOTFOUND',
    syscall: 'getaddrinfo',
    hostname: 'mapservices.weather.noaa.gov'
  }
}
[weather] Weather snapshot unavailable for 36.89470,-86.13480
[weather] NWS fetch failed for 40.53028,-77.14194 [TypeError: fetch failed] {
  [cause]: Error: getaddrinfo ENOTFOUND api.weather.gov
      at GetAddrInfoReqWrap.onlookupall [as oncomplete] (node:dns:122:26) {
    errno: -3008,
    code: 'ENOTFOUND',
    syscall: 'getaddrinfo',
    hostname: 'api.weather.gov'
  }
}
[weather] NOAA precip fetch failed for 40.53028,-77.14194 [TypeError: fetch failed] {
  [cause]: Error: getaddrinfo ENOTFOUND mapservices.weather.noaa.gov
      at GetAddrInfoReqWrap.onlookupall [as oncomplete] (node:dns:122:26) {
    errno: -3008,
    code: 'ENOTFOUND',
    syscall: 'getaddrinfo',
    hostname: 'mapservices.weather.noaa.gov'
  }
}
[weather] Weather snapshot unavailable for 40.53028,-77.14194
[weather] NWS fetch failed for 40.54000,-77.14972 [TypeError: fetch failed] {
  [cause]: Error: getaddrinfo ENOTFOUND api.weather.gov
      at GetAddrInfoReqWrap.onlookupall [as oncomplete] (node:dns:122:26) {
    errno: -3008,
    code: 'ENOTFOUND',
    syscall: 'getaddrinfo',
    hostname: 'api.weather.gov'
  }
}
[weather] NOAA precip fetch failed for 40.54000,-77.14972 [TypeError: fetch failed] {
  [cause]: Error: getaddrinfo ENOTFOUND mapservices.weather.noaa.gov
      at GetAddrInfoReqWrap.onlookupall [as oncomplete] (node:dns:122:26) {
    errno: -3008,
    code: 'ENOTFOUND',
    syscall: 'getaddrinfo',
    hostname: 'mapservices.weather.noaa.gov'
  }
}
[weather] Weather snapshot unavailable for 40.54000,-77.14972
[weather] NWS fetch failed for 37.20520,-83.73720 [TypeError: fetch failed] {
  [cause]: Error: getaddrinfo ENOTFOUND api.weather.gov
      at GetAddrInfoReqWrap.onlookupall [as oncomplete] (node:dns:122:26) {
    errno: -3008,
    code: 'ENOTFOUND',
    syscall: 'getaddrinfo',
    hostname: 'api.weather.gov'
  }
}
[weather] NOAA precip fetch failed for 37.20520,-83.73720 [TypeError: fetch failed] {
  [cause]: Error: getaddrinfo ENOTFOUND mapservices.weather.noaa.gov
      at GetAddrInfoReqWrap.onlookupall [as oncomplete] (node:dns:122:26) {
    errno: -3008,
    code: 'ENOTFOUND',
    syscall: 'getaddrinfo',
    hostname: 'mapservices.weather.noaa.gov'
  }
}
[weather] Weather snapshot unavailable for 37.20520,-83.73720
[weather] NWS fetch failed for 37.21630,-83.71750 [TypeError: fetch failed] {
  [cause]: Error: getaddrinfo ENOTFOUND api.weather.gov
      at GetAddrInfoReqWrap.onlookupall [as oncomplete] (node:dns:122:26) {
    errno: -3008,
    code: 'ENOTFOUND',
    syscall: 'getaddrinfo',
    hostname: 'api.weather.gov'
  }
}
[weather] NOAA precip fetch failed for 37.21630,-83.71750 [TypeError: fetch failed] {
  [cause]: Error: getaddrinfo ENOTFOUND mapservices.weather.noaa.gov
      at GetAddrInfoReqWrap.onlookupall [as oncomplete] (node:dns:122:26) {
    errno: -3008,
    code: 'ENOTFOUND',
    syscall: 'getaddrinfo',
    hostname: 'mapservices.weather.noaa.gov'
  }
}
[weather] Weather snapshot unavailable for 37.21630,-83.71750
[weather] NWS fetch failed for 37.21270,-83.70400 [TypeError: fetch failed] {
  [cause]: Error: getaddrinfo ENOTFOUND api.weather.gov
      at GetAddrInfoReqWrap.onlookupall [as oncomplete] (node:dns:122:26) {
    errno: -3008,
    code: 'ENOTFOUND',
    syscall: 'getaddrinfo',
    hostname: 'api.weather.gov'
  }
}
[weather] NOAA precip fetch failed for 37.21270,-83.70400 [TypeError: fetch failed] {
  [cause]: Error: getaddrinfo ENOTFOUND mapservices.weather.noaa.gov
      at GetAddrInfoReqWrap.onlookupall [as oncomplete] (node:dns:122:26) {
    errno: -3008,
    code: 'ENOTFOUND',
    syscall: 'getaddrinfo',
    hostname: 'mapservices.weather.noaa.gov'
  }
}
[weather] Weather snapshot unavailable for 37.21270,-83.70400
[weather] NWS fetch failed for 34.58520,-92.64670 [TypeError: fetch failed] {
  [cause]: Error: getaddrinfo ENOTFOUND api.weather.gov
      at GetAddrInfoReqWrap.onlookupall [as oncomplete] (node:dns:122:26) {
    errno: -3008,
    code: 'ENOTFOUND',
    syscall: 'getaddrinfo',
    hostname: 'api.weather.gov'
  }
}
[weather] NOAA precip fetch failed for 34.58520,-92.64670 [TypeError: fetch failed] {
  [cause]: Error: getaddrinfo ENOTFOUND mapservices.weather.noaa.gov
      at GetAddrInfoReqWrap.onlookupall [as oncomplete] (node:dns:122:26) {
    errno: -3008,
    code: 'ENOTFOUND',
    syscall: 'getaddrinfo',
    hostname: 'mapservices.weather.noaa.gov'
  }
}
[weather] Weather snapshot unavailable for 34.58520,-92.64670
[weather] NWS fetch failed for 34.58730,-92.60510 [TypeError: fetch failed] {
  [cause]: Error: getaddrinfo ENOTFOUND api.weather.gov
      at GetAddrInfoReqWrap.onlookupall [as oncomplete] (node:dns:122:26) {
    errno: -3008,
    code: 'ENOTFOUND',
    syscall: 'getaddrinfo',
    hostname: 'api.weather.gov'
  }
}
[weather] NOAA precip fetch failed for 34.58730,-92.60510 [TypeError: fetch failed] {
  [cause]: Error: getaddrinfo ENOTFOUND mapservices.weather.noaa.gov
      at GetAddrInfoReqWrap.onlookupall [as oncomplete] (node:dns:122:26) {
    errno: -3008,
    code: 'ENOTFOUND',
    syscall: 'getaddrinfo',
    hostname: 'mapservices.weather.noaa.gov'
  }
}
[weather] Weather snapshot unavailable for 34.58730,-92.60510
[weather] NWS fetch failed for 36.24665,-92.83494 [TypeError: fetch failed] {
  [cause]: Error: getaddrinfo ENOTFOUND api.weather.gov
      at GetAddrInfoReqWrap.onlookupall [as oncomplete] (node:dns:122:26) {
    errno: -3008,
    code: 'ENOTFOUND',
    syscall: 'getaddrinfo',
    hostname: 'api.weather.gov'
  }
}
[weather] NOAA precip fetch failed for 36.24665,-92.83494 [TypeError: fetch failed] {
  [cause]: Error: getaddrinfo ENOTFOUND mapservices.weather.noaa.gov
      at GetAddrInfoReqWrap.onlookupall [as oncomplete] (node:dns:122:26) {
    errno: -3008,
    code: 'ENOTFOUND',
    syscall: 'getaddrinfo',
    hostname: 'mapservices.weather.noaa.gov'
  }
}
[weather] Weather snapshot unavailable for 36.24665,-92.83494
[weather] NWS fetch failed for 36.24352,-92.79995 [TypeError: fetch failed] {
  [cause]: Error: getaddrinfo ENOTFOUND api.weather.gov
      at GetAddrInfoReqWrap.onlookupall [as oncomplete] (node:dns:122:26) {
    errno: -3008,
    code: 'ENOTFOUND',
    syscall: 'getaddrinfo',
    hostname: 'api.weather.gov'
  }
}
[weather] NOAA precip fetch failed for 36.24352,-92.79995 [TypeError: fetch failed] {
  [cause]: Error: getaddrinfo ENOTFOUND mapservices.weather.noaa.gov
      at GetAddrInfoReqWrap.onlookupall [as oncomplete] (node:dns:122:26) {
    errno: -3008,
    code: 'ENOTFOUND',
    syscall: 'getaddrinfo',
    hostname: 'mapservices.weather.noaa.gov'
  }
}
[weather] Weather snapshot unavailable for 36.24352,-92.79995
[weather] NWS fetch failed for 36.24973,-92.74860 [TypeError: fetch failed] {
  [cause]: Error: getaddrinfo ENOTFOUND api.weather.gov
      at GetAddrInfoReqWrap.onlookupall [as oncomplete] (node:dns:122:26) {
    errno: -3008,
    code: 'ENOTFOUND',
    syscall: 'getaddrinfo',
    hostname: 'api.weather.gov'
  }
}
[weather] NOAA precip fetch failed for 36.24973,-92.74860 [TypeError: fetch failed] {
  [cause]: Error: getaddrinfo ENOTFOUND mapservices.weather.noaa.gov
      at GetAddrInfoReqWrap.onlookupall [as oncomplete] (node:dns:122:26) {
    errno: -3008,
    code: 'ENOTFOUND',
    syscall: 'getaddrinfo',
    hostname: 'mapservices.weather.noaa.gov'
  }
}
[weather] Weather snapshot unavailable for 36.24973,-92.74860
[weather] NWS fetch failed for 37.32060,-83.66480 [TypeError: fetch failed] {
  [cause]: Error: getaddrinfo ENOTFOUND api.weather.gov
      at GetAddrInfoReqWrap.onlookupall [as oncomplete] (node:dns:122:26) {
    errno: -3008,
    code: 'ENOTFOUND',
    syscall: 'getaddrinfo',
    hostname: 'api.weather.gov'
  }
}
[weather] NOAA precip fetch failed for 37.32060,-83.66480 [TypeError: fetch failed] {
  [cause]: Error: getaddrinfo ENOTFOUND mapservices.weather.noaa.gov
      at GetAddrInfoReqWrap.onlookupall [as oncomplete] (node:dns:122:26) {
    errno: -3008,
    code: 'ENOTFOUND',
    syscall: 'getaddrinfo',
    hostname: 'mapservices.weather.noaa.gov'
  }
}
[weather] Weather snapshot unavailable for 37.32060,-83.66480
[weather] NWS fetch failed for 40.25671,-77.04117 [TypeError: fetch failed] {
  [cause]: Error: getaddrinfo ENOTFOUND api.weather.gov
      at GetAddrInfoReqWrap.onlookupall [as oncomplete] (node:dns:122:26) {
    errno: -3008,
    code: 'ENOTFOUND',
    syscall: 'getaddrinfo',
    hostname: 'api.weather.gov'
  }
}
[weather] NOAA precip fetch failed for 40.25671,-77.04117 [TypeError: fetch failed] {
  [cause]: Error: getaddrinfo ENOTFOUND mapservices.weather.noaa.gov
      at GetAddrInfoReqWrap.onlookupall [as oncomplete] (node:dns:122:26) {
    errno: -3008,
    code: 'ENOTFOUND',
    syscall: 'getaddrinfo',
    hostname: 'mapservices.weather.noaa.gov'
  }
}
[weather] Weather snapshot unavailable for 40.25671,-77.04117
[weather] NWS fetch failed for 40.25768,-77.02094 [TypeError: fetch failed] {
  [cause]: Error: getaddrinfo ENOTFOUND api.weather.gov
      at GetAddrInfoReqWrap.onlookupall [as oncomplete] (node:dns:122:26) {
    errno: -3008,
    code: 'ENOTFOUND',
    syscall: 'getaddrinfo',
    hostname: 'api.weather.gov'
  }
}
[weather] NOAA precip fetch failed for 40.25768,-77.02094 [TypeError: fetch failed] {
  [cause]: Error: getaddrinfo ENOTFOUND mapservices.weather.noaa.gov
      at GetAddrInfoReqWrap.onlookupall [as oncomplete] (node:dns:122:26) {
    errno: -3008,
    code: 'ENOTFOUND',
    syscall: 'getaddrinfo',
    hostname: 'mapservices.weather.noaa.gov'
  }
}
[weather] Weather snapshot unavailable for 40.25768,-77.02094
[weather] NWS fetch failed for 40.25463,-76.97530 [TypeError: fetch failed] {
  [cause]: Error: getaddrinfo ENOTFOUND api.weather.gov
      at GetAddrInfoReqWrap.onlookupall [as oncomplete] (node:dns:122:26) {
    errno: -3008,
    code: 'ENOTFOUND',
    syscall: 'getaddrinfo',
    hostname: 'api.weather.gov'
  }
}
[weather] NOAA precip fetch failed for 40.25463,-76.97530 [TypeError: fetch failed] {
  [cause]: Error: getaddrinfo ENOTFOUND mapservices.weather.noaa.gov
      at GetAddrInfoReqWrap.onlookupall [as oncomplete] (node:dns:122:26) {
    errno: -3008,
    code: 'ENOTFOUND',
    syscall: 'getaddrinfo',
    hostname: 'mapservices.weather.noaa.gov'
  }
}
[weather] Weather snapshot unavailable for 40.25463,-76.97530
[weather] NWS fetch failed for 40.64575,-85.03122 [TypeError: fetch failed] {
  [cause]: Error: getaddrinfo ENOTFOUND api.weather.gov
      at GetAddrInfoReqWrap.onlookupall [as oncomplete] (node:dns:122:26) {
    errno: -3008,
    code: 'ENOTFOUND',
    syscall: 'getaddrinfo',
    hostname: 'api.weather.gov'
  }
}
[weather] NOAA precip fetch failed for 40.64575,-85.03122 [TypeError: fetch failed] {
  [cause]: Error: getaddrinfo ENOTFOUND mapservices.weather.noaa.gov
      at GetAddrInfoReqWrap.onlookupall [as oncomplete] (node:dns:122:26) {
    errno: -3008,
    code: 'ENOTFOUND',
    syscall: 'getaddrinfo',
    hostname: 'mapservices.weather.noaa.gov'
  }
}
[weather] Weather snapshot unavailable for 40.64575,-85.03122
[weather] NWS fetch failed for 40.69891,-85.08282 [TypeError: fetch failed] {
  [cause]: Error: getaddrinfo ENOTFOUND api.weather.gov
      at GetAddrInfoReqWrap.onlookupall [as oncomplete] (node:dns:122:26) {
    errno: -3008,
    code: 'ENOTFOUND',
    syscall: 'getaddrinfo',
    hostname: 'api.weather.gov'
  }
}
[weather] NOAA precip fetch failed for 40.69891,-85.08282 [TypeError: fetch failed] {
  [cause]: Error: getaddrinfo ENOTFOUND mapservices.weather.noaa.gov
      at GetAddrInfoReqWrap.onlookupall [as oncomplete] (node:dns:122:26) {
    errno: -3008,
    code: 'ENOTFOUND',
    syscall: 'getaddrinfo',
    hostname: 'mapservices.weather.noaa.gov'
  }
}
[weather] Weather snapshot unavailable for 40.69891,-85.08282
[weather] NWS fetch failed for 40.19030,-85.36058 [TypeError: fetch failed] {
  [cause]: Error: getaddrinfo ENOTFOUND api.weather.gov
      at GetAddrInfoReqWrap.onlookupall [as oncomplete] (node:dns:122:26) {
    errno: -3008,
    code: 'ENOTFOUND',
    syscall: 'getaddrinfo',
    hostname: 'api.weather.gov'
  }
}
[weather] NOAA precip fetch failed for 40.19030,-85.36058 [TypeError: fetch failed] {
  [cause]: Error: getaddrinfo ENOTFOUND mapservices.weather.noaa.gov
      at GetAddrInfoReqWrap.onlookupall [as oncomplete] (node:dns:122:26) {
    errno: -3008,
    code: 'ENOTFOUND',
    syscall: 'getaddrinfo',
    hostname: 'mapservices.weather.noaa.gov'
  }
}
[weather] Weather snapshot unavailable for 40.19030,-85.36058
[weather] NWS fetch failed for 30.39779,-94.26502 [TypeError: fetch failed] {
  [cause]: Error: getaddrinfo ENOTFOUND api.weather.gov
      at GetAddrInfoReqWrap.onlookupall [as oncomplete] (node:dns:122:26) {
    errno: -3008,
    code: 'ENOTFOUND',
    syscall: 'getaddrinfo',
    hostname: 'api.weather.gov'
  }
}
[weather] NOAA precip fetch failed for 30.39779,-94.26502 [TypeError: fetch failed] {
  [cause]: Error: getaddrinfo ENOTFOUND mapservices.weather.noaa.gov
      at GetAddrInfoReqWrap.onlookupall [as oncomplete] (node:dns:122:26) {
    errno: -3008,
    code: 'ENOTFOUND',
    syscall: 'getaddrinfo',
    hostname: 'mapservices.weather.noaa.gov'
  }
}
[weather] Weather snapshot unavailable for 30.39779,-94.26502
[weather] NWS fetch failed for 30.34694,-94.23938 [TypeError: fetch failed] {
  [cause]: Error: getaddrinfo ENOTFOUND api.weather.gov
      at GetAddrInfoReqWrap.onlookupall [as oncomplete] (node:dns:122:26) {
    errno: -3008,
    code: 'ENOTFOUND',
    syscall: 'getaddrinfo',
    hostname: 'api.weather.gov'
  }
}
[weather] NOAA precip fetch failed for 30.34694,-94.23938 [TypeError: fetch failed] {
  [cause]: Error: getaddrinfo ENOTFOUND mapservices.weather.noaa.gov
      at GetAddrInfoReqWrap.onlookupall [as oncomplete] (node:dns:122:26) {
    errno: -3008,
    code: 'ENOTFOUND',
    syscall: 'getaddrinfo',
    hostname: 'mapservices.weather.noaa.gov'
  }
}
[weather] Weather snapshot unavailable for 30.34694,-94.23938
[weather] NWS fetch failed for 30.33450,-94.20391 [TypeError: fetch failed] {
  [cause]: Error: getaddrinfo ENOTFOUND api.weather.gov
      at GetAddrInfoReqWrap.onlookupall [as oncomplete] (node:dns:122:26) {
    errno: -3008,
    code: 'ENOTFOUND',
    syscall: 'getaddrinfo',
    hostname: 'api.weather.gov'
  }
}
[weather] NOAA precip fetch failed for 30.33450,-94.20391 [TypeError: fetch failed] {
  [cause]: Error: getaddrinfo ENOTFOUND mapservices.weather.noaa.gov
      at GetAddrInfoReqWrap.onlookupall [as oncomplete] (node:dns:122:26) {
    errno: -3008,
    code: 'ENOTFOUND',
    syscall: 'getaddrinfo',
    hostname: 'mapservices.weather.noaa.gov'
  }
}
[weather] Weather snapshot unavailable for 30.33450,-94.20391
[weather] NWS fetch failed for 30.28570,-94.19145 [TypeError: fetch failed] {
  [cause]: Error: getaddrinfo ENOTFOUND api.weather.gov
      at GetAddrInfoReqWrap.onlookupall [as oncomplete] (node:dns:122:26) {
    errno: -3008,
    code: 'ENOTFOUND',
    syscall: 'getaddrinfo',
    hostname: 'api.weather.gov'
  }
}
[weather] NOAA precip fetch failed for 30.28570,-94.19145 [TypeError: fetch failed] {
  [cause]: Error: getaddrinfo ENOTFOUND mapservices.weather.noaa.gov
      at GetAddrInfoReqWrap.onlookupall [as oncomplete] (node:dns:122:26) {
    errno: -3008,
    code: 'ENOTFOUND',
    syscall: 'getaddrinfo',
    hostname: 'mapservices.weather.noaa.gov'
  }
}
[weather] Weather snapshot unavailable for 30.28570,-94.19145
[weather] NWS fetch failed for 30.39780,-94.26470 [TypeError: fetch failed] {
  [cause]: Error: getaddrinfo ENOTFOUND api.weather.gov
      at GetAddrInfoReqWrap.onlookupall [as oncomplete] (node:dns:122:26) {
    errno: -3008,
    code: 'ENOTFOUND',
    syscall: 'getaddrinfo',
    hostname: 'api.weather.gov'
  }
}
[weather] NOAA precip fetch failed for 30.39780,-94.26470 [TypeError: fetch failed] {
  [cause]: Error: getaddrinfo ENOTFOUND mapservices.weather.noaa.gov
      at GetAddrInfoReqWrap.onlookupall [as oncomplete] (node:dns:122:26) {
    errno: -3008,
    code: 'ENOTFOUND',
    syscall: 'getaddrinfo',
    hostname: 'mapservices.weather.noaa.gov'
  }
}
[weather] Weather snapshot unavailable for 30.39780,-94.26470
[weather] NWS fetch failed for 37.24160,-85.34410 [TypeError: fetch failed] {
  [cause]: Error: getaddrinfo ENOTFOUND api.weather.gov
      at GetAddrInfoReqWrap.onlookupall [as oncomplete] (node:dns:122:26) {
    errno: -3008,
    code: 'ENOTFOUND',
    syscall: 'getaddrinfo',
    hostname: 'api.weather.gov'
  }
}
[weather] NOAA precip fetch failed for 37.24160,-85.34410 [TypeError: fetch failed] {
  [cause]: Error: getaddrinfo ENOTFOUND mapservices.weather.noaa.gov
      at GetAddrInfoReqWrap.onlookupall [as oncomplete] (node:dns:122:26) {
    errno: -3008,
    code: 'ENOTFOUND',
    syscall: 'getaddrinfo',
    hostname: 'mapservices.weather.noaa.gov'
  }
}
[weather] Weather snapshot unavailable for 37.24160,-85.34410
[weather] NWS fetch failed for 37.23530,-85.42410 [TypeError: fetch failed] {
  [cause]: Error: getaddrinfo ENOTFOUND api.weather.gov
      at GetAddrInfoReqWrap.onlookupall [as oncomplete] (node:dns:122:26) {
    errno: -3008,
    code: 'ENOTFOUND',
    syscall: 'getaddrinfo',
    hostname: 'api.weather.gov'
  }
}
[weather] NOAA precip fetch failed for 37.23530,-85.42410 [TypeError: fetch failed] {
  [cause]: Error: getaddrinfo ENOTFOUND mapservices.weather.noaa.gov
      at GetAddrInfoReqWrap.onlookupall [as oncomplete] (node:dns:122:26) {
    errno: -3008,
    code: 'ENOTFOUND',
    syscall: 'getaddrinfo',
    hostname: 'mapservices.weather.noaa.gov'
  }
}
[weather] Weather snapshot unavailable for 37.23530,-85.42410
[weather] NWS fetch failed for 37.27380,-85.47840 [TypeError: fetch failed] {
  [cause]: Error: getaddrinfo ENOTFOUND api.weather.gov
      at GetAddrInfoReqWrap.onlookupall [as oncomplete] (node:dns:122:26) {
    errno: -3008,
    code: 'ENOTFOUND',
    syscall: 'getaddrinfo',
    hostname: 'api.weather.gov'
  }
}
[weather] NOAA precip fetch failed for 37.27380,-85.47840 [TypeError: fetch failed] {
  [cause]: Error: getaddrinfo ENOTFOUND mapservices.weather.noaa.gov
      at GetAddrInfoReqWrap.onlookupall [as oncomplete] (node:dns:122:26) {
    errno: -3008,
    code: 'ENOTFOUND',
    syscall: 'getaddrinfo',
    hostname: 'mapservices.weather.noaa.gov'
  }
}
[weather] Weather snapshot unavailable for 37.27380,-85.47840
[weather] NWS fetch failed for 37.25810,-85.50570 [TypeError: fetch failed] {
  [cause]: Error: getaddrinfo ENOTFOUND api.weather.gov
      at GetAddrInfoReqWrap.onlookupall [as oncomplete] (node:dns:122:26) {
    errno: -3008,
    code: 'ENOTFOUND',
    syscall: 'getaddrinfo',
    hostname: 'api.weather.gov'
  }
}
[weather] NOAA precip fetch failed for 37.25810,-85.50570 [TypeError: fetch failed] {
  [cause]: Error: getaddrinfo ENOTFOUND mapservices.weather.noaa.gov
      at GetAddrInfoReqWrap.onlookupall [as oncomplete] (node:dns:122:26) {
    errno: -3008,
    code: 'ENOTFOUND',
    syscall: 'getaddrinfo',
    hostname: 'mapservices.weather.noaa.gov'
  }
}
[weather] Weather snapshot unavailable for 37.25810,-85.50570
[weather] NWS fetch failed for 37.24410,-85.47950 [TypeError: fetch failed] {
  [cause]: Error: getaddrinfo ENOTFOUND api.weather.gov
      at GetAddrInfoReqWrap.onlookupall [as oncomplete] (node:dns:122:26) {
    errno: -3008,
    code: 'ENOTFOUND',
    syscall: 'getaddrinfo',
    hostname: 'api.weather.gov'
  }
}
[weather] NOAA precip fetch failed for 37.24410,-85.47950 [TypeError: fetch failed] {
  [cause]: Error: getaddrinfo ENOTFOUND mapservices.weather.noaa.gov
      at GetAddrInfoReqWrap.onlookupall [as oncomplete] (node:dns:122:26) {
    errno: -3008,
    code: 'ENOTFOUND',
    syscall: 'getaddrinfo',
    hostname: 'mapservices.weather.noaa.gov'
  }
}
[weather] Weather snapshot unavailable for 37.24410,-85.47950
[weather] NWS fetch failed for 37.29100,-85.59130 [DOMException [AbortError]: This operation was aborted]
[weather] NOAA precip fetch failed for 37.29100,-85.59130 [DOMException [AbortError]: This operation was aborted]
[weather] Weather snapshot unavailable for 37.29100,-85.59130
[weather] NWS fetch failed for 37.29790,-85.85060 [DOMException [AbortError]: This operation was aborted]
[weather] NOAA precip fetch failed for 37.29790,-85.85060 [DOMException [AbortError]: This operation was aborted]
[weather] Weather snapshot unavailable for 37.29790,-85.85060
[weather] NWS fetch failed for 37.31830,-85.76920 [DOMException [AbortError]: This operation was aborted]
[weather] NOAA precip fetch failed for 37.31830,-85.76920 [DOMException [AbortError]: This operation was aborted]
[weather] Weather snapshot unavailable for 37.31830,-85.76920
[weather] NWS fetch failed for 37.35330,-85.70980 [DOMException [AbortError]: This operation was aborted]
[weather] NOAA precip fetch failed for 37.35330,-85.70980 [DOMException [AbortError]: This operation was aborted]
[weather] Weather snapshot unavailable for 37.35330,-85.70980
[weather] NWS fetch failed for 37.20240,-86.23760 [DOMException [AbortError]: This operation was aborted]
[weather] NOAA precip fetch failed for 37.20240,-86.23760 [DOMException [AbortError]: This operation was aborted]
[weather] Weather snapshot unavailable for 37.20240,-86.23760
[weather] NWS fetch failed for 37.26630,-85.88920 [DOMException [AbortError]: This operation was aborted]
[weather] NOAA precip fetch failed for 37.26630,-85.88920 [DOMException [AbortError]: This operation was aborted]
[weather] Weather snapshot unavailable for 37.26630,-85.88920
[weather] NOAA precip fetch failed for 30.39354,-99.88669 [TypeError: fetch failed] {
  [cause]: Error: getaddrinfo ENOTFOUND mapservices.weather.noaa.gov
      at GetAddrInfoReqWrap.onlookupall [as oncomplete] (node:dns:122:26) {
    errno: -3008,
    code: 'ENOTFOUND',
    syscall: 'getaddrinfo',
    hostname: 'mapservices.weather.noaa.gov'
  }
}
[weather] NWS fetch failed for 30.39354,-99.88669 [TypeError: fetch failed] {
  [cause]: Error: getaddrinfo ENOTFOUND api.weather.gov
      at GetAddrInfoReqWrap.onlookupall [as oncomplete] (node:dns:122:26) {
    errno: -3008,
    code: 'ENOTFOUND',
    syscall: 'getaddrinfo',
    hostname: 'api.weather.gov'
  }
}
[weather] Weather snapshot unavailable for 30.39354,-99.88669
[weather] NWS fetch failed for 30.44980,-99.81280 [TypeError: fetch failed] {
  [cause]: Error: getaddrinfo ENOTFOUND api.weather.gov
      at GetAddrInfoReqWrap.onlookupall [as oncomplete] (node:dns:122:26) {
    errno: -3008,
    code: 'ENOTFOUND',
    syscall: 'getaddrinfo',
    hostname: 'api.weather.gov'
  }
}
[weather] NOAA precip fetch failed for 30.44980,-99.81280 [TypeError: fetch failed] {
  [cause]: Error: getaddrinfo ENOTFOUND mapservices.weather.noaa.gov
      at GetAddrInfoReqWrap.onlookupall [as oncomplete] (node:dns:122:26) {
    errno: -3008,
    code: 'ENOTFOUND',
    syscall: 'getaddrinfo',
    hostname: 'mapservices.weather.noaa.gov'
  }
}
[weather] Weather snapshot unavailable for 30.44980,-99.81280
[weather] NWS fetch failed for 30.47890,-99.77780 [TypeError: fetch failed] {
  [cause]: Error: getaddrinfo ENOTFOUND api.weather.gov
      at GetAddrInfoReqWrap.onlookupall [as oncomplete] (node:dns:122:26) {
    errno: -3008,
    code: 'ENOTFOUND',
    syscall: 'getaddrinfo',
    hostname: 'api.weather.gov'
  }
}
[weather] NOAA precip fetch failed for 30.47890,-99.77780 [TypeError: fetch failed] {
  [cause]: Error: getaddrinfo ENOTFOUND mapservices.weather.noaa.gov
      at GetAddrInfoReqWrap.onlookupall [as oncomplete] (node:dns:122:26) {
    errno: -3008,
    code: 'ENOTFOUND',
    syscall: 'getaddrinfo',
    hostname: 'mapservices.weather.noaa.gov'
  }
}
[weather] Weather snapshot unavailable for 30.47890,-99.77780
[weather] NWS fetch failed for 36.76210,-84.22160 [TypeError: fetch failed] {
  [cause]: Error: getaddrinfo ENOTFOUND api.weather.gov
      at GetAddrInfoReqWrap.onlookupall [as oncomplete] (node:dns:122:26) {
    errno: -3008,
    code: 'ENOTFOUND',
    syscall: 'getaddrinfo',
    hostname: 'api.weather.gov'
  }
}
[weather] NOAA precip fetch failed for 36.76210,-84.22160 [TypeError: fetch failed] {
  [cause]: Error: getaddrinfo ENOTFOUND mapservices.weather.noaa.gov
      at GetAddrInfoReqWrap.onlookupall [as oncomplete] (node:dns:122:26) {
    errno: -3008,
    code: 'ENOTFOUND',
    syscall: 'getaddrinfo',
    hostname: 'mapservices.weather.noaa.gov'
  }
}
[weather] Weather snapshot unavailable for 36.76210,-84.22160
[weather] NWS fetch failed for 36.80770,-84.35460 [TypeError: fetch failed] {
  [cause]: Error: getaddrinfo ENOTFOUND api.weather.gov
      at GetAddrInfoReqWrap.onlookupall [as oncomplete] (node:dns:122:26) {
    errno: -3008,
    code: 'ENOTFOUND',
    syscall: 'getaddrinfo',
    hostname: 'api.weather.gov'
  }
}
[weather] NOAA precip fetch failed for 36.80770,-84.35460 [TypeError: fetch failed] {
  [cause]: Error: getaddrinfo ENOTFOUND mapservices.weather.noaa.gov
      at GetAddrInfoReqWrap.onlookupall [as oncomplete] (node:dns:122:26) {
    errno: -3008,
    code: 'ENOTFOUND',
    syscall: 'getaddrinfo',
    hostname: 'mapservices.weather.noaa.gov'
  }
}
[weather] Weather snapshot unavailable for 36.80770,-84.35460
[weather] NWS fetch failed for 36.77720,-84.34550 [TypeError: fetch failed] {
  [cause]: Error: getaddrinfo ENOTFOUND api.weather.gov
      at GetAddrInfoReqWrap.onlookupall [as oncomplete] (node:dns:122:26) {
    errno: -3008,
    code: 'ENOTFOUND',
    syscall: 'getaddrinfo',
    hostname: 'api.weather.gov'
  }
}
[weather] NOAA precip fetch failed for 36.77720,-84.34550 [TypeError: fetch failed] {
  [cause]: Error: getaddrinfo ENOTFOUND mapservices.weather.noaa.gov
      at GetAddrInfoReqWrap.onlookupall [as oncomplete] (node:dns:122:26) {
    errno: -3008,
    code: 'ENOTFOUND',
    syscall: 'getaddrinfo',
    hostname: 'mapservices.weather.noaa.gov'
  }
}
[weather] Weather snapshot unavailable for 36.77720,-84.34550
[weather] NWS fetch failed for 36.74470,-83.61030 [TypeError: fetch failed] {
  [cause]: Error: getaddrinfo ENOTFOUND api.weather.gov
      at GetAddrInfoReqWrap.onlookupall [as oncomplete] (node:dns:122:26) {
    errno: -3008,
    code: 'ENOTFOUND',
    syscall: 'getaddrinfo',
    hostname: 'api.weather.gov'
  }
}
[weather] NOAA precip fetch failed for 36.74470,-83.61030 [TypeError: fetch failed] {
  [cause]: Error: getaddrinfo ENOTFOUND mapservices.weather.noaa.gov
      at GetAddrInfoReqWrap.onlookupall [as oncomplete] (node:dns:122:26) {
    errno: -3008,
    code: 'ENOTFOUND',
    syscall: 'getaddrinfo',
    hostname: 'mapservices.weather.noaa.gov'
  }
}
[weather] Weather snapshot unavailable for 36.74470,-83.61030
[weather] NWS fetch failed for 36.79300,-83.75340 [TypeError: fetch failed] {
  [cause]: Error: getaddrinfo ENOTFOUND api.weather.gov
      at GetAddrInfoReqWrap.onlookupall [as oncomplete] (node:dns:122:26) {
    errno: -3008,
    code: 'ENOTFOUND',
    syscall: 'getaddrinfo',
    hostname: 'api.weather.gov'
  }
}
[weather] NOAA precip fetch failed for 36.79300,-83.75340 [TypeError: fetch failed] {
  [cause]: Error: getaddrinfo ENOTFOUND mapservices.weather.noaa.gov
      at GetAddrInfoReqWrap.onlookupall [as oncomplete] (node:dns:122:26) {
    errno: -3008,
    code: 'ENOTFOUND',
    syscall: 'getaddrinfo',
    hostname: 'mapservices.weather.noaa.gov'
  }
}
[weather] Weather snapshot unavailable for 36.79300,-83.75340
[weather] NWS fetch failed for 36.82400,-83.84400 [TypeError: fetch failed] {
  [cause]: Error: getaddrinfo ENOTFOUND api.weather.gov
      at GetAddrInfoReqWrap.onlookupall [as oncomplete] (node:dns:122:26) {
    errno: -3008,
    code: 'ENOTFOUND',
    syscall: 'getaddrinfo',
    hostname: 'api.weather.gov'
  }
}
[weather] NOAA precip fetch failed for 36.82400,-83.84400 [TypeError: fetch failed] {
  [cause]: Error: getaddrinfo ENOTFOUND mapservices.weather.noaa.gov
      at GetAddrInfoReqWrap.onlookupall [as oncomplete] (node:dns:122:26) {
    errno: -3008,
    code: 'ENOTFOUND',
    syscall: 'getaddrinfo',
    hostname: 'mapservices.weather.noaa.gov'
  }
}
[weather] Weather snapshot unavailable for 36.82400,-83.84400
[weather] NWS fetch failed for 36.74520,-84.15800 [TypeError: fetch failed] {
  [cause]: Error: getaddrinfo ENOTFOUND api.weather.gov
      at GetAddrInfoReqWrap.onlookupall [as oncomplete] (node:dns:122:26) {
    errno: -3008,
    code: 'ENOTFOUND',
    syscall: 'getaddrinfo',
    hostname: 'api.weather.gov'
  }
}
[weather] NOAA precip fetch failed for 36.74520,-84.15800 [TypeError: fetch failed] {
  [cause]: Error: getaddrinfo ENOTFOUND mapservices.weather.noaa.gov
      at GetAddrInfoReqWrap.onlookupall [as oncomplete] (node:dns:122:26) {
    errno: -3008,
    code: 'ENOTFOUND',
    syscall: 'getaddrinfo',
    hostname: 'mapservices.weather.noaa.gov'
  }
}
[weather] Weather snapshot unavailable for 36.74520,-84.15800
[weather] NWS fetch failed for 36.91340,-86.22930 [TypeError: fetch failed] {
  [cause]: Error: getaddrinfo ENOTFOUND api.weather.gov
      at GetAddrInfoReqWrap.onlookupall [as oncomplete] (node:dns:122:26) {
    errno: -3008,
    code: 'ENOTFOUND',
    syscall: 'getaddrinfo',
    hostname: 'api.weather.gov'
  }
}
[weather] NOAA precip fetch failed for 36.91340,-86.22930 [TypeError: fetch failed] {
  [cause]: Error: getaddrinfo ENOTFOUND mapservices.weather.noaa.gov
      at GetAddrInfoReqWrap.onlookupall [as oncomplete] (node:dns:122:26) {
    errno: -3008,
    code: 'ENOTFOUND',
    syscall: 'getaddrinfo',
    hostname: 'mapservices.weather.noaa.gov'
  }
}
[weather] Weather snapshot unavailable for 36.91340,-86.22930
[weather] NWS fetch failed for 37.00170,-86.42960 [TypeError: fetch failed] {
  [cause]: Error: getaddrinfo ENOTFOUND api.weather.gov
      at GetAddrInfoReqWrap.onlookupall [as oncomplete] (node:dns:122:26) {
    errno: -3008,
    code: 'ENOTFOUND',
    syscall: 'getaddrinfo',
    hostname: 'api.weather.gov'
  }
}
[weather] NOAA precip fetch failed for 37.00170,-86.42960 [TypeError: fetch failed] {
  [cause]: Error: getaddrinfo ENOTFOUND mapservices.weather.noaa.gov
      at GetAddrInfoReqWrap.onlookupall [as oncomplete] (node:dns:122:26) {
    errno: -3008,
    code: 'ENOTFOUND',
    syscall: 'getaddrinfo',
    hostname: 'mapservices.weather.noaa.gov'
  }
}
[weather] Weather snapshot unavailable for 37.00170,-86.42960
[weather] NWS fetch failed for 37.01920,-86.39330 [TypeError: fetch failed] {
  [cause]: Error: getaddrinfo ENOTFOUND api.weather.gov
      at GetAddrInfoReqWrap.onlookupall [as oncomplete] (node:dns:122:26) {
    errno: -3008,
    code: 'ENOTFOUND',
    syscall: 'getaddrinfo',
    hostname: 'api.weather.gov'
  }
}
[weather] NOAA precip fetch failed for 37.01920,-86.39330 [TypeError: fetch failed] {
  [cause]: Error: getaddrinfo ENOTFOUND mapservices.weather.noaa.gov
      at GetAddrInfoReqWrap.onlookupall [as oncomplete] (node:dns:122:26) {
    errno: -3008,
    code: 'ENOTFOUND',
    syscall: 'getaddrinfo',
    hostname: 'mapservices.weather.noaa.gov'
  }
}
[weather] Weather snapshot unavailable for 37.01920,-86.39330
[weather] NWS fetch failed for 37.01610,-86.44490 [TypeError: fetch failed] {
  [cause]: Error: getaddrinfo ENOTFOUND api.weather.gov
      at GetAddrInfoReqWrap.onlookupall [as oncomplete] (node:dns:122:26) {
    errno: -3008,
    code: 'ENOTFOUND',
    syscall: 'getaddrinfo',
    hostname: 'api.weather.gov'
  }
}
[weather] NOAA precip fetch failed for 37.01610,-86.44490 [TypeError: fetch failed] {
  [cause]: Error: getaddrinfo ENOTFOUND mapservices.weather.noaa.gov
      at GetAddrInfoReqWrap.onlookupall [as oncomplete] (node:dns:122:26) {
    errno: -3008,
    code: 'ENOTFOUND',
    syscall: 'getaddrinfo',
    hostname: 'mapservices.weather.noaa.gov'
  }
}
[weather] Weather snapshot unavailable for 37.01610,-86.44490
[weather] NWS fetch failed for 45.32182,-95.61747 [TypeError: fetch failed] {
  [cause]: Error: getaddrinfo ENOTFOUND api.weather.gov
      at GetAddrInfoReqWrap.onlookupall [as oncomplete] (node:dns:122:26) {
    errno: -3008,
    code: 'ENOTFOUND',
    syscall: 'getaddrinfo',
    hostname: 'api.weather.gov'
  }
}
[weather] NOAA precip fetch failed for 45.32182,-95.61747 [TypeError: fetch failed] {
  [cause]: Error: getaddrinfo ENOTFOUND mapservices.weather.noaa.gov
      at GetAddrInfoReqWrap.onlookupall [as oncomplete] (node:dns:122:26) {
    errno: -3008,
    code: 'ENOTFOUND',
    syscall: 'getaddrinfo',
    hostname: 'mapservices.weather.noaa.gov'
  }
}
[weather] Weather snapshot unavailable for 45.32182,-95.61747
[weather] NWS fetch failed for 45.20479,-95.66433 [TypeError: fetch failed] {
  [cause]: Error: getaddrinfo ENOTFOUND api.weather.gov
      at GetAddrInfoReqWrap.onlookupall [as oncomplete] (node:dns:122:26) {
    errno: -3008,
    code: 'ENOTFOUND',
    syscall: 'getaddrinfo',
    hostname: 'api.weather.gov'
  }
}
[weather] NOAA precip fetch failed for 45.20479,-95.66433 [TypeError: fetch failed] {
  [cause]: Error: getaddrinfo ENOTFOUND mapservices.weather.noaa.gov
      at GetAddrInfoReqWrap.onlookupall [as oncomplete] (node:dns:122:26) {
    errno: -3008,
    code: 'ENOTFOUND',
    syscall: 'getaddrinfo',
    hostname: 'mapservices.weather.noaa.gov'
  }
}
[weather] Weather snapshot unavailable for 45.20479,-95.66433
[weather] NWS fetch failed for 45.02349,-95.79027 [TypeError: fetch failed] {
  [cause]: Error: getaddrinfo ENOTFOUND api.weather.gov
      at GetAddrInfoReqWrap.onlookupall [as oncomplete] (node:dns:122:26) {
    errno: -3008,
    code: 'ENOTFOUND',
    syscall: 'getaddrinfo',
    hostname: 'api.weather.gov'
  }
}
[weather] NOAA precip fetch failed for 45.02349,-95.79027 [TypeError: fetch failed] {
  [cause]: Error: getaddrinfo ENOTFOUND mapservices.weather.noaa.gov
      at GetAddrInfoReqWrap.onlookupall [as oncomplete] (node:dns:122:26) {
    errno: -3008,
    code: 'ENOTFOUND',
    syscall: 'getaddrinfo',
    hostname: 'mapservices.weather.noaa.gov'
  }
}
[weather] Weather snapshot unavailable for 45.02349,-95.79027
[weather] NWS fetch failed for 44.17505,-94.00145 [TypeError: fetch failed] {
  [cause]: Error: getaddrinfo ENOTFOUND api.weather.gov
      at GetAddrInfoReqWrap.onlookupall [as oncomplete] (node:dns:122:26) {
    errno: -3008,
    code: 'ENOTFOUND',
    syscall: 'getaddrinfo',
    hostname: 'api.weather.gov'
  }
}
[weather] NOAA precip fetch failed for 44.17505,-94.00145 [TypeError: fetch failed] {
  [cause]: Error: getaddrinfo ENOTFOUND mapservices.weather.noaa.gov
      at GetAddrInfoReqWrap.onlookupall [as oncomplete] (node:dns:122:26) {
    errno: -3008,
    code: 'ENOTFOUND',
    syscall: 'getaddrinfo',
    hostname: 'mapservices.weather.noaa.gov'
  }
}
[weather] Weather snapshot unavailable for 44.17505,-94.00145
[weather] NWS fetch failed for 42.89336,-89.29837 [TypeError: fetch failed] {
  [cause]: Error: getaddrinfo ENOTFOUND api.weather.gov
      at GetAddrInfoReqWrap.onlookupall [as oncomplete] (node:dns:122:26) {
    errno: -3008,
    code: 'ENOTFOUND',
    syscall: 'getaddrinfo',
    hostname: 'api.weather.gov'
  }
}
[weather] NOAA precip fetch failed for 42.89336,-89.29837 [TypeError: fetch failed] {
  [cause]: Error: getaddrinfo ENOTFOUND mapservices.weather.noaa.gov
      at GetAddrInfoReqWrap.onlookupall [as oncomplete] (node:dns:122:26) {
    errno: -3008,
    code: 'ENOTFOUND',
    syscall: 'getaddrinfo',
    hostname: 'mapservices.weather.noaa.gov'
  }
}
[weather] Weather snapshot unavailable for 42.89336,-89.29837
[weather] NWS fetch failed for 43.78467,-90.55023 [TypeError: fetch failed] {
  [cause]: Error: getaddrinfo ENOTFOUND api.weather.gov
      at GetAddrInfoReqWrap.onlookupall [as oncomplete] (node:dns:122:26) {
    errno: -3008,
    code: 'ENOTFOUND',
    syscall: 'getaddrinfo',
    hostname: 'api.weather.gov'
  }
}
[weather] NOAA precip fetch failed for 43.78467,-90.55023 [TypeError: fetch failed] {
  [cause]: Error: getaddrinfo ENOTFOUND mapservices.weather.noaa.gov
      at GetAddrInfoReqWrap.onlookupall [as oncomplete] (node:dns:122:26) {
    errno: -3008,
    code: 'ENOTFOUND',
    syscall: 'getaddrinfo',
    hostname: 'mapservices.weather.noaa.gov'
  }
}
[weather] Weather snapshot unavailable for 43.78467,-90.55023
[weather] NWS fetch failed for 42.55076,-88.99257 [TypeError: fetch failed] {
  [cause]: Error: getaddrinfo ENOTFOUND api.weather.gov
      at GetAddrInfoReqWrap.onlookupall [as oncomplete] (node:dns:122:26) {
    errno: -3008,
    code: 'ENOTFOUND',
    syscall: 'getaddrinfo',
    hostname: 'api.weather.gov'
  }
}
[weather] NOAA precip fetch failed for 42.55076,-88.99257 [TypeError: fetch failed] {
  [cause]: Error: getaddrinfo ENOTFOUND mapservices.weather.noaa.gov
      at GetAddrInfoReqWrap.onlookupall [as oncomplete] (node:dns:122:26) {
    errno: -3008,
    code: 'ENOTFOUND',
    syscall: 'getaddrinfo',
    hostname: 'mapservices.weather.noaa.gov'
  }
}
[weather] Weather snapshot unavailable for 42.55076,-88.99257
[weather] NWS fetch failed for 45.33596,-89.46462 [TypeError: fetch failed] {
  [cause]: Error: getaddrinfo ENOTFOUND api.weather.gov
      at GetAddrInfoReqWrap.onlookupall [as oncomplete] (node:dns:122:26) {
    errno: -3008,
    code: 'ENOTFOUND',
    syscall: 'getaddrinfo',
    hostname: 'api.weather.gov'
  }
}
[weather] NOAA precip fetch failed for 45.33596,-89.46462 [TypeError: fetch failed] {
  [cause]: Error: getaddrinfo ENOTFOUND mapservices.weather.noaa.gov
      at GetAddrInfoReqWrap.onlookupall [as oncomplete] (node:dns:122:26) {
    errno: -3008,
    code: 'ENOTFOUND',
    syscall: 'getaddrinfo',
    hostname: 'mapservices.weather.noaa.gov'
  }
}
[weather] Weather snapshot unavailable for 45.33596,-89.46462
[weather] NWS fetch failed for 45.95279,-94.39148 [TypeError: fetch failed] {
  [cause]: Error: getaddrinfo ENOTFOUND api.weather.gov
      at GetAddrInfoReqWrap.onlookupall [as oncomplete] (node:dns:122:26) {
    errno: -3008,
    code: 'ENOTFOUND',
    syscall: 'getaddrinfo',
    hostname: 'api.weather.gov'
  }
}
[weather] NOAA precip fetch failed for 45.95279,-94.39148 [TypeError: fetch failed] {
  [cause]: Error: getaddrinfo ENOTFOUND mapservices.weather.noaa.gov
      at GetAddrInfoReqWrap.onlookupall [as oncomplete] (node:dns:122:26) {
    errno: -3008,
    code: 'ENOTFOUND',
    syscall: 'getaddrinfo',
    hostname: 'mapservices.weather.noaa.gov'
  }
}
[weather] Weather snapshot unavailable for 45.95279,-94.39148
[weather] NWS fetch failed for 46.36122,-92.84372 [TypeError: fetch failed] {
  [cause]: Error: getaddrinfo ENOTFOUND api.weather.gov
      at GetAddrInfoReqWrap.onlookupall [as oncomplete] (node:dns:122:26) {
    errno: -3008,
    code: 'ENOTFOUND',
    syscall: 'getaddrinfo',
    hostname: 'api.weather.gov'
  }
}
[weather] NOAA precip fetch failed for 46.36122,-92.84372 [TypeError: fetch failed] {
  [cause]: Error: getaddrinfo ENOTFOUND mapservices.weather.noaa.gov
      at GetAddrInfoReqWrap.onlookupall [as oncomplete] (node:dns:122:26) {
    errno: -3008,
    code: 'ENOTFOUND',
    syscall: 'getaddrinfo',
    hostname: 'mapservices.weather.noaa.gov'
  }
}
[weather] Weather snapshot unavailable for 46.36122,-92.84372
[weather] NWS fetch failed for 47.26697,-96.83382 [TypeError: fetch failed] {
  [cause]: Error: getaddrinfo ENOTFOUND api.weather.gov
      at GetAddrInfoReqWrap.onlookupall [as oncomplete] (node:dns:122:26) {
    errno: -3008,
    code: 'ENOTFOUND',
    syscall: 'getaddrinfo',
    hostname: 'api.weather.gov'
  }
}
[weather] NOAA precip fetch failed for 47.26697,-96.83382 [TypeError: fetch failed] {
  [cause]: Error: getaddrinfo ENOTFOUND mapservices.weather.noaa.gov
      at GetAddrInfoReqWrap.onlookupall [as oncomplete] (node:dns:122:26) {
    errno: -3008,
    code: 'ENOTFOUND',
    syscall: 'getaddrinfo',
    hostname: 'mapservices.weather.noaa.gov'
  }
}
[weather] Weather snapshot unavailable for 47.26697,-96.83382
[weather] NWS fetch failed for 46.10792,-92.86372 [TypeError: fetch failed] {
  [cause]: Error: getaddrinfo ENOTFOUND api.weather.gov
      at GetAddrInfoReqWrap.onlookupall [as oncomplete] (node:dns:122:26) {
    errno: -3008,
    code: 'ENOTFOUND',
    syscall: 'getaddrinfo',
    hostname: 'api.weather.gov'
  }
}
[weather] NOAA precip fetch failed for 46.10792,-92.86372 [TypeError: fetch failed] {
  [cause]: Error: getaddrinfo ENOTFOUND mapservices.weather.noaa.gov
      at GetAddrInfoReqWrap.onlookupall [as oncomplete] (node:dns:122:26) {
    errno: -3008,
    code: 'ENOTFOUND',
    syscall: 'getaddrinfo',
    hostname: 'mapservices.weather.noaa.gov'
  }
}
[weather] Weather snapshot unavailable for 46.10792,-92.86372
[weather] NWS fetch failed for 47.40093,-92.37760 [TypeError: fetch failed] {
  [cause]: Error: getaddrinfo ENOTFOUND api.weather.gov
      at GetAddrInfoReqWrap.onlookupall [as oncomplete] (node:dns:122:26) {
    errno: -3008,
    code: 'ENOTFOUND',
    syscall: 'getaddrinfo',
    hostname: 'api.weather.gov'
  }
}
[weather] NOAA precip fetch failed for 47.40093,-92.37760 [TypeError: fetch failed] {
  [cause]: Error: getaddrinfo ENOTFOUND mapservices.weather.noaa.gov
      at GetAddrInfoReqWrap.onlookupall [as oncomplete] (node:dns:122:26) {
    errno: -3008,
    code: 'ENOTFOUND',
    syscall: 'getaddrinfo',
    hostname: 'mapservices.weather.noaa.gov'
  }
}
[weather] Weather snapshot unavailable for 47.40093,-92.37760
[weather] NWS fetch failed for 43.74642,-92.95815 [TypeError: fetch failed] {
  [cause]: Error: getaddrinfo ENOTFOUND api.weather.gov
      at GetAddrInfoReqWrap.onlookupall [as oncomplete] (node:dns:122:26) {
    errno: -3008,
    code: 'ENOTFOUND',
    syscall: 'getaddrinfo',
    hostname: 'api.weather.gov'
  }
}
[weather] NOAA precip fetch failed for 43.74642,-92.95815 [TypeError: fetch failed] {
  [cause]: Error: getaddrinfo ENOTFOUND mapservices.weather.noaa.gov
      at GetAddrInfoReqWrap.onlookupall [as oncomplete] (node:dns:122:26) {
    errno: -3008,
    code: 'ENOTFOUND',
    syscall: 'getaddrinfo',
    hostname: 'mapservices.weather.noaa.gov'
  }
}
[weather] Weather snapshot unavailable for 43.74642,-92.95815
[weather] NWS fetch failed for 46.97135,-92.82583 [TypeError: fetch failed] {
  [cause]: Error: getaddrinfo ENOTFOUND api.weather.gov
      at GetAddrInfoReqWrap.onlookupall [as oncomplete] (node:dns:122:26) {
    errno: -3008,
    code: 'ENOTFOUND',
    syscall: 'getaddrinfo',
    hostname: 'api.weather.gov'
  }
}
[weather] NOAA precip fetch failed for 46.97135,-92.82583 [TypeError: fetch failed] {
  [cause]: Error: getaddrinfo ENOTFOUND mapservices.weather.noaa.gov
      at GetAddrInfoReqWrap.onlookupall [as oncomplete] (node:dns:122:26) {
    errno: -3008,
    code: 'ENOTFOUND',
    syscall: 'getaddrinfo',
    hostname: 'mapservices.weather.noaa.gov'
  }
}
[weather] Weather snapshot unavailable for 46.97135,-92.82583
[weather] NWS fetch failed for 46.92918,-92.91707 [TypeError: fetch failed] {
  [cause]: Error: getaddrinfo ENOTFOUND api.weather.gov
      at GetAddrInfoReqWrap.onlookupall [as oncomplete] (node:dns:122:26) {
    errno: -3008,
    code: 'ENOTFOUND',
    syscall: 'getaddrinfo',
    hostname: 'api.weather.gov'
  }
}
[weather] NOAA precip fetch failed for 46.92918,-92.91707 [TypeError: fetch failed] {
  [cause]: Error: getaddrinfo ENOTFOUND mapservices.weather.noaa.gov
      at GetAddrInfoReqWrap.onlookupall [as oncomplete] (node:dns:122:26) {
    errno: -3008,
    code: 'ENOTFOUND',
    syscall: 'getaddrinfo',
    hostname: 'mapservices.weather.noaa.gov'
  }
}
[weather] Weather snapshot unavailable for 46.92918,-92.91707
[weather] NWS fetch failed for 44.73173,-95.41945 [TypeError: fetch failed] {
  [cause]: Error: getaddrinfo ENOTFOUND api.weather.gov
      at GetAddrInfoReqWrap.onlookupall [as oncomplete] (node:dns:122:26) {
    errno: -3008,
    code: 'ENOTFOUND',
    syscall: 'getaddrinfo',
    hostname: 'api.weather.gov'
  }
}
[weather] NOAA precip fetch failed for 44.73173,-95.41945 [TypeError: fetch failed] {
  [cause]: Error: getaddrinfo ENOTFOUND mapservices.weather.noaa.gov
      at GetAddrInfoReqWrap.onlookupall [as oncomplete] (node:dns:122:26) {
    errno: -3008,
    code: 'ENOTFOUND',
    syscall: 'getaddrinfo',
    hostname: 'mapservices.weather.noaa.gov'
  }
}
[weather] Weather snapshot unavailable for 44.73173,-95.41945
[weather] NWS fetch failed for 47.22507,-93.80213 [TypeError: fetch failed] {
  [cause]: Error: getaddrinfo ENOTFOUND api.weather.gov
      at GetAddrInfoReqWrap.onlookupall [as oncomplete] (node:dns:122:26) {
    errno: -3008,
    code: 'ENOTFOUND',
    syscall: 'getaddrinfo',
    hostname: 'api.weather.gov'
  }
}
[weather] NOAA precip fetch failed for 47.22507,-93.80213 [TypeError: fetch failed] {
  [cause]: Error: getaddrinfo ENOTFOUND mapservices.weather.noaa.gov
      at GetAddrInfoReqWrap.onlookupall [as oncomplete] (node:dns:122:26) {
    errno: -3008,
    code: 'ENOTFOUND',
    syscall: 'getaddrinfo',
    hostname: 'mapservices.weather.noaa.gov'
  }
}
[weather] Weather snapshot unavailable for 47.22507,-93.80213
[weather] NWS fetch failed for 43.62538,-94.98720 [TypeError: fetch failed] {
  [cause]: Error: getaddrinfo ENOTFOUND api.weather.gov
      at GetAddrInfoReqWrap.onlookupall [as oncomplete] (node:dns:122:26) {
    errno: -3008,
    code: 'ENOTFOUND',
    syscall: 'getaddrinfo',
    hostname: 'api.weather.gov'
  }
}
[weather] NOAA precip fetch failed for 43.62538,-94.98720 [TypeError: fetch failed] {
  [cause]: Error: getaddrinfo ENOTFOUND mapservices.weather.noaa.gov
      at GetAddrInfoReqWrap.onlookupall [as oncomplete] (node:dns:122:26) {
    errno: -3008,
    code: 'ENOTFOUND',
    syscall: 'getaddrinfo',
    hostname: 'mapservices.weather.noaa.gov'
  }
}
[weather] Weather snapshot unavailable for 43.62538,-94.98720
[weather] NWS fetch failed for 43.11448,-90.91266 [TypeError: fetch failed] {
  [cause]: Error: getaddrinfo ENOTFOUND api.weather.gov
      at GetAddrInfoReqWrap.onlookupall [as oncomplete] (node:dns:122:26) {
    errno: -3008,
    code: 'ENOTFOUND',
    syscall: 'getaddrinfo',
    hostname: 'api.weather.gov'
  }
}
[weather] NOAA precip fetch failed for 43.11448,-90.91266 [TypeError: fetch failed] {
  [cause]: Error: getaddrinfo ENOTFOUND mapservices.weather.noaa.gov
      at GetAddrInfoReqWrap.onlookupall [as oncomplete] (node:dns:122:26) {
    errno: -3008,
    code: 'ENOTFOUND',
    syscall: 'getaddrinfo',
    hostname: 'mapservices.weather.noaa.gov'
  }
}
[weather] Weather snapshot unavailable for 43.11448,-90.91266
[weather] NWS fetch failed for 47.30209,-93.90339 [TypeError: fetch failed] {
  [cause]: Error: getaddrinfo ENOTFOUND api.weather.gov
      at GetAddrInfoReqWrap.onlookupall [as oncomplete] (node:dns:122:26) {
    errno: -3008,
    code: 'ENOTFOUND',
    syscall: 'getaddrinfo',
    hostname: 'api.weather.gov'
  }
}
[weather] NOAA precip fetch failed for 47.30209,-93.90339 [TypeError: fetch failed] {
  [cause]: Error: getaddrinfo ENOTFOUND mapservices.weather.noaa.gov
      at GetAddrInfoReqWrap.onlookupall [as oncomplete] (node:dns:122:26) {
    errno: -3008,
    code: 'ENOTFOUND',
    syscall: 'getaddrinfo',
    hostname: 'mapservices.weather.noaa.gov'
  }
}
[weather] Weather snapshot unavailable for 47.30209,-93.90339
[weather] NWS fetch failed for 46.43763,-91.02620 [TypeError: fetch failed] {
  [cause]: Error: getaddrinfo ENOTFOUND api.weather.gov
      at GetAddrInfoReqWrap.onlookupall [as oncomplete] (node:dns:122:26) {
    errno: -3008,
    code: 'ENOTFOUND',
    syscall: 'getaddrinfo',
    hostname: 'api.weather.gov'
  }
}
[weather] NOAA precip fetch failed for 46.43763,-91.02620 [TypeError: fetch failed] {
  [cause]: Error: getaddrinfo ENOTFOUND mapservices.weather.noaa.gov
      at GetAddrInfoReqWrap.onlookupall [as oncomplete] (node:dns:122:26) {
    errno: -3008,
    code: 'ENOTFOUND',
    syscall: 'getaddrinfo',
    hostname: 'mapservices.weather.noaa.gov'
  }
}
[weather] Weather snapshot unavailable for 46.43763,-91.02620
[weather] NWS fetch failed for 43.14871,-88.30684 [TypeError: fetch failed] {
  [cause]: Error: getaddrinfo ENOTFOUND api.weather.gov
      at GetAddrInfoReqWrap.onlookupall [as oncomplete] (node:dns:122:26) {
    errno: -3008,
    code: 'ENOTFOUND',
    syscall: 'getaddrinfo',
    hostname: 'api.weather.gov'
  }
}
[weather] NOAA precip fetch failed for 43.14871,-88.30684 [TypeError: fetch failed] {
  [cause]: Error: getaddrinfo ENOTFOUND mapservices.weather.noaa.gov
      at GetAddrInfoReqWrap.onlookupall [as oncomplete] (node:dns:122:26) {
    errno: -3008,
    code: 'ENOTFOUND',
    syscall: 'getaddrinfo',
    hostname: 'mapservices.weather.noaa.gov'
  }
}
[weather] Weather snapshot unavailable for 43.14871,-88.30684
[weather] NWS fetch failed for 43.06740,-87.89238 [TypeError: fetch failed] {
  [cause]: Error: getaddrinfo ENOTFOUND api.weather.gov
      at GetAddrInfoReqWrap.onlookupall [as oncomplete] (node:dns:122:26) {
    errno: -3008,
    code: 'ENOTFOUND',
    syscall: 'getaddrinfo',
    hostname: 'api.weather.gov'
  }
}
[weather] NOAA precip fetch failed for 43.06740,-87.89238 [TypeError: fetch failed] {
  [cause]: Error: getaddrinfo ENOTFOUND mapservices.weather.noaa.gov
      at GetAddrInfoReqWrap.onlookupall [as oncomplete] (node:dns:122:26) {
    errno: -3008,
    code: 'ENOTFOUND',
    syscall: 'getaddrinfo',
    hostname: 'mapservices.weather.noaa.gov'
  }
}
[weather] Weather snapshot unavailable for 43.06740,-87.89238
[weather] NWS fetch failed for 44.96004,-95.81126 [TypeError: fetch failed] {
  [cause]: Error: getaddrinfo ENOTFOUND api.weather.gov
      at GetAddrInfoReqWrap.onlookupall [as oncomplete] (node:dns:122:26) {
    errno: -3008,
    code: 'ENOTFOUND',
    syscall: 'getaddrinfo',
    hostname: 'api.weather.gov'
  }
}
[weather] NOAA precip fetch failed for 44.96004,-95.81126 [TypeError: fetch failed] {
  [cause]: Error: getaddrinfo ENOTFOUND mapservices.weather.noaa.gov
      at GetAddrInfoReqWrap.onlookupall [as oncomplete] (node:dns:122:26) {
    errno: -3008,
    code: 'ENOTFOUND',
    syscall: 'getaddrinfo',
    hostname: 'mapservices.weather.noaa.gov'
  }
}
[weather] Weather snapshot unavailable for 44.96004,-95.81126
[weather] NWS fetch failed for 46.54240,-93.71307 [TypeError: fetch failed] {
  [cause]: Error: getaddrinfo ENOTFOUND api.weather.gov
      at GetAddrInfoReqWrap.onlookupall [as oncomplete] (node:dns:122:26) {
    errno: -3008,
    code: 'ENOTFOUND',
    syscall: 'getaddrinfo',
    hostname: 'api.weather.gov'
  }
}
[weather] NOAA precip fetch failed for 46.54240,-93.71307 [TypeError: fetch failed] {
  [cause]: Error: getaddrinfo ENOTFOUND mapservices.weather.noaa.gov
      at GetAddrInfoReqWrap.onlookupall [as oncomplete] (node:dns:122:26) {
    errno: -3008,
    code: 'ENOTFOUND',
    syscall: 'getaddrinfo',
    hostname: 'mapservices.weather.noaa.gov'
  }
}
[weather] Weather snapshot unavailable for 46.54240,-93.71307
[weather] NWS fetch failed for 45.18455,-90.08549 [TypeError: fetch failed] {
  [cause]: Error: getaddrinfo ENOTFOUND api.weather.gov
      at GetAddrInfoReqWrap.onlookupall [as oncomplete] (node:dns:122:26) {
    errno: -3008,
    code: 'ENOTFOUND',
    syscall: 'getaddrinfo',
    hostname: 'api.weather.gov'
  }
}
[weather] NOAA precip fetch failed for 45.18455,-90.08549 [TypeError: fetch failed] {
  [cause]: Error: getaddrinfo ENOTFOUND mapservices.weather.noaa.gov
      at GetAddrInfoReqWrap.onlookupall [as oncomplete] (node:dns:122:26) {
    errno: -3008,
    code: 'ENOTFOUND',
    syscall: 'getaddrinfo',
    hostname: 'mapservices.weather.noaa.gov'
  }
}
[weather] Weather snapshot unavailable for 45.18455,-90.08549
[weather] NWS fetch failed for 45.09001,-89.99431 [TypeError: fetch failed] {
  [cause]: Error: getaddrinfo ENOTFOUND api.weather.gov
      at GetAddrInfoReqWrap.onlookupall [as oncomplete] (node:dns:122:26) {
    errno: -3008,
    code: 'ENOTFOUND',
    syscall: 'getaddrinfo',
    hostname: 'api.weather.gov'
  }
}
[weather] NOAA precip fetch failed for 45.09001,-89.99431 [TypeError: fetch failed] {
  [cause]: Error: getaddrinfo ENOTFOUND mapservices.weather.noaa.gov
      at GetAddrInfoReqWrap.onlookupall [as oncomplete] (node:dns:122:26) {
    errno: -3008,
    code: 'ENOTFOUND',
    syscall: 'getaddrinfo',
    hostname: 'mapservices.weather.noaa.gov'
  }
}
[weather] Weather snapshot unavailable for 45.09001,-89.99431
[weather] NWS fetch failed for 45.04691,-89.95474 [TypeError: fetch failed] {
  [cause]: Error: getaddrinfo ENOTFOUND api.weather.gov
      at GetAddrInfoReqWrap.onlookupall [as oncomplete] (node:dns:122:26) {
    errno: -3008,
    code: 'ENOTFOUND',
    syscall: 'getaddrinfo',
    hostname: 'api.weather.gov'
  }
}
[weather] NOAA precip fetch failed for 45.04691,-89.95474 [TypeError: fetch failed] {
  [cause]: Error: getaddrinfo ENOTFOUND mapservices.weather.noaa.gov
      at GetAddrInfoReqWrap.onlookupall [as oncomplete] (node:dns:122:26) {
    errno: -3008,
    code: 'ENOTFOUND',
    syscall: 'getaddrinfo',
    hostname: 'mapservices.weather.noaa.gov'
  }
}
[weather] Weather snapshot unavailable for 45.04691,-89.95474
[weather] NWS fetch failed for 46.34722,-90.49445 [TypeError: fetch failed] {
  [cause]: Error: getaddrinfo ENOTFOUND api.weather.gov
      at GetAddrInfoReqWrap.onlookupall [as oncomplete] (node:dns:122:26) {
    errno: -3008,
    code: 'ENOTFOUND',
    syscall: 'getaddrinfo',
    hostname: 'api.weather.gov'
  }
}
[weather] NOAA precip fetch failed for 46.34722,-90.49445 [TypeError: fetch failed] {
  [cause]: Error: getaddrinfo ENOTFOUND mapservices.weather.noaa.gov
      at GetAddrInfoReqWrap.onlookupall [as oncomplete] (node:dns:122:26) {
    errno: -3008,
    code: 'ENOTFOUND',
    syscall: 'getaddrinfo',
    hostname: 'mapservices.weather.noaa.gov'
  }
}
[weather] Weather snapshot unavailable for 46.34722,-90.49445
[weather] NWS fetch failed for 44.93000,-92.26200 [TypeError: fetch failed] {
  [cause]: Error: getaddrinfo ENOTFOUND api.weather.gov
      at GetAddrInfoReqWrap.onlookupall [as oncomplete] (node:dns:122:26) {
    errno: -3008,
    code: 'ENOTFOUND',
    syscall: 'getaddrinfo',
    hostname: 'api.weather.gov'
  }
}
[weather] NOAA precip fetch failed for 44.93000,-92.26200 [TypeError: fetch failed] {
  [cause]: Error: getaddrinfo ENOTFOUND mapservices.weather.noaa.gov
      at GetAddrInfoReqWrap.onlookupall [as oncomplete] (node:dns:122:26) {
    errno: -3008,
    code: 'ENOTFOUND',
    syscall: 'getaddrinfo',
    hostname: 'mapservices.weather.noaa.gov'
  }
}
[weather] Weather snapshot unavailable for 44.93000,-92.26200
[weather] NWS fetch failed for 44.85500,-92.23800 [DOMException [AbortError]: This operation was aborted]
[weather] NOAA precip fetch failed for 44.85500,-92.23800 [DOMException [AbortError]: This operation was aborted]
[weather] Weather snapshot unavailable for 44.85500,-92.23800
[weather] NWS fetch failed for 46.57967,-93.66070 [DOMException [AbortError]: This operation was aborted]
[weather] NOAA precip fetch failed for 46.57967,-93.66070 [DOMException [AbortError]: This operation was aborted]
[weather] Weather snapshot unavailable for 46.57967,-93.66070
[weather] NWS fetch failed for 46.02746,-88.79757 [DOMException [AbortError]: This operation was aborted]
[weather] NOAA precip fetch failed for 46.02746,-88.79757 [DOMException [AbortError]: This operation was aborted]
[weather] Weather snapshot unavailable for 46.02746,-88.79757
[weather] NWS fetch failed for 45.99013,-88.45012 [DOMException [AbortError]: This operation was aborted]
[weather] NOAA precip fetch failed for 45.99013,-88.45012 [DOMException [AbortError]: This operation was aborted]
[weather] Weather snapshot unavailable for 45.99013,-88.45012
[weather] NWS fetch failed for 43.54304,-89.58245 [DOMException [AbortError]: This operation was aborted]
[weather] NOAA precip fetch failed for 43.54304,-89.58245 [DOMException [AbortError]: This operation was aborted]
[weather] Weather snapshot unavailable for 43.54304,-89.58245
[weather] NWS fetch failed for 45.82972,-94.35068 [DOMException [AbortError]: This operation was aborted]
[weather] NOAA precip fetch failed for 45.82972,-94.35068 [DOMException [AbortError]: This operation was aborted]
[weather] Weather snapshot unavailable for 45.82972,-94.35068
[weather] NWS fetch failed for 44.22124,-92.36906 [DOMException [AbortError]: This operation was aborted]
[weather] NOAA precip fetch failed for 44.22124,-92.36906 [DOMException [AbortError]: This operation was aborted]
[weather] Weather snapshot unavailable for 44.22124,-92.36906
[weather] NWS fetch failed for 42.54719,-95.04320 [TypeError: fetch failed] {
  [cause]: Error: getaddrinfo ENOTFOUND api.weather.gov
      at GetAddrInfoReqWrap.onlookupall [as oncomplete] (node:dns:122:26) {
    errno: -3008,
    code: 'ENOTFOUND',
    syscall: 'getaddrinfo',
    hostname: 'api.weather.gov'
  }
}
[weather] NOAA precip fetch failed for 42.54719,-95.04320 [TypeError: fetch failed] {
  [cause]: Error: getaddrinfo ENOTFOUND mapservices.weather.noaa.gov
      at GetAddrInfoReqWrap.onlookupall [as oncomplete] (node:dns:122:26) {
    errno: -3008,
    code: 'ENOTFOUND',
    syscall: 'getaddrinfo',
    hostname: 'mapservices.weather.noaa.gov'
  }
}
[weather] Weather snapshot unavailable for 42.54719,-95.04320
[weather] NWS fetch failed for 42.22859,-94.75616 [TypeError: fetch failed] {
  [cause]: Error: getaddrinfo ENOTFOUND api.weather.gov
      at GetAddrInfoReqWrap.onlookupall [as oncomplete] (node:dns:122:26) {
    errno: -3008,
    code: 'ENOTFOUND',
    syscall: 'getaddrinfo',
    hostname: 'api.weather.gov'
  }
}
[weather] NOAA precip fetch failed for 42.22859,-94.75616 [TypeError: fetch failed] {
  [cause]: Error: getaddrinfo ENOTFOUND mapservices.weather.noaa.gov
      at GetAddrInfoReqWrap.onlookupall [as oncomplete] (node:dns:122:26) {
    errno: -3008,
    code: 'ENOTFOUND',
    syscall: 'getaddrinfo',
    hostname: 'mapservices.weather.noaa.gov'
  }
}
[weather] Weather snapshot unavailable for 42.22859,-94.75616
[weather] NWS fetch failed for 41.72490,-91.52570 [TypeError: fetch failed] {
  [cause]: Error: getaddrinfo ENOTFOUND api.weather.gov
      at GetAddrInfoReqWrap.onlookupall [as oncomplete] (node:dns:122:26) {
    errno: -3008,
    code: 'ENOTFOUND',
    syscall: 'getaddrinfo',
    hostname: 'api.weather.gov'
  }
}
[weather] NOAA precip fetch failed for 41.72490,-91.52570 [TypeError: fetch failed] {
  [cause]: Error: getaddrinfo ENOTFOUND mapservices.weather.noaa.gov
      at GetAddrInfoReqWrap.onlookupall [as oncomplete] (node:dns:122:26) {
    errno: -3008,
    code: 'ENOTFOUND',
    syscall: 'getaddrinfo',
    hostname: 'mapservices.weather.noaa.gov'
  }
}
[weather] Weather snapshot unavailable for 41.72490,-91.52570
[weather] NWS fetch failed for 42.53987,-94.34342 [TypeError: fetch failed] {
  [cause]: Error: getaddrinfo ENOTFOUND api.weather.gov
      at GetAddrInfoReqWrap.onlookupall [as oncomplete] (node:dns:122:26) {
    errno: -3008,
    code: 'ENOTFOUND',
    syscall: 'getaddrinfo',
    hostname: 'api.weather.gov'
  }
}
[weather] NOAA precip fetch failed for 42.53987,-94.34342 [TypeError: fetch failed] {
  [cause]: Error: getaddrinfo ENOTFOUND mapservices.weather.noaa.gov
      at GetAddrInfoReqWrap.onlookupall [as oncomplete] (node:dns:122:26) {
    errno: -3008,
    code: 'ENOTFOUND',
    syscall: 'getaddrinfo',
    hostname: 'mapservices.weather.noaa.gov'
  }
}
[weather] Weather snapshot unavailable for 42.53987,-94.34342
[weather] NWS fetch failed for 48.00921,-96.20885 [TypeError: fetch failed] {
  [cause]: Error: getaddrinfo ENOTFOUND api.weather.gov
      at GetAddrInfoReqWrap.onlookupall [as oncomplete] (node:dns:122:26) {
    errno: -3008,
    code: 'ENOTFOUND',
    syscall: 'getaddrinfo',
    hostname: 'api.weather.gov'
  }
}
[weather] NOAA precip fetch failed for 48.00921,-96.20885 [TypeError: fetch failed] {
  [cause]: Error: getaddrinfo ENOTFOUND mapservices.weather.noaa.gov
      at GetAddrInfoReqWrap.onlookupall [as oncomplete] (node:dns:122:26) {
    errno: -3008,
    code: 'ENOTFOUND',
    syscall: 'getaddrinfo',
    hostname: 'mapservices.weather.noaa.gov'
  }
}
[weather] Weather snapshot unavailable for 48.00921,-96.20885
[weather] NWS fetch failed for 47.77839,-96.63086 [TypeError: fetch failed] {
  [cause]: Error: getaddrinfo ENOTFOUND api.weather.gov
      at GetAddrInfoReqWrap.onlookupall [as oncomplete] (node:dns:122:26) {
    errno: -3008,
    code: 'ENOTFOUND',
    syscall: 'getaddrinfo',
    hostname: 'api.weather.gov'
  }
}
[weather] NOAA precip fetch failed for 47.77839,-96.63086 [TypeError: fetch failed] {
  [cause]: Error: getaddrinfo ENOTFOUND mapservices.weather.noaa.gov
      at GetAddrInfoReqWrap.onlookupall [as oncomplete] (node:dns:122:26) {
    errno: -3008,
    code: 'ENOTFOUND',
    syscall: 'getaddrinfo',
    hostname: 'mapservices.weather.noaa.gov'
  }
}
[weather] Weather snapshot unavailable for 47.77839,-96.63086
[weather] NWS fetch failed for 47.80075,-96.80901 [TypeError: fetch failed] {
  [cause]: Error: getaddrinfo ENOTFOUND api.weather.gov
      at GetAddrInfoReqWrap.onlookupall [as oncomplete] (node:dns:122:26) {
    errno: -3008,
    code: 'ENOTFOUND',
    syscall: 'getaddrinfo',
    hostname: 'api.weather.gov'
  }
}
[weather] NOAA precip fetch failed for 47.80075,-96.80901 [TypeError: fetch failed] {
  [cause]: Error: getaddrinfo ENOTFOUND mapservices.weather.noaa.gov
      at GetAddrInfoReqWrap.onlookupall [as oncomplete] (node:dns:122:26) {
    errno: -3008,
    code: 'ENOTFOUND',
    syscall: 'getaddrinfo',
    hostname: 'mapservices.weather.noaa.gov'
  }
}
[weather] Weather snapshot unavailable for 47.80075,-96.80901
[weather] NWS fetch failed for 47.23254,-93.52291 [TypeError: fetch failed] {
  [cause]: Error: getaddrinfo ENOTFOUND api.weather.gov
      at GetAddrInfoReqWrap.onlookupall [as oncomplete] (node:dns:122:26) {
    errno: -3008,
    code: 'ENOTFOUND',
    syscall: 'getaddrinfo',
    hostname: 'api.weather.gov'
  }
}
[weather] NOAA precip fetch failed for 47.23254,-93.52291 [TypeError: fetch failed] {
  [cause]: Error: getaddrinfo ENOTFOUND mapservices.weather.noaa.gov
      at GetAddrInfoReqWrap.onlookupall [as oncomplete] (node:dns:122:26) {
    errno: -3008,
    code: 'ENOTFOUND',
    syscall: 'getaddrinfo',
    hostname: 'mapservices.weather.noaa.gov'
  }
}
[weather] Weather snapshot unavailable for 47.23254,-93.52291
[weather] NWS fetch failed for 46.51492,-94.06968 [TypeError: fetch failed] {
  [cause]: Error: getaddrinfo ENOTFOUND api.weather.gov
      at GetAddrInfoReqWrap.onlookupall [as oncomplete] (node:dns:122:26) {
    errno: -3008,
    code: 'ENOTFOUND',
    syscall: 'getaddrinfo',
    hostname: 'api.weather.gov'
  }
}
[weather] NOAA precip fetch failed for 46.51492,-94.06968 [TypeError: fetch failed] {
  [cause]: Error: getaddrinfo ENOTFOUND mapservices.weather.noaa.gov
      at GetAddrInfoReqWrap.onlookupall [as oncomplete] (node:dns:122:26) {
    errno: -3008,
    code: 'ENOTFOUND',
    syscall: 'getaddrinfo',
    hostname: 'mapservices.weather.noaa.gov'
  }
}
[weather] Weather snapshot unavailable for 46.51492,-94.06968
[weather] NWS fetch failed for 46.37084,-94.16598 [TypeError: fetch failed] {
  [cause]: Error: getaddrinfo ENOTFOUND api.weather.gov
      at GetAddrInfoReqWrap.onlookupall [as oncomplete] (node:dns:122:26) {
    errno: -3008,
    code: 'ENOTFOUND',
    syscall: 'getaddrinfo',
    hostname: 'api.weather.gov'
  }
}
[weather] NOAA precip fetch failed for 46.37084,-94.16598 [TypeError: fetch failed] {
  [cause]: Error: getaddrinfo ENOTFOUND mapservices.weather.noaa.gov
      at GetAddrInfoReqWrap.onlookupall [as oncomplete] (node:dns:122:26) {
    errno: -3008,
    code: 'ENOTFOUND',
    syscall: 'getaddrinfo',
    hostname: 'mapservices.weather.noaa.gov'
  }
}
[weather] Weather snapshot unavailable for 46.37084,-94.16598
[weather] NWS fetch failed for 45.54417,-94.14885 [TypeError: fetch failed] {
  [cause]: Error: getaddrinfo ENOTFOUND api.weather.gov
      at GetAddrInfoReqWrap.onlookupall [as oncomplete] (node:dns:122:26) {
    errno: -3008,
    code: 'ENOTFOUND',
    syscall: 'getaddrinfo',
    hostname: 'api.weather.gov'
  }
}
[weather] NOAA precip fetch failed for 45.54417,-94.14885 [TypeError: fetch failed] {
  [cause]: Error: getaddrinfo ENOTFOUND mapservices.weather.noaa.gov
      at GetAddrInfoReqWrap.onlookupall [as oncomplete] (node:dns:122:26) {
    errno: -3008,
    code: 'ENOTFOUND',
    syscall: 'getaddrinfo',
    hostname: 'mapservices.weather.noaa.gov'
  }
}
[weather] Weather snapshot unavailable for 45.54417,-94.14885
[weather] NWS fetch failed for 45.29389,-89.54626 [TypeError: fetch failed] {
  [cause]: Error: getaddrinfo ENOTFOUND api.weather.gov
      at GetAddrInfoReqWrap.onlookupall [as oncomplete] (node:dns:122:26) {
    errno: -3008,
    code: 'ENOTFOUND',
    syscall: 'getaddrinfo',
    hostname: 'api.weather.gov'
  }
}
[weather] NOAA precip fetch failed for 45.29389,-89.54626 [TypeError: fetch failed] {
  [cause]: Error: getaddrinfo ENOTFOUND mapservices.weather.noaa.gov
      at GetAddrInfoReqWrap.onlookupall [as oncomplete] (node:dns:122:26) {
    errno: -3008,
    code: 'ENOTFOUND',
    syscall: 'getaddrinfo',
    hostname: 'mapservices.weather.noaa.gov'
  }
}
[weather] Weather snapshot unavailable for 45.29389,-89.54626
[weather] NWS fetch failed for 45.23552,-89.65012 [TypeError: fetch failed] {
  [cause]: Error: getaddrinfo ENOTFOUND api.weather.gov
      at GetAddrInfoReqWrap.onlookupall [as oncomplete] (node:dns:122:26) {
    errno: -3008,
    code: 'ENOTFOUND',
    syscall: 'getaddrinfo',
    hostname: 'api.weather.gov'
  }
}
[weather] NOAA precip fetch failed for 45.23552,-89.65012 [TypeError: fetch failed] {
  [cause]: Error: getaddrinfo ENOTFOUND mapservices.weather.noaa.gov
      at GetAddrInfoReqWrap.onlookupall [as oncomplete] (node:dns:122:26) {
    errno: -3008,
    code: 'ENOTFOUND',
    syscall: 'getaddrinfo',
    hostname: 'mapservices.weather.noaa.gov'
  }
}
[weather] Weather snapshot unavailable for 45.23552,-89.65012
[weather] NWS fetch failed for 43.18576,-88.70475 [TypeError: fetch failed] {
  [cause]: Error: getaddrinfo ENOTFOUND api.weather.gov
      at GetAddrInfoReqWrap.onlookupall [as oncomplete] (node:dns:122:26) {
    errno: -3008,
    code: 'ENOTFOUND',
    syscall: 'getaddrinfo',
    hostname: 'api.weather.gov'
  }
}
[weather] NOAA precip fetch failed for 43.18576,-88.70475 [TypeError: fetch failed] {
  [cause]: Error: getaddrinfo ENOTFOUND mapservices.weather.noaa.gov
      at GetAddrInfoReqWrap.onlookupall [as oncomplete] (node:dns:122:26) {
    errno: -3008,
    code: 'ENOTFOUND',
    syscall: 'getaddrinfo',
    hostname: 'mapservices.weather.noaa.gov'
  }
}
[weather] Weather snapshot unavailable for 43.18576,-88.70475
[weather] NWS fetch failed for 46.28799,-96.59820 [TypeError: fetch failed] {
  [cause]: Error: getaddrinfo ENOTFOUND api.weather.gov
      at GetAddrInfoReqWrap.onlookupall [as oncomplete] (node:dns:122:26) {
    errno: -3008,
    code: 'ENOTFOUND',
    syscall: 'getaddrinfo',
    hostname: 'api.weather.gov'
  }
}
[weather] NOAA precip fetch failed for 46.28799,-96.59820 [TypeError: fetch failed] {
  [cause]: Error: getaddrinfo ENOTFOUND mapservices.weather.noaa.gov
      at GetAddrInfoReqWrap.onlookupall [as oncomplete] (node:dns:122:26) {
    errno: -3008,
    code: 'ENOTFOUND',
    syscall: 'getaddrinfo',
    hostname: 'mapservices.weather.noaa.gov'
  }
}
[weather] Weather snapshot unavailable for 46.28799,-96.59820
[weather] NWS fetch failed for 44.00416,-94.28863 [TypeError: fetch failed] {
  [cause]: Error: getaddrinfo ENOTFOUND api.weather.gov
      at GetAddrInfoReqWrap.onlookupall [as oncomplete] (node:dns:122:26) {
    errno: -3008,
    code: 'ENOTFOUND',
    syscall: 'getaddrinfo',
    hostname: 'api.weather.gov'
  }
}
[weather] NOAA precip fetch failed for 44.00416,-94.28863 [TypeError: fetch failed] {
  [cause]: Error: getaddrinfo ENOTFOUND mapservices.weather.noaa.gov
      at GetAddrInfoReqWrap.onlookupall [as oncomplete] (node:dns:122:26) {
    errno: -3008,
    code: 'ENOTFOUND',
    syscall: 'getaddrinfo',
    hostname: 'mapservices.weather.noaa.gov'
  }
}
[weather] Weather snapshot unavailable for 44.00416,-94.28863
[weather] NWS fetch failed for 48.29205,-93.44161 [TypeError: fetch failed] {
  [cause]: Error: getaddrinfo ENOTFOUND api.weather.gov
      at GetAddrInfoReqWrap.onlookupall [as oncomplete] (node:dns:122:26) {
    errno: -3008,
    code: 'ENOTFOUND',
    syscall: 'getaddrinfo',
    hostname: 'api.weather.gov'
  }
}
[weather] NOAA precip fetch failed for 48.29205,-93.44161 [TypeError: fetch failed] {
  [cause]: Error: getaddrinfo ENOTFOUND mapservices.weather.noaa.gov
      at GetAddrInfoReqWrap.onlookupall [as oncomplete] (node:dns:122:26) {
    errno: -3008,
    code: 'ENOTFOUND',
    syscall: 'getaddrinfo',
    hostname: 'mapservices.weather.noaa.gov'
  }
}
[weather] Weather snapshot unavailable for 48.29205,-93.44161
[weather] NWS fetch failed for 37.21740,-86.04930 [TypeError: fetch failed] {
  [cause]: Error: getaddrinfo ENOTFOUND api.weather.gov
      at GetAddrInfoReqWrap.onlookupall [as oncomplete] (node:dns:122:26) {
    errno: -3008,
    code: 'ENOTFOUND',
    syscall: 'getaddrinfo',
    hostname: 'api.weather.gov'
  }
}
[weather] NOAA precip fetch failed for 37.21740,-86.04930 [TypeError: fetch failed] {
  [cause]: Error: getaddrinfo ENOTFOUND mapservices.weather.noaa.gov
      at GetAddrInfoReqWrap.onlookupall [as oncomplete] (node:dns:122:26) {
    errno: -3008,
    code: 'ENOTFOUND',
    syscall: 'getaddrinfo',
    hostname: 'mapservices.weather.noaa.gov'
  }
}
[weather] Weather snapshot unavailable for 37.21740,-86.04930
[weather] NWS fetch failed for 42.51632,-94.20035 [TypeError: fetch failed] {
  [cause]: Error: getaddrinfo ENOTFOUND api.weather.gov
      at GetAddrInfoReqWrap.onlookupall [as oncomplete] (node:dns:122:26) {
    errno: -3008,
    code: 'ENOTFOUND',
    syscall: 'getaddrinfo',
    hostname: 'api.weather.gov'
  }
}
[weather] NOAA precip fetch failed for 42.51632,-94.20035 [TypeError: fetch failed] {
  [cause]: Error: getaddrinfo ENOTFOUND mapservices.weather.noaa.gov
      at GetAddrInfoReqWrap.onlookupall [as oncomplete] (node:dns:122:26) {
    errno: -3008,
    code: 'ENOTFOUND',
    syscall: 'getaddrinfo',
    hostname: 'mapservices.weather.noaa.gov'
  }
}
[weather] Weather snapshot unavailable for 42.51632,-94.20035
[weather] NWS fetch failed for 42.49062,-94.18325 [TypeError: fetch failed] {
  [cause]: Error: getaddrinfo ENOTFOUND api.weather.gov
      at GetAddrInfoReqWrap.onlookupall [as oncomplete] (node:dns:122:26) {
    errno: -3008,
    code: 'ENOTFOUND',
    syscall: 'getaddrinfo',
    hostname: 'api.weather.gov'
  }
}
[weather] NOAA precip fetch failed for 42.49062,-94.18325 [TypeError: fetch failed] {
  [cause]: Error: getaddrinfo ENOTFOUND mapservices.weather.noaa.gov
      at GetAddrInfoReqWrap.onlookupall [as oncomplete] (node:dns:122:26) {
    errno: -3008,
    code: 'ENOTFOUND',
    syscall: 'getaddrinfo',
    hostname: 'mapservices.weather.noaa.gov'
  }
}
[weather] Weather snapshot unavailable for 42.49062,-94.18325
[weather] NWS fetch failed for 41.81300,-92.06500 [TypeError: fetch failed] {
  [cause]: Error: getaddrinfo ENOTFOUND api.weather.gov
      at GetAddrInfoReqWrap.onlookupall [as oncomplete] (node:dns:122:26) {
    errno: -3008,
    code: 'ENOTFOUND',
    syscall: 'getaddrinfo',
    hostname: 'api.weather.gov'
  }
}
[weather] NOAA precip fetch failed for 41.81300,-92.06500 [TypeError: fetch failed] {
  [cause]: Error: getaddrinfo ENOTFOUND mapservices.weather.noaa.gov
      at GetAddrInfoReqWrap.onlookupall [as oncomplete] (node:dns:122:26) {
    errno: -3008,
    code: 'ENOTFOUND',
    syscall: 'getaddrinfo',
    hostname: 'mapservices.weather.noaa.gov'
  }
}
[weather] Weather snapshot unavailable for 41.81300,-92.06500
[weather] NWS fetch failed for 46.22438,-91.14934 [TypeError: fetch failed] {
  [cause]: Error: getaddrinfo ENOTFOUND api.weather.gov
      at GetAddrInfoReqWrap.onlookupall [as oncomplete] (node:dns:122:26) {
    errno: -3008,
    code: 'ENOTFOUND',
    syscall: 'getaddrinfo',
    hostname: 'api.weather.gov'
  }
}
[weather] NOAA precip fetch failed for 46.22438,-91.14934 [TypeError: fetch failed] {
  [cause]: Error: getaddrinfo ENOTFOUND mapservices.weather.noaa.gov
      at GetAddrInfoReqWrap.onlookupall [as oncomplete] (node:dns:122:26) {
    errno: -3008,
    code: 'ENOTFOUND',
    syscall: 'getaddrinfo',
    hostname: 'mapservices.weather.noaa.gov'
  }
}
[weather] Weather snapshot unavailable for 46.22438,-91.14934
[weather] NWS fetch failed for 46.00350,-91.48906 [TypeError: fetch failed] {
  [cause]: Error: getaddrinfo ENOTFOUND api.weather.gov
      at GetAddrInfoReqWrap.onlookupall [as oncomplete] (node:dns:122:26) {
    errno: -3008,
    code: 'ENOTFOUND',
    syscall: 'getaddrinfo',
    hostname: 'api.weather.gov'
  }
}
[weather] NOAA precip fetch failed for 46.00350,-91.48906 [TypeError: fetch failed] {
  [cause]: Error: getaddrinfo ENOTFOUND mapservices.weather.noaa.gov
      at GetAddrInfoReqWrap.onlookupall [as oncomplete] (node:dns:122:26) {
    errno: -3008,
    code: 'ENOTFOUND',
    syscall: 'getaddrinfo',
    hostname: 'mapservices.weather.noaa.gov'
  }
}
[weather] Weather snapshot unavailable for 46.00350,-91.48906
[weather] NWS fetch failed for 45.95324,-91.89136 [TypeError: fetch failed] {
  [cause]: Error: getaddrinfo ENOTFOUND api.weather.gov
      at GetAddrInfoReqWrap.onlookupall [as oncomplete] (node:dns:122:26) {
    errno: -3008,
    code: 'ENOTFOUND',
    syscall: 'getaddrinfo',
    hostname: 'api.weather.gov'
  }
}
[weather] NOAA precip fetch failed for 45.95324,-91.89136 [TypeError: fetch failed] {
  [cause]: Error: getaddrinfo ENOTFOUND mapservices.weather.noaa.gov
      at GetAddrInfoReqWrap.onlookupall [as oncomplete] (node:dns:122:26) {
    errno: -3008,
    code: 'ENOTFOUND',
    syscall: 'getaddrinfo',
    hostname: 'mapservices.weather.noaa.gov'
  }
}
[weather] Weather snapshot unavailable for 45.95324,-91.89136
[weather] NWS fetch failed for 42.99696,-91.65584 [TypeError: fetch failed] {
  [cause]: Error: getaddrinfo ENOTFOUND api.weather.gov
      at GetAddrInfoReqWrap.onlookupall [as oncomplete] (node:dns:122:26) {
    errno: -3008,
    code: 'ENOTFOUND',
    syscall: 'getaddrinfo',
    hostname: 'api.weather.gov'
  }
}
[weather] NOAA precip fetch failed for 42.99696,-91.65584 [TypeError: fetch failed] {
  [cause]: Error: getaddrinfo ENOTFOUND mapservices.weather.noaa.gov
      at GetAddrInfoReqWrap.onlookupall [as oncomplete] (node:dns:122:26) {
    errno: -3008,
    code: 'ENOTFOUND',
    syscall: 'getaddrinfo',
    hostname: 'mapservices.weather.noaa.gov'
  }
}
[weather] Weather snapshot unavailable for 42.99696,-91.65584
[weather] NWS fetch failed for 42.08400,-90.76200 [TypeError: fetch failed] {
  [cause]: Error: getaddrinfo ENOTFOUND api.weather.gov
      at GetAddrInfoReqWrap.onlookupall [as oncomplete] (node:dns:122:26) {
    errno: -3008,
    code: 'ENOTFOUND',
    syscall: 'getaddrinfo',
    hostname: 'api.weather.gov'
  }
}
[weather] NOAA precip fetch failed for 42.08400,-90.76200 [TypeError: fetch failed] {
  [cause]: Error: getaddrinfo ENOTFOUND mapservices.weather.noaa.gov
      at GetAddrInfoReqWrap.onlookupall [as oncomplete] (node:dns:122:26) {
    errno: -3008,
    code: 'ENOTFOUND',
    syscall: 'getaddrinfo',
    hostname: 'mapservices.weather.noaa.gov'
  }
}
[weather] Weather snapshot unavailable for 42.08400,-90.76200
[weather] NWS fetch failed for 41.30695,-95.40363 [TypeError: fetch failed] {
  [cause]: Error: getaddrinfo ENOTFOUND api.weather.gov
      at GetAddrInfoReqWrap.onlookupall [as oncomplete] (node:dns:122:26) {
    errno: -3008,
    code: 'ENOTFOUND',
    syscall: 'getaddrinfo',
    hostname: 'api.weather.gov'
  }
}
[weather] NOAA precip fetch failed for 41.30695,-95.40363 [TypeError: fetch failed] {
  [cause]: Error: getaddrinfo ENOTFOUND mapservices.weather.noaa.gov
      at GetAddrInfoReqWrap.onlookupall [as oncomplete] (node:dns:122:26) {
    errno: -3008,
    code: 'ENOTFOUND',
    syscall: 'getaddrinfo',
    hostname: 'mapservices.weather.noaa.gov'
  }
}
[weather] Weather snapshot unavailable for 41.30695,-95.40363
[weather] NWS fetch failed for 41.47750,-95.32610 [TypeError: fetch failed] {
  [cause]: Error: getaddrinfo ENOTFOUND api.weather.gov
      at GetAddrInfoReqWrap.onlookupall [as oncomplete] (node:dns:122:26) {
    errno: -3008,
    code: 'ENOTFOUND',
    syscall: 'getaddrinfo',
    hostname: 'api.weather.gov'
  }
}
[weather] NOAA precip fetch failed for 41.47750,-95.32610 [TypeError: fetch failed] {
  [cause]: Error: getaddrinfo ENOTFOUND mapservices.weather.noaa.gov
      at GetAddrInfoReqWrap.onlookupall [as oncomplete] (node:dns:122:26) {
    errno: -3008,
    code: 'ENOTFOUND',
    syscall: 'getaddrinfo',
    hostname: 'mapservices.weather.noaa.gov'
  }
}
[weather] Weather snapshot unavailable for 41.47750,-95.32610
[weather] NWS fetch failed for 41.39009,-95.36811 [TypeError: fetch failed] {
  [cause]: Error: getaddrinfo ENOTFOUND api.weather.gov
      at GetAddrInfoReqWrap.onlookupall [as oncomplete] (node:dns:122:26) {
    errno: -3008,
    code: 'ENOTFOUND',
    syscall: 'getaddrinfo',
    hostname: 'api.weather.gov'
  }
}
[weather] NOAA precip fetch failed for 41.39009,-95.36811 [TypeError: fetch failed] {
  [cause]: Error: getaddrinfo ENOTFOUND mapservices.weather.noaa.gov
      at GetAddrInfoReqWrap.onlookupall [as oncomplete] (node:dns:122:26) {
    errno: -3008,
    code: 'ENOTFOUND',
    syscall: 'getaddrinfo',
    hostname: 'mapservices.weather.noaa.gov'
  }
}
[weather] Weather snapshot unavailable for 41.39009,-95.36811
[weather] NWS fetch failed for 47.27140,-91.85076 [TypeError: fetch failed] {
  [cause]: Error: getaddrinfo ENOTFOUND api.weather.gov
      at GetAddrInfoReqWrap.onlookupall [as oncomplete] (node:dns:122:26) {
    errno: -3008,
    code: 'ENOTFOUND',
    syscall: 'getaddrinfo',
    hostname: 'api.weather.gov'
  }
}
[weather] NOAA precip fetch failed for 47.27140,-91.85076 [TypeError: fetch failed] {
  [cause]: Error: getaddrinfo ENOTFOUND mapservices.weather.noaa.gov
      at GetAddrInfoReqWrap.onlookupall [as oncomplete] (node:dns:122:26) {
    errno: -3008,
    code: 'ENOTFOUND',
    syscall: 'getaddrinfo',
    hostname: 'mapservices.weather.noaa.gov'
  }
}
[weather] Weather snapshot unavailable for 47.27140,-91.85076
[weather] NWS fetch failed for 47.23379,-95.19836 [TypeError: fetch failed] {
  [cause]: Error: getaddrinfo ENOTFOUND api.weather.gov
      at GetAddrInfoReqWrap.onlookupall [as oncomplete] (node:dns:122:26) {
    errno: -3008,
    code: 'ENOTFOUND',
    syscall: 'getaddrinfo',
    hostname: 'api.weather.gov'
  }
}
[weather] NOAA precip fetch failed for 47.23379,-95.19836 [TypeError: fetch failed] {
  [cause]: Error: getaddrinfo ENOTFOUND mapservices.weather.noaa.gov
      at GetAddrInfoReqWrap.onlookupall [as oncomplete] (node:dns:122:26) {
    errno: -3008,
    code: 'ENOTFOUND',
    syscall: 'getaddrinfo',
    hostname: 'mapservices.weather.noaa.gov'
  }
}
[weather] Weather snapshot unavailable for 47.23379,-95.19836
[weather] NWS fetch failed for 44.27978,-92.42343 [TypeError: fetch failed] {
  [cause]: Error: getaddrinfo ENOTFOUND api.weather.gov
      at GetAddrInfoReqWrap.onlookupall [as oncomplete] (node:dns:122:26) {
    errno: -3008,
    code: 'ENOTFOUND',
    syscall: 'getaddrinfo',
    hostname: 'api.weather.gov'
  }
}
[weather] NOAA precip fetch failed for 44.27978,-92.42343 [TypeError: fetch failed] {
  [cause]: Error: getaddrinfo ENOTFOUND mapservices.weather.noaa.gov
      at GetAddrInfoReqWrap.onlookupall [as oncomplete] (node:dns:122:26) {
    errno: -3008,
    code: 'ENOTFOUND',
    syscall: 'getaddrinfo',
    hostname: 'mapservices.weather.noaa.gov'
  }
}
[weather] Weather snapshot unavailable for 44.27978,-92.42343
[weather] NWS fetch failed for 47.42348,-95.10360 [TypeError: fetch failed] {
  [cause]: Error: getaddrinfo ENOTFOUND api.weather.gov
      at GetAddrInfoReqWrap.onlookupall [as oncomplete] (node:dns:122:26) {
    errno: -3008,
    code: 'ENOTFOUND',
    syscall: 'getaddrinfo',
    hostname: 'api.weather.gov'
  }
}
[weather] NOAA precip fetch failed for 47.42348,-95.10360 [TypeError: fetch failed] {
  [cause]: Error: getaddrinfo ENOTFOUND mapservices.weather.noaa.gov
      at GetAddrInfoReqWrap.onlookupall [as oncomplete] (node:dns:122:26) {
    errno: -3008,
    code: 'ENOTFOUND',
    syscall: 'getaddrinfo',
    hostname: 'mapservices.weather.noaa.gov'
  }
}
[weather] Weather snapshot unavailable for 47.42348,-95.10360
[weather] NWS fetch failed for 41.00820,-95.24180 [TypeError: fetch failed] {
  [cause]: Error: getaddrinfo ENOTFOUND api.weather.gov
      at GetAddrInfoReqWrap.onlookupall [as oncomplete] (node:dns:122:26) {
    errno: -3008,
    code: 'ENOTFOUND',
    syscall: 'getaddrinfo',
    hostname: 'api.weather.gov'
  }
}
[weather] NOAA precip fetch failed for 41.00820,-95.24180 [TypeError: fetch failed] {
  [cause]: Error: getaddrinfo ENOTFOUND mapservices.weather.noaa.gov
      at GetAddrInfoReqWrap.onlookupall [as oncomplete] (node:dns:122:26) {
    errno: -3008,
    code: 'ENOTFOUND',
    syscall: 'getaddrinfo',
    hostname: 'mapservices.weather.noaa.gov'
  }
}
[weather] Weather snapshot unavailable for 41.00820,-95.24180
[weather] NWS fetch failed for 43.33998,-91.64203 [TypeError: fetch failed] {
  [cause]: Error: getaddrinfo ENOTFOUND api.weather.gov
      at GetAddrInfoReqWrap.onlookupall [as oncomplete] (node:dns:122:26) {
    errno: -3008,
    code: 'ENOTFOUND',
    syscall: 'getaddrinfo',
    hostname: 'api.weather.gov'
  }
}
[weather] NOAA precip fetch failed for 43.33998,-91.64203 [TypeError: fetch failed] {
  [cause]: Error: getaddrinfo ENOTFOUND mapservices.weather.noaa.gov
      at GetAddrInfoReqWrap.onlookupall [as oncomplete] (node:dns:122:26) {
    errno: -3008,
    code: 'ENOTFOUND',
    syscall: 'getaddrinfo',
    hostname: 'mapservices.weather.noaa.gov'
  }
}
[weather] Weather snapshot unavailable for 43.33998,-91.64203
[weather] NWS fetch failed for 44.28787,-90.85102 [TypeError: fetch failed] {
  [cause]: Error: getaddrinfo ENOTFOUND api.weather.gov
      at GetAddrInfoReqWrap.onlookupall [as oncomplete] (node:dns:122:26) {
    errno: -3008,
    code: 'ENOTFOUND',
    syscall: 'getaddrinfo',
    hostname: 'api.weather.gov'
  }
}
[weather] NOAA precip fetch failed for 44.28787,-90.85102 [TypeError: fetch failed] {
  [cause]: Error: getaddrinfo ENOTFOUND mapservices.weather.noaa.gov
      at GetAddrInfoReqWrap.onlookupall [as oncomplete] (node:dns:122:26) {
    errno: -3008,
    code: 'ENOTFOUND',
    syscall: 'getaddrinfo',
    hostname: 'mapservices.weather.noaa.gov'
  }
}
[weather] Weather snapshot unavailable for 44.28787,-90.85102
[weather] NWS fetch failed for 44.18761,-90.89892 [TypeError: fetch failed] {
  [cause]: Error: getaddrinfo ENOTFOUND api.weather.gov
      at GetAddrInfoReqWrap.onlookupall [as oncomplete] (node:dns:122:26) {
    errno: -3008,
    code: 'ENOTFOUND',
    syscall: 'getaddrinfo',
    hostname: 'api.weather.gov'
  }
}
[weather] NOAA precip fetch failed for 44.18761,-90.89892 [TypeError: fetch failed] {
  [cause]: Error: getaddrinfo ENOTFOUND mapservices.weather.noaa.gov
      at GetAddrInfoReqWrap.onlookupall [as oncomplete] (node:dns:122:26) {
    errno: -3008,
    code: 'ENOTFOUND',
    syscall: 'getaddrinfo',
    hostname: 'mapservices.weather.noaa.gov'
  }
}
[weather] Weather snapshot unavailable for 44.18761,-90.89892
[weather] NWS fetch failed for 44.83664,-90.59844 [TypeError: fetch failed] {
  [cause]: Error: getaddrinfo ENOTFOUND api.weather.gov
      at GetAddrInfoReqWrap.onlookupall [as oncomplete] (node:dns:122:26) {
    errno: -3008,
    code: 'ENOTFOUND',
    syscall: 'getaddrinfo',
    hostname: 'api.weather.gov'
  }
}
[weather] NOAA precip fetch failed for 44.83664,-90.59844 [TypeError: fetch failed] {
  [cause]: Error: getaddrinfo ENOTFOUND mapservices.weather.noaa.gov
      at GetAddrInfoReqWrap.onlookupall [as oncomplete] (node:dns:122:26) {
    errno: -3008,
    code: 'ENOTFOUND',
    syscall: 'getaddrinfo',
    hostname: 'mapservices.weather.noaa.gov'
  }
}
[weather] Weather snapshot unavailable for 44.83664,-90.59844
[weather] NWS fetch failed for 46.18030,-92.83211 [TypeError: fetch failed] {
  [cause]: Error: getaddrinfo ENOTFOUND api.weather.gov
      at GetAddrInfoReqWrap.onlookupall [as oncomplete] (node:dns:122:26) {
    errno: -3008,
    code: 'ENOTFOUND',
    syscall: 'getaddrinfo',
    hostname: 'api.weather.gov'
  }
}
[weather] NOAA precip fetch failed for 46.18030,-92.83211 [TypeError: fetch failed] {
  [cause]: Error: getaddrinfo ENOTFOUND mapservices.weather.noaa.gov
      at GetAddrInfoReqWrap.onlookupall [as oncomplete] (node:dns:122:26) {
    errno: -3008,
    code: 'ENOTFOUND',
    syscall: 'getaddrinfo',
    hostname: 'mapservices.weather.noaa.gov'
  }
}
[weather] Weather snapshot unavailable for 46.18030,-92.83211
[weather] NWS fetch failed for 45.14702,-93.31072 [TypeError: fetch failed] {
  [cause]: Error: getaddrinfo ENOTFOUND api.weather.gov
      at GetAddrInfoReqWrap.onlookupall [as oncomplete] (node:dns:122:26) {
    errno: -3008,
    code: 'ENOTFOUND',
    syscall: 'getaddrinfo',
    hostname: 'api.weather.gov'
  }
}
[weather] NOAA precip fetch failed for 45.14702,-93.31072 [TypeError: fetch failed] {
  [cause]: Error: getaddrinfo ENOTFOUND mapservices.weather.noaa.gov
      at GetAddrInfoReqWrap.onlookupall [as oncomplete] (node:dns:122:26) {
    errno: -3008,
    code: 'ENOTFOUND',
    syscall: 'getaddrinfo',
    hostname: 'mapservices.weather.noaa.gov'
  }
}
[weather] Weather snapshot unavailable for 45.14702,-93.31072
[weather] NWS fetch failed for 42.19803,-91.05660 [TypeError: fetch failed] {
  [cause]: Error: getaddrinfo ENOTFOUND api.weather.gov
      at GetAddrInfoReqWrap.onlookupall [as oncomplete] (node:dns:122:26) {
    errno: -3008,
    code: 'ENOTFOUND',
    syscall: 'getaddrinfo',
    hostname: 'api.weather.gov'
  }
}
[weather] NOAA precip fetch failed for 42.19803,-91.05660 [TypeError: fetch failed] {
  [cause]: Error: getaddrinfo ENOTFOUND mapservices.weather.noaa.gov
      at GetAddrInfoReqWrap.onlookupall [as oncomplete] (node:dns:122:26) {
    errno: -3008,
    code: 'ENOTFOUND',
    syscall: 'getaddrinfo',
    hostname: 'mapservices.weather.noaa.gov'
  }
}
[weather] Weather snapshot unavailable for 42.19803,-91.05660
[weather] NWS fetch failed for 42.60069,-91.53676 [TypeError: fetch failed] {
  [cause]: Error: getaddrinfo ENOTFOUND api.weather.gov
      at GetAddrInfoReqWrap.onlookupall [as oncomplete] (node:dns:122:26) {
    errno: -3008,
    code: 'ENOTFOUND',
    syscall: 'getaddrinfo',
    hostname: 'api.weather.gov'
  }
}
[weather] NOAA precip fetch failed for 42.60069,-91.53676 [TypeError: fetch failed] {
  [cause]: Error: getaddrinfo ENOTFOUND mapservices.weather.noaa.gov
      at GetAddrInfoReqWrap.onlookupall [as oncomplete] (node:dns:122:26) {
    errno: -3008,
    code: 'ENOTFOUND',
    syscall: 'getaddrinfo',
    hostname: 'mapservices.weather.noaa.gov'
  }
}
[weather] Weather snapshot unavailable for 42.60069,-91.53676
[weather] NWS fetch failed for 42.50796,-91.47395 [TypeError: fetch failed] {
  [cause]: Error: getaddrinfo ENOTFOUND api.weather.gov
      at GetAddrInfoReqWrap.onlookupall [as oncomplete] (node:dns:122:26) {
    errno: -3008,
    code: 'ENOTFOUND',
    syscall: 'getaddrinfo',
    hostname: 'api.weather.gov'
  }
}
[weather] NOAA precip fetch failed for 42.50796,-91.47395 [TypeError: fetch failed] {
  [cause]: Error: getaddrinfo ENOTFOUND mapservices.weather.noaa.gov
      at GetAddrInfoReqWrap.onlookupall [as oncomplete] (node:dns:122:26) {
    errno: -3008,
    code: 'ENOTFOUND',
    syscall: 'getaddrinfo',
    hostname: 'mapservices.weather.noaa.gov'
  }
}
[weather] Weather snapshot unavailable for 42.50796,-91.47395
[weather] NWS fetch failed for 46.85102,-96.78179 [TypeError: fetch failed] {
  [cause]: Error: getaddrinfo ENOTFOUND api.weather.gov
      at GetAddrInfoReqWrap.onlookupall [as oncomplete] (node:dns:122:26) {
    errno: -3008,
    code: 'ENOTFOUND',
    syscall: 'getaddrinfo',
    hostname: 'api.weather.gov'
  }
}
[weather] NOAA precip fetch failed for 46.85102,-96.78179 [TypeError: fetch failed] {
  [cause]: Error: getaddrinfo ENOTFOUND mapservices.weather.noaa.gov
      at GetAddrInfoReqWrap.onlookupall [as oncomplete] (node:dns:122:26) {
    errno: -3008,
    code: 'ENOTFOUND',
    syscall: 'getaddrinfo',
    hostname: 'mapservices.weather.noaa.gov'
  }
}
[weather] Weather snapshot unavailable for 46.85102,-96.78179
[weather] NWS fetch failed for 47.90869,-97.02282 [TypeError: fetch failed] {
  [cause]: Error: getaddrinfo ENOTFOUND api.weather.gov
      at GetAddrInfoReqWrap.onlookupall [as oncomplete] (node:dns:122:26) {
    errno: -3008,
    code: 'ENOTFOUND',
    syscall: 'getaddrinfo',
    hostname: 'api.weather.gov'
  }
}
[weather] NOAA precip fetch failed for 47.90869,-97.02282 [TypeError: fetch failed] {
  [cause]: Error: getaddrinfo ENOTFOUND mapservices.weather.noaa.gov
      at GetAddrInfoReqWrap.onlookupall [as oncomplete] (node:dns:122:26) {
    errno: -3008,
    code: 'ENOTFOUND',
    syscall: 'getaddrinfo',
    hostname: 'mapservices.weather.noaa.gov'
  }
}
[weather] Weather snapshot unavailable for 47.90869,-97.02282
[weather] NWS fetch failed for 43.35219,-90.84080 [TypeError: fetch failed] {
  [cause]: Error: getaddrinfo ENOTFOUND api.weather.gov
      at GetAddrInfoReqWrap.onlookupall [as oncomplete] (node:dns:122:26) {
    errno: -3008,
    code: 'ENOTFOUND',
    syscall: 'getaddrinfo',
    hostname: 'api.weather.gov'
  }
}
[weather] NOAA precip fetch failed for 43.35219,-90.84080 [TypeError: fetch failed] {
  [cause]: Error: getaddrinfo ENOTFOUND mapservices.weather.noaa.gov
      at GetAddrInfoReqWrap.onlookupall [as oncomplete] (node:dns:122:26) {
    errno: -3008,
    code: 'ENOTFOUND',
    syscall: 'getaddrinfo',
    hostname: 'mapservices.weather.noaa.gov'
  }
}
[weather] Weather snapshot unavailable for 43.35219,-90.84080
[weather] NWS fetch failed for 41.68680,-94.36926 [TypeError: fetch failed] {
  [cause]: Error: getaddrinfo ENOTFOUND api.weather.gov
      at GetAddrInfoReqWrap.onlookupall [as oncomplete] (node:dns:122:26) {
    errno: -3008,
    code: 'ENOTFOUND',
    syscall: 'getaddrinfo',
    hostname: 'api.weather.gov'
  }
}
[weather] NOAA precip fetch failed for 41.68680,-94.36926 [TypeError: fetch failed] {
  [cause]: Error: getaddrinfo ENOTFOUND mapservices.weather.noaa.gov
      at GetAddrInfoReqWrap.onlookupall [as oncomplete] (node:dns:122:26) {
    errno: -3008,
    code: 'ENOTFOUND',
    syscall: 'getaddrinfo',
    hostname: 'mapservices.weather.noaa.gov'
  }
}
[weather] Weather snapshot unavailable for 41.68680,-94.36926
[weather] NWS fetch failed for 41.66750,-94.35690 [TypeError: fetch failed] {
  [cause]: Error: getaddrinfo ENOTFOUND api.weather.gov
      at GetAddrInfoReqWrap.onlookupall [as oncomplete] (node:dns:122:26) {
    errno: -3008,
    code: 'ENOTFOUND',
    syscall: 'getaddrinfo',
    hostname: 'api.weather.gov'
  }
}
[weather] NOAA precip fetch failed for 41.66750,-94.35690 [TypeError: fetch failed] {
  [cause]: Error: getaddrinfo ENOTFOUND mapservices.weather.noaa.gov
      at GetAddrInfoReqWrap.onlookupall [as oncomplete] (node:dns:122:26) {
    errno: -3008,
    code: 'ENOTFOUND',
    syscall: 'getaddrinfo',
    hostname: 'mapservices.weather.noaa.gov'
  }
}
[weather] Weather snapshot unavailable for 41.66750,-94.35690
[weather] NWS fetch failed for 41.61960,-94.28690 [TypeError: fetch failed] {
  [cause]: Error: getaddrinfo ENOTFOUND api.weather.gov
      at GetAddrInfoReqWrap.onlookupall [as oncomplete] (node:dns:122:26) {
    errno: -3008,
    code: 'ENOTFOUND',
    syscall: 'getaddrinfo',
    hostname: 'api.weather.gov'
  }
}
[weather] NOAA precip fetch failed for 41.61960,-94.28690 [TypeError: fetch failed] {
  [cause]: Error: getaddrinfo ENOTFOUND mapservices.weather.noaa.gov
      at GetAddrInfoReqWrap.onlookupall [as oncomplete] (node:dns:122:26) {
    errno: -3008,
    code: 'ENOTFOUND',
    syscall: 'getaddrinfo',
    hostname: 'mapservices.weather.noaa.gov'
  }
}
[weather] Weather snapshot unavailable for 41.61960,-94.28690
[weather] NWS fetch failed for 47.36217,-92.60076 [TypeError: fetch failed] {
  [cause]: Error: getaddrinfo ENOTFOUND api.weather.gov
      at GetAddrInfoReqWrap.onlookupall [as oncomplete] (node:dns:122:26) {
    errno: -3008,
    code: 'ENOTFOUND',
    syscall: 'getaddrinfo',
    hostname: 'api.weather.gov'
  }
}
[weather] NOAA precip fetch failed for 47.36217,-92.60076 [TypeError: fetch failed] {
  [cause]: Error: getaddrinfo ENOTFOUND mapservices.weather.noaa.gov
      at GetAddrInfoReqWrap.onlookupall [as oncomplete] (node:dns:122:26) {
    errno: -3008,
    code: 'ENOTFOUND',
    syscall: 'getaddrinfo',
    hostname: 'mapservices.weather.noaa.gov'
  }
}
[weather] Weather snapshot unavailable for 47.36217,-92.60076
[weather] NWS fetch failed for 43.67006,-92.08889 [TypeError: fetch failed] {
  [cause]: Error: getaddrinfo ENOTFOUND api.weather.gov
      at GetAddrInfoReqWrap.onlookupall [as oncomplete] (node:dns:122:26) {
    errno: -3008,
    code: 'ENOTFOUND',
    syscall: 'getaddrinfo',
    hostname: 'api.weather.gov'
  }
}
[weather] NOAA precip fetch failed for 43.67006,-92.08889 [TypeError: fetch failed] {
  [cause]: Error: getaddrinfo ENOTFOUND mapservices.weather.noaa.gov
      at GetAddrInfoReqWrap.onlookupall [as oncomplete] (node:dns:122:26) {
    errno: -3008,
    code: 'ENOTFOUND',
    syscall: 'getaddrinfo',
    hostname: 'mapservices.weather.noaa.gov'
  }
}
[weather] Weather snapshot unavailable for 43.67006,-92.08889
[weather] NWS fetch failed for 43.33718,-89.01019 [TypeError: fetch failed] {
  [cause]: Error: getaddrinfo ENOTFOUND api.weather.gov
      at GetAddrInfoReqWrap.onlookupall [as oncomplete] (node:dns:122:26) {
    errno: -3008,
    code: 'ENOTFOUND',
    syscall: 'getaddrinfo',
    hostname: 'api.weather.gov'
  }
}
[weather] NOAA precip fetch failed for 43.33718,-89.01019 [TypeError: fetch failed] {
  [cause]: Error: getaddrinfo ENOTFOUND mapservices.weather.noaa.gov
      at GetAddrInfoReqWrap.onlookupall [as oncomplete] (node:dns:122:26) {
    errno: -3008,
    code: 'ENOTFOUND',
    syscall: 'getaddrinfo',
    hostname: 'mapservices.weather.noaa.gov'
  }
}
[weather] Weather snapshot unavailable for 43.33718,-89.01019
[weather] NWS fetch failed for 43.25623,-88.93943 [TypeError: fetch failed] {
  [cause]: Error: getaddrinfo ENOTFOUND api.weather.gov
      at GetAddrInfoReqWrap.onlookupall [as oncomplete] (node:dns:122:26) {
    errno: -3008,
    code: 'ENOTFOUND',
    syscall: 'getaddrinfo',
    hostname: 'api.weather.gov'
  }
}
[weather] NOAA precip fetch failed for 43.25623,-88.93943 [TypeError: fetch failed] {
  [cause]: Error: getaddrinfo ENOTFOUND mapservices.weather.noaa.gov
      at GetAddrInfoReqWrap.onlookupall [as oncomplete] (node:dns:122:26) {
    errno: -3008,
    code: 'ENOTFOUND',
    syscall: 'getaddrinfo',
    hostname: 'mapservices.weather.noaa.gov'
  }
}
[weather] Weather snapshot unavailable for 43.25623,-88.93943
[weather] NWS fetch failed for 43.06287,-88.86033 [TypeError: fetch failed] {
  [cause]: Error: getaddrinfo ENOTFOUND api.weather.gov
      at GetAddrInfoReqWrap.onlookupall [as oncomplete] (node:dns:122:26) {
    errno: -3008,
    code: 'ENOTFOUND',
    syscall: 'getaddrinfo',
    hostname: 'api.weather.gov'
  }
}
[weather] NOAA precip fetch failed for 43.06287,-88.86033 [TypeError: fetch failed] {
  [cause]: Error: getaddrinfo ENOTFOUND mapservices.weather.noaa.gov
      at GetAddrInfoReqWrap.onlookupall [as oncomplete] (node:dns:122:26) {
    errno: -3008,
    code: 'ENOTFOUND',
    syscall: 'getaddrinfo',
    hostname: 'mapservices.weather.noaa.gov'
  }
}
[weather] Weather snapshot unavailable for 43.06287,-88.86033
[weather] NWS fetch failed for 42.32730,-94.02060 [TypeError: fetch failed] {
  [cause]: Error: getaddrinfo ENOTFOUND api.weather.gov
      at GetAddrInfoReqWrap.onlookupall [as oncomplete] (node:dns:122:26) {
    errno: -3008,
    code: 'ENOTFOUND',
    syscall: 'getaddrinfo',
    hostname: 'api.weather.gov'
  }
}
[weather] NOAA precip fetch failed for 42.32730,-94.02060 [TypeError: fetch failed] {
  [cause]: Error: getaddrinfo ENOTFOUND mapservices.weather.noaa.gov
      at GetAddrInfoReqWrap.onlookupall [as oncomplete] (node:dns:122:26) {
    errno: -3008,
    code: 'ENOTFOUND',
    syscall: 'getaddrinfo',
    hostname: 'mapservices.weather.noaa.gov'
  }
}
[weather] Weather snapshot unavailable for 42.32730,-94.02060
[weather] NWS fetch failed for 42.25230,-93.99750 [TypeError: fetch failed] {
  [cause]: Error: getaddrinfo ENOTFOUND api.weather.gov
      at GetAddrInfoReqWrap.onlookupall [as oncomplete] (node:dns:122:26) {
    errno: -3008,
    code: 'ENOTFOUND',
    syscall: 'getaddrinfo',
    hostname: 'api.weather.gov'
  }
}
[weather] NOAA precip fetch failed for 42.25230,-93.99750 [TypeError: fetch failed] {
  [cause]: Error: getaddrinfo ENOTFOUND mapservices.weather.noaa.gov
      at GetAddrInfoReqWrap.onlookupall [as oncomplete] (node:dns:122:26) {
    errno: -3008,
    code: 'ENOTFOUND',
    syscall: 'getaddrinfo',
    hostname: 'mapservices.weather.noaa.gov'
  }
}
[weather] Weather snapshot unavailable for 42.25230,-93.99750
[weather] NWS fetch failed for 47.75990,-96.56713 [TypeError: fetch failed] {
  [cause]: Error: getaddrinfo ENOTFOUND api.weather.gov
      at GetAddrInfoReqWrap.onlookupall [as oncomplete] (node:dns:122:26) {
    errno: -3008,
    code: 'ENOTFOUND',
    syscall: 'getaddrinfo',
    hostname: 'api.weather.gov'
  }
}
[weather] NOAA precip fetch failed for 47.75990,-96.56713 [TypeError: fetch failed] {
  [cause]: Error: getaddrinfo ENOTFOUND mapservices.weather.noaa.gov
      at GetAddrInfoReqWrap.onlookupall [as oncomplete] (node:dns:122:26) {
    errno: -3008,
    code: 'ENOTFOUND',
    syscall: 'getaddrinfo',
    hostname: 'mapservices.weather.noaa.gov'
  }
}
[weather] Weather snapshot unavailable for 47.75990,-96.56713
[weather] NWS fetch failed for 40.76743,-91.96826 [TypeError: fetch failed] {
  [cause]: Error: getaddrinfo ENOTFOUND api.weather.gov
      at GetAddrInfoReqWrap.onlookupall [as oncomplete] (node:dns:122:26) {
    errno: -3008,
    code: 'ENOTFOUND',
    syscall: 'getaddrinfo',
    hostname: 'api.weather.gov'
  }
}
[weather] NOAA precip fetch failed for 40.76743,-91.96826 [TypeError: fetch failed] {
  [cause]: Error: getaddrinfo ENOTFOUND mapservices.weather.noaa.gov
      at GetAddrInfoReqWrap.onlookupall [as oncomplete] (node:dns:122:26) {
    errno: -3008,
    code: 'ENOTFOUND',
    syscall: 'getaddrinfo',
    hostname: 'mapservices.weather.noaa.gov'
  }
}
[weather] Weather snapshot unavailable for 40.76743,-91.96826
[weather] NWS fetch failed for 43.41490,-91.95874 [TypeError: fetch failed] {
  [cause]: Error: getaddrinfo ENOTFOUND api.weather.gov
      at GetAddrInfoReqWrap.onlookupall [as oncomplete] (node:dns:122:26) {
    errno: -3008,
    code: 'ENOTFOUND',
    syscall: 'getaddrinfo',
    hostname: 'api.weather.gov'
  }
}
[weather] NOAA precip fetch failed for 43.41490,-91.95874 [TypeError: fetch failed] {
  [cause]: Error: getaddrinfo ENOTFOUND mapservices.weather.noaa.gov
      at GetAddrInfoReqWrap.onlookupall [as oncomplete] (node:dns:122:26) {
    errno: -3008,
    code: 'ENOTFOUND',
    syscall: 'getaddrinfo',
    hostname: 'mapservices.weather.noaa.gov'
  }
}
[weather] Weather snapshot unavailable for 43.41490,-91.95874
[weather] NWS fetch failed for 43.47790,-89.91430 [TypeError: fetch failed] {
  [cause]: Error: getaddrinfo ENOTFOUND api.weather.gov
      at GetAddrInfoReqWrap.onlookupall [as oncomplete] (node:dns:122:26) {
    errno: -3008,
    code: 'ENOTFOUND',
    syscall: 'getaddrinfo',
    hostname: 'api.weather.gov'
  }
}
[weather] NOAA precip fetch failed for 43.47790,-89.91430 [TypeError: fetch failed] {
  [cause]: Error: getaddrinfo ENOTFOUND mapservices.weather.noaa.gov
      at GetAddrInfoReqWrap.onlookupall [as oncomplete] (node:dns:122:26) {
    errno: -3008,
    code: 'ENOTFOUND',
    syscall: 'getaddrinfo',
    hostname: 'mapservices.weather.noaa.gov'
  }
}
[weather] Weather snapshot unavailable for 43.47790,-89.91430
[weather] NWS fetch failed for 43.46820,-89.81072 [TypeError: fetch failed] {
  [cause]: Error: getaddrinfo ENOTFOUND api.weather.gov
      at GetAddrInfoReqWrap.onlookupall [as oncomplete] (node:dns:122:26) {
    errno: -3008,
    code: 'ENOTFOUND',
    syscall: 'getaddrinfo',
    hostname: 'api.weather.gov'
  }
}
[weather] NOAA precip fetch failed for 43.46820,-89.81072 [TypeError: fetch failed] {
  [cause]: Error: getaddrinfo ENOTFOUND mapservices.weather.noaa.gov
      at GetAddrInfoReqWrap.onlookupall [as oncomplete] (node:dns:122:26) {
    errno: -3008,
    code: 'ENOTFOUND',
    syscall: 'getaddrinfo',
    hostname: 'mapservices.weather.noaa.gov'
  }
}
[weather] Weather snapshot unavailable for 43.46820,-89.81072
[weather] NWS fetch failed for 42.81025,-89.86413 [TypeError: fetch failed] {
  [cause]: Error: getaddrinfo ENOTFOUND api.weather.gov
      at GetAddrInfoReqWrap.onlookupall [as oncomplete] (node:dns:122:26) {
    errno: -3008,
    code: 'ENOTFOUND',
    syscall: 'getaddrinfo',
    hostname: 'api.weather.gov'
  }
}
[weather] NOAA precip fetch failed for 42.81025,-89.86413 [TypeError: fetch failed] {
  [cause]: Error: getaddrinfo ENOTFOUND mapservices.weather.noaa.gov
      at GetAddrInfoReqWrap.onlookupall [as oncomplete] (node:dns:122:26) {
    errno: -3008,
    code: 'ENOTFOUND',
    syscall: 'getaddrinfo',
    hostname: 'mapservices.weather.noaa.gov'
  }
}
[weather] Weather snapshot unavailable for 42.81025,-89.86413
[weather] NWS fetch failed for 42.75567,-89.88728 [TypeError: fetch failed] {
  [cause]: Error: getaddrinfo ENOTFOUND api.weather.gov
      at GetAddrInfoReqWrap.onlookupall [as oncomplete] (node:dns:122:26) {
    errno: -3008,
    code: 'ENOTFOUND',
    syscall: 'getaddrinfo',
    hostname: 'api.weather.gov'
  }
}
[weather] NOAA precip fetch failed for 42.75567,-89.88728 [TypeError: fetch failed] {
  [cause]: Error: getaddrinfo ENOTFOUND mapservices.weather.noaa.gov
      at GetAddrInfoReqWrap.onlookupall [as oncomplete] (node:dns:122:26) {
    errno: -3008,
    code: 'ENOTFOUND',
    syscall: 'getaddrinfo',
    hostname: 'mapservices.weather.noaa.gov'
  }
}
[weather] Weather snapshot unavailable for 42.75567,-89.88728
[weather] NWS fetch failed for 42.69974,-89.86967 [TypeError: fetch failed] {
  [cause]: Error: getaddrinfo ENOTFOUND api.weather.gov
      at GetAddrInfoReqWrap.onlookupall [as oncomplete] (node:dns:122:26) {
    errno: -3008,
    code: 'ENOTFOUND',
    syscall: 'getaddrinfo',
    hostname: 'api.weather.gov'
  }
}
[weather] NOAA precip fetch failed for 42.69974,-89.86967 [TypeError: fetch failed] {
  [cause]: Error: getaddrinfo ENOTFOUND mapservices.weather.noaa.gov
      at GetAddrInfoReqWrap.onlookupall [as oncomplete] (node:dns:122:26) {
    errno: -3008,
    code: 'ENOTFOUND',
    syscall: 'getaddrinfo',
    hostname: 'mapservices.weather.noaa.gov'
  }
}
[weather] Weather snapshot unavailable for 42.69974,-89.86967
[weather] NWS fetch failed for 42.79984,-87.87081 [TypeError: fetch failed] {
  [cause]: Error: getaddrinfo ENOTFOUND api.weather.gov
      at GetAddrInfoReqWrap.onlookupall [as oncomplete] (node:dns:122:26) {
    errno: -3008,
    code: 'ENOTFOUND',
    syscall: 'getaddrinfo',
    hostname: 'api.weather.gov'
  }
}
[weather] NOAA precip fetch failed for 42.79984,-87.87081 [TypeError: fetch failed] {
  [cause]: Error: getaddrinfo ENOTFOUND mapservices.weather.noaa.gov
      at GetAddrInfoReqWrap.onlookupall [as oncomplete] (node:dns:122:26) {
    errno: -3008,
    code: 'ENOTFOUND',
    syscall: 'getaddrinfo',
    hostname: 'mapservices.weather.noaa.gov'
  }
}
[weather] Weather snapshot unavailable for 42.79984,-87.87081
[weather] NWS fetch failed for 44.09090,-87.86170 [TypeError: fetch failed] {
  [cause]: Error: getaddrinfo ENOTFOUND api.weather.gov
      at GetAddrInfoReqWrap.onlookupall [as oncomplete] (node:dns:122:26) {
    errno: -3008,
    code: 'ENOTFOUND',
    syscall: 'getaddrinfo',
    hostname: 'api.weather.gov'
  }
}
[weather] NOAA precip fetch failed for 44.09090,-87.86170 [TypeError: fetch failed] {
  [cause]: Error: getaddrinfo ENOTFOUND mapservices.weather.noaa.gov
      at GetAddrInfoReqWrap.onlookupall [as oncomplete] (node:dns:122:26) {
    errno: -3008,
    code: 'ENOTFOUND',
    syscall: 'getaddrinfo',
    hostname: 'mapservices.weather.noaa.gov'
  }
}
[weather] Weather snapshot unavailable for 44.09090,-87.86170
[weather] NWS fetch failed for 44.09895,-87.82211 [TypeError: fetch failed] {
  [cause]: Error: getaddrinfo ENOTFOUND api.weather.gov
      at GetAddrInfoReqWrap.onlookupall [as oncomplete] (node:dns:122:26) {
    errno: -3008,
    code: 'ENOTFOUND',
    syscall: 'getaddrinfo',
    hostname: 'api.weather.gov'
  }
}
[weather] NOAA precip fetch failed for 44.09895,-87.82211 [TypeError: fetch failed] {
  [cause]: Error: getaddrinfo ENOTFOUND mapservices.weather.noaa.gov
      at GetAddrInfoReqWrap.onlookupall [as oncomplete] (node:dns:122:26) {
    errno: -3008,
    code: 'ENOTFOUND',
    syscall: 'getaddrinfo',
    hostname: 'mapservices.weather.noaa.gov'
  }
}
[weather] Weather snapshot unavailable for 44.09895,-87.82211
[weather] NWS fetch failed for 44.11183,-87.78126 [TypeError: fetch failed] {
  [cause]: Error: getaddrinfo ENOTFOUND api.weather.gov
      at GetAddrInfoReqWrap.onlookupall [as oncomplete] (node:dns:122:26) {
    errno: -3008,
    code: 'ENOTFOUND',
    syscall: 'getaddrinfo',
    hostname: 'api.weather.gov'
  }
}
[weather] NOAA precip fetch failed for 44.11183,-87.78126 [TypeError: fetch failed] {
  [cause]: Error: getaddrinfo ENOTFOUND mapservices.weather.noaa.gov
      at GetAddrInfoReqWrap.onlookupall [as oncomplete] (node:dns:122:26) {
    errno: -3008,
    code: 'ENOTFOUND',
    syscall: 'getaddrinfo',
    hostname: 'mapservices.weather.noaa.gov'
  }
}
[weather] Weather snapshot unavailable for 44.11183,-87.78126
[weather] NWS fetch failed for 42.85564,-88.41809 [TypeError: fetch failed] {
  [cause]: Error: getaddrinfo ENOTFOUND api.weather.gov
      at GetAddrInfoReqWrap.onlookupall [as oncomplete] (node:dns:122:26) {
    errno: -3008,
    code: 'ENOTFOUND',
    syscall: 'getaddrinfo',
    hostname: 'api.weather.gov'
  }
}
[weather] NOAA precip fetch failed for 42.85564,-88.41809 [TypeError: fetch failed] {
  [cause]: Error: getaddrinfo ENOTFOUND mapservices.weather.noaa.gov
      at GetAddrInfoReqWrap.onlookupall [as oncomplete] (node:dns:122:26) {
    errno: -3008,
    code: 'ENOTFOUND',
    syscall: 'getaddrinfo',
    hostname: 'mapservices.weather.noaa.gov'
  }
}
[weather] Weather snapshot unavailable for 42.85564,-88.41809
[weather] NWS fetch failed for 44.90644,-89.45861 [TypeError: fetch failed] {
  [cause]: Error: getaddrinfo ENOTFOUND api.weather.gov
      at GetAddrInfoReqWrap.onlookupall [as oncomplete] (node:dns:122:26) {
    errno: -3008,
    code: 'ENOTFOUND',
    syscall: 'getaddrinfo',
    hostname: 'api.weather.gov'
  }
}
[weather] NOAA precip fetch failed for 44.90644,-89.45861 [TypeError: fetch failed] {
  [cause]: Error: getaddrinfo ENOTFOUND mapservices.weather.noaa.gov
      at GetAddrInfoReqWrap.onlookupall [as oncomplete] (node:dns:122:26) {
    errno: -3008,
    code: 'ENOTFOUND',
    syscall: 'getaddrinfo',
    hostname: 'mapservices.weather.noaa.gov'
  }
}
[weather] Weather snapshot unavailable for 44.90644,-89.45861
[weather] NWS fetch failed for 44.90150,-89.50570 [TypeError: fetch failed] {
  [cause]: Error: getaddrinfo ENOTFOUND api.weather.gov
      at GetAddrInfoReqWrap.onlookupall [as oncomplete] (node:dns:122:26) {
    errno: -3008,
    code: 'ENOTFOUND',
    syscall: 'getaddrinfo',
    hostname: 'api.weather.gov'
  }
}
[weather] NOAA precip fetch failed for 44.90150,-89.50570 [TypeError: fetch failed] {
  [cause]: Error: getaddrinfo ENOTFOUND mapservices.weather.noaa.gov
      at GetAddrInfoReqWrap.onlookupall [as oncomplete] (node:dns:122:26) {
    errno: -3008,
    code: 'ENOTFOUND',
    syscall: 'getaddrinfo',
    hostname: 'mapservices.weather.noaa.gov'
  }
}
[weather] Weather snapshot unavailable for 44.90150,-89.50570
[weather] NWS fetch failed for 44.91833,-89.55182 [TypeError: fetch failed] {
  [cause]: Error: getaddrinfo ENOTFOUND api.weather.gov
      at GetAddrInfoReqWrap.onlookupall [as oncomplete] (node:dns:122:26) {
    errno: -3008,
    code: 'ENOTFOUND',
    syscall: 'getaddrinfo',
    hostname: 'api.weather.gov'
  }
}
[weather] NOAA precip fetch failed for 44.91833,-89.55182 [TypeError: fetch failed] {
  [cause]: Error: getaddrinfo ENOTFOUND mapservices.weather.noaa.gov
      at GetAddrInfoReqWrap.onlookupall [as oncomplete] (node:dns:122:26) {
    errno: -3008,
    code: 'ENOTFOUND',
    syscall: 'getaddrinfo',
    hostname: 'mapservices.weather.noaa.gov'
  }
}
[weather] Weather snapshot unavailable for 44.91833,-89.55182
[weather] NWS fetch failed for 42.82639,-89.17194 [TypeError: fetch failed] {
  [cause]: Error: getaddrinfo ENOTFOUND api.weather.gov
      at GetAddrInfoReqWrap.onlookupall [as oncomplete] (node:dns:122:26) {
    errno: -3008,
    code: 'ENOTFOUND',
    syscall: 'getaddrinfo',
    hostname: 'api.weather.gov'
  }
}
[weather] NOAA precip fetch failed for 42.82639,-89.17194 [TypeError: fetch failed] {
  [cause]: Error: getaddrinfo ENOTFOUND mapservices.weather.noaa.gov
      at GetAddrInfoReqWrap.onlookupall [as oncomplete] (node:dns:122:26) {
    errno: -3008,
    code: 'ENOTFOUND',
    syscall: 'getaddrinfo',
    hostname: 'mapservices.weather.noaa.gov'
  }
}
[weather] Weather snapshot unavailable for 42.82639,-89.17194
[weather] NWS fetch failed for 44.36904,-93.23192 [TypeError: fetch failed] {
  [cause]: Error: getaddrinfo ENOTFOUND api.weather.gov
      at GetAddrInfoReqWrap.onlookupall [as oncomplete] (node:dns:122:26) {
    errno: -3008,
    code: 'ENOTFOUND',
    syscall: 'getaddrinfo',
    hostname: 'api.weather.gov'
  }
}
[weather] NOAA precip fetch failed for 44.36904,-93.23192 [TypeError: fetch failed] {
  [cause]: Error: getaddrinfo ENOTFOUND mapservices.weather.noaa.gov
      at GetAddrInfoReqWrap.onlookupall [as oncomplete] (node:dns:122:26) {
    errno: -3008,
    code: 'ENOTFOUND',
    syscall: 'getaddrinfo',
    hostname: 'mapservices.weather.noaa.gov'
  }
}
[weather] Weather snapshot unavailable for 44.36904,-93.23192
API server request failed. {
  requestId: 'req_msh3p6hg_td5jzi',
  method: 'GET',
  path: '/api/rivers/summary.json',
  error: Error: river summary scoring timed out after 12000ms
      at Timeout.<anonymous> (C:\Users\Yerff\source\repos\PaddleTodayV2\src\server\server-runtime.ts:18:18)
      at listOnTimeout (node:internal/timers:605:17)
      at process.processTimers (node:internal/timers:541:7)
}
[weather] NWS fetch failed for 44.46327,-93.91760 [TypeError: fetch failed] {
  [cause]: Error: getaddrinfo ENOTFOUND api.weather.gov
      at GetAddrInfoReqWrap.onlookupall [as oncomplete] (node:dns:122:26) {
    errno: -3008,
    code: 'ENOTFOUND',
    syscall: 'getaddrinfo',
    hostname: 'api.weather.gov'
  }
}
[weather] NOAA precip fetch failed for 44.46327,-93.91760 [TypeError: fetch failed] {
  [cause]: Error: getaddrinfo ENOTFOUND mapservices.weather.noaa.gov
      at GetAddrInfoReqWrap.onlookupall [as oncomplete] (node:dns:122:26) {
    errno: -3008,
    code: 'ENOTFOUND',
    syscall: 'getaddrinfo',
    hostname: 'mapservices.weather.noaa.gov'
  }
}
[weather] Weather snapshot unavailable for 44.46327,-93.91760
[weather] NWS fetch failed for 44.92967,-95.72678 [TypeError: fetch failed] {
  [cause]: Error: getaddrinfo ENOTFOUND api.weather.gov
      at GetAddrInfoReqWrap.onlookupall [as oncomplete] (node:dns:122:26) {
    errno: -3008,
    code: 'ENOTFOUND',
    syscall: 'getaddrinfo',
    hostname: 'api.weather.gov'
  }
}
[weather] NOAA precip fetch failed for 44.92967,-95.72678 [TypeError: fetch failed] {
  [cause]: Error: getaddrinfo ENOTFOUND mapservices.weather.noaa.gov
      at GetAddrInfoReqWrap.onlookupall [as oncomplete] (node:dns:122:26) {
    errno: -3008,
    code: 'ENOTFOUND',
    syscall: 'getaddrinfo',
    hostname: 'mapservices.weather.noaa.gov'
  }
}
[weather] Weather snapshot unavailable for 44.92967,-95.72678
[weather] NWS fetch failed for 44.54270,-95.00226 [TypeError: fetch failed] {
  [cause]: Error: getaddrinfo ENOTFOUND api.weather.gov
      at GetAddrInfoReqWrap.onlookupall [as oncomplete] (node:dns:122:26) {
    errno: -3008,
    code: 'ENOTFOUND',
    syscall: 'getaddrinfo',
    hostname: 'api.weather.gov'
  }
}
[weather] NOAA precip fetch failed for 44.54270,-95.00226 [TypeError: fetch failed] {
  [cause]: Error: getaddrinfo ENOTFOUND mapservices.weather.noaa.gov
      at GetAddrInfoReqWrap.onlookupall [as oncomplete] (node:dns:122:26) {
    errno: -3008,
    code: 'ENOTFOUND',
    syscall: 'getaddrinfo',
    hostname: 'mapservices.weather.noaa.gov'
  }
}
[weather] Weather snapshot unavailable for 44.54270,-95.00226
[weather] NWS fetch failed for 46.38263,-96.02063 [TypeError: fetch failed] {
  [cause]: Error: getaddrinfo ENOTFOUND api.weather.gov
      at GetAddrInfoReqWrap.onlookupall [as oncomplete] (node:dns:122:26) {
    errno: -3008,
    code: 'ENOTFOUND',
    syscall: 'getaddrinfo',
    hostname: 'api.weather.gov'
  }
}
[weather] NOAA precip fetch failed for 46.38263,-96.02063 [TypeError: fetch failed] {
  [cause]: Error: getaddrinfo ENOTFOUND mapservices.weather.noaa.gov
      at GetAddrInfoReqWrap.onlookupall [as oncomplete] (node:dns:122:26) {
    errno: -3008,
    code: 'ENOTFOUND',
    syscall: 'getaddrinfo',
    hostname: 'mapservices.weather.noaa.gov'
  }
}
[weather] Weather snapshot unavailable for 46.38263,-96.02063
[weather] NWS fetch failed for 44.14968,-92.00562 [TypeError: fetch failed] {
  [cause]: Error: getaddrinfo ENOTFOUND api.weather.gov
      at GetAddrInfoReqWrap.onlookupall [as oncomplete] (node:dns:122:26) {
    errno: -3008,
    code: 'ENOTFOUND',
    syscall: 'getaddrinfo',
    hostname: 'api.weather.gov'
  }
}
[weather] NOAA precip fetch failed for 44.14968,-92.00562 [TypeError: fetch failed] {
  [cause]: Error: getaddrinfo ENOTFOUND mapservices.weather.noaa.gov
      at GetAddrInfoReqWrap.onlookupall [as oncomplete] (node:dns:122:26) {
    errno: -3008,
    code: 'ENOTFOUND',
    syscall: 'getaddrinfo',
    hostname: 'mapservices.weather.noaa.gov'
  }
}
[weather] Weather snapshot unavailable for 44.14968,-92.00562
[weather] NWS fetch failed for 44.50924,-92.94240 [TypeError: fetch failed] {
  [cause]: Error: getaddrinfo ENOTFOUND api.weather.gov
      at GetAddrInfoReqWrap.onlookupall [as oncomplete] (node:dns:122:26) {
    errno: -3008,
    code: 'ENOTFOUND',
    syscall: 'getaddrinfo',
    hostname: 'api.weather.gov'
  }
}
[weather] NOAA precip fetch failed for 44.50924,-92.94240 [TypeError: fetch failed] {
  [cause]: Error: getaddrinfo ENOTFOUND mapservices.weather.noaa.gov
      at GetAddrInfoReqWrap.onlookupall [as oncomplete] (node:dns:122:26) {
    errno: -3008,
    code: 'ENOTFOUND',
    syscall: 'getaddrinfo',
    hostname: 'mapservices.weather.noaa.gov'
  }
}
[weather] Weather snapshot unavailable for 44.50924,-92.94240
[weather] NWS fetch failed for 45.28369,-95.97937 [TypeError: fetch failed] {
  [cause]: Error: getaddrinfo ENOTFOUND api.weather.gov
      at GetAddrInfoReqWrap.onlookupall [as oncomplete] (node:dns:122:26) {
    errno: -3008,
    code: 'ENOTFOUND',
    syscall: 'getaddrinfo',
    hostname: 'api.weather.gov'
  }
}
[weather] NOAA precip fetch failed for 45.28369,-95.97937 [TypeError: fetch failed] {
  [cause]: Error: getaddrinfo ENOTFOUND mapservices.weather.noaa.gov
      at GetAddrInfoReqWrap.onlookupall [as oncomplete] (node:dns:122:26) {
    errno: -3008,
    code: 'ENOTFOUND',
    syscall: 'getaddrinfo',
    hostname: 'mapservices.weather.noaa.gov'
  }
}
[weather] Weather snapshot unavailable for 45.28369,-95.97937
[weather] NWS fetch failed for 43.65694,-92.97435 [TypeError: fetch failed] {
  [cause]: Error: getaddrinfo ENOTFOUND api.weather.gov
      at GetAddrInfoReqWrap.onlookupall [as oncomplete] (node:dns:122:26) {
    errno: -3008,
    code: 'ENOTFOUND',
    syscall: 'getaddrinfo',
    hostname: 'api.weather.gov'
  }
}
[weather] NOAA precip fetch failed for 43.65694,-92.97435 [TypeError: fetch failed] {
  [cause]: Error: getaddrinfo ENOTFOUND mapservices.weather.noaa.gov
      at GetAddrInfoReqWrap.onlookupall [as oncomplete] (node:dns:122:26) {
    errno: -3008,
    code: 'ENOTFOUND',
    syscall: 'getaddrinfo',
    hostname: 'mapservices.weather.noaa.gov'
  }
}
[weather] Weather snapshot unavailable for 43.65694,-92.97435
[weather] NWS fetch failed for 48.40024,-93.56483 [TypeError: fetch failed] {
  [cause]: Error: getaddrinfo ENOTFOUND api.weather.gov
      at GetAddrInfoReqWrap.onlookupall [as oncomplete] (node:dns:122:26) {
    errno: -3008,
    code: 'ENOTFOUND',
    syscall: 'getaddrinfo',
    hostname: 'api.weather.gov'
  }
}
[weather] NOAA precip fetch failed for 48.40024,-93.56483 [TypeError: fetch failed] {
  [cause]: Error: getaddrinfo ENOTFOUND mapservices.weather.noaa.gov
      at GetAddrInfoReqWrap.onlookupall [as oncomplete] (node:dns:122:26) {
    errno: -3008,
    code: 'ENOTFOUND',
    syscall: 'getaddrinfo',
    hostname: 'mapservices.weather.noaa.gov'
  }
}
[weather] Weather snapshot unavailable for 48.40024,-93.56483
[weather] NWS fetch failed for 45.88231,-93.30997 [TypeError: fetch failed] {
  [cause]: Error: getaddrinfo ENOTFOUND api.weather.gov
      at GetAddrInfoReqWrap.onlookupall [as oncomplete] (node:dns:122:26) {
    errno: -3008,
    code: 'ENOTFOUND',
    syscall: 'getaddrinfo',
    hostname: 'api.weather.gov'
  }
}
[weather] NOAA precip fetch failed for 45.88231,-93.30997 [TypeError: fetch failed] {
  [cause]: Error: getaddrinfo ENOTFOUND mapservices.weather.noaa.gov
      at GetAddrInfoReqWrap.onlookupall [as oncomplete] (node:dns:122:26) {
    errno: -3008,
    code: 'ENOTFOUND',
    syscall: 'getaddrinfo',
    hostname: 'mapservices.weather.noaa.gov'
  }
}
[weather] Weather snapshot unavailable for 45.88231,-93.30997
[weather] NWS fetch failed for 47.88220,-90.07470 [TypeError: fetch failed] {
  [cause]: Error: getaddrinfo ENOTFOUND api.weather.gov
      at GetAddrInfoReqWrap.onlookupall [as oncomplete] (node:dns:122:26) {
    errno: -3008,
    code: 'ENOTFOUND',
    syscall: 'getaddrinfo',
    hostname: 'api.weather.gov'
  }
}
[weather] NOAA precip fetch failed for 47.88220,-90.07470 [TypeError: fetch failed] {
  [cause]: Error: getaddrinfo ENOTFOUND mapservices.weather.noaa.gov
      at GetAddrInfoReqWrap.onlookupall [as oncomplete] (node:dns:122:26) {
    errno: -3008,
    code: 'ENOTFOUND',
    syscall: 'getaddrinfo',
    hostname: 'mapservices.weather.noaa.gov'
  }
}
[weather] Weather snapshot unavailable for 47.88220,-90.07470
[weather] NWS fetch failed for 46.98410,-91.78370 [TypeError: fetch failed] {
  [cause]: Error: getaddrinfo ENOTFOUND api.weather.gov
      at GetAddrInfoReqWrap.onlookupall [as oncomplete] (node:dns:122:26) {
    errno: -3008,
    code: 'ENOTFOUND',
    syscall: 'getaddrinfo',
    hostname: 'api.weather.gov'
  }
}
[weather] NOAA precip fetch failed for 46.98410,-91.78370 [TypeError: fetch failed] {
  [cause]: Error: getaddrinfo ENOTFOUND mapservices.weather.noaa.gov
      at GetAddrInfoReqWrap.onlookupall [as oncomplete] (node:dns:122:26) {
    errno: -3008,
    code: 'ENOTFOUND',
    syscall: 'getaddrinfo',
    hostname: 'mapservices.weather.noaa.gov'
  }
}
[weather] Weather snapshot unavailable for 46.98410,-91.78370
[weather] NWS fetch failed for 48.01040,-89.70830 [TypeError: fetch failed] {
  [cause]: Error: getaddrinfo ENOTFOUND api.weather.gov
      at GetAddrInfoReqWrap.onlookupall [as oncomplete] (node:dns:122:26) {
    errno: -3008,
    code: 'ENOTFOUND',
    syscall: 'getaddrinfo',
    hostname: 'api.weather.gov'
  }
}
[weather] NOAA precip fetch failed for 48.01040,-89.70830 [TypeError: fetch failed] {
  [cause]: Error: getaddrinfo ENOTFOUND mapservices.weather.noaa.gov
      at GetAddrInfoReqWrap.onlookupall [as oncomplete] (node:dns:122:26) {
    errno: -3008,
    code: 'ENOTFOUND',
    syscall: 'getaddrinfo',
    hostname: 'mapservices.weather.noaa.gov'
  }
}
[weather] Weather snapshot unavailable for 48.01040,-89.70830
[weather] NWS fetch failed for 41.55446,-91.52578 [TypeError: fetch failed] {
  [cause]: Error: getaddrinfo ENOTFOUND api.weather.gov
      at GetAddrInfoReqWrap.onlookupall [as oncomplete] (node:dns:122:26) {
    errno: -3008,
    code: 'ENOTFOUND',
    syscall: 'getaddrinfo',
    hostname: 'api.weather.gov'
  }
}
[weather] NOAA precip fetch failed for 41.55446,-91.52578 [TypeError: fetch failed] {
  [cause]: Error: getaddrinfo ENOTFOUND mapservices.weather.noaa.gov
      at GetAddrInfoReqWrap.onlookupall [as oncomplete] (node:dns:122:26) {
    errno: -3008,
    code: 'ENOTFOUND',
    syscall: 'getaddrinfo',
    hostname: 'mapservices.weather.noaa.gov'
  }
}
[weather] Weather snapshot unavailable for 41.55446,-91.52578
[weather] NWS fetch failed for 42.08471,-93.59744 [TypeError: fetch failed] {
  [cause]: Error: getaddrinfo ENOTFOUND api.weather.gov
      at GetAddrInfoReqWrap.onlookupall [as oncomplete] (node:dns:122:26) {
    errno: -3008,
    code: 'ENOTFOUND',
    syscall: 'getaddrinfo',
    hostname: 'api.weather.gov'
  }
}
[weather] NOAA precip fetch failed for 42.08471,-93.59744 [TypeError: fetch failed] {
  [cause]: Error: getaddrinfo ENOTFOUND mapservices.weather.noaa.gov
      at GetAddrInfoReqWrap.onlookupall [as oncomplete] (node:dns:122:26) {
    errno: -3008,
    code: 'ENOTFOUND',
    syscall: 'getaddrinfo',
    hostname: 'mapservices.weather.noaa.gov'
  }
}
[weather] Weather snapshot unavailable for 42.08471,-93.59744
[weather] NWS fetch failed for 41.98815,-94.37393 [TypeError: fetch failed] {
  [cause]: Error: getaddrinfo ENOTFOUND api.weather.gov
      at GetAddrInfoReqWrap.onlookupall [as oncomplete] (node:dns:122:26) {
    errno: -3008,
    code: 'ENOTFOUND',
    syscall: 'getaddrinfo',
    hostname: 'api.weather.gov'
  }
}
[weather] NOAA precip fetch failed for 41.98815,-94.37393 [TypeError: fetch failed] {
  [cause]: Error: getaddrinfo ENOTFOUND mapservices.weather.noaa.gov
      at GetAddrInfoReqWrap.onlookupall [as oncomplete] (node:dns:122:26) {
    errno: -3008,
    code: 'ENOTFOUND',
    syscall: 'getaddrinfo',
    hostname: 'mapservices.weather.noaa.gov'
  }
}
[weather] Weather snapshot unavailable for 41.98815,-94.37393
[weather] NWS fetch failed for 47.95302,-93.75499 [TypeError: fetch failed] {
  [cause]: Error: getaddrinfo ENOTFOUND api.weather.gov
      at GetAddrInfoReqWrap.onlookupall [as oncomplete] (node:dns:122:26) {
    errno: -3008,
    code: 'ENOTFOUND',
    syscall: 'getaddrinfo',
    hostname: 'api.weather.gov'
  }
}
[weather] NOAA precip fetch failed for 47.95302,-93.75499 [TypeError: fetch failed] {
  [cause]: Error: getaddrinfo ENOTFOUND mapservices.weather.noaa.gov
      at GetAddrInfoReqWrap.onlookupall [as oncomplete] (node:dns:122:26) {
    errno: -3008,
    code: 'ENOTFOUND',
    syscall: 'getaddrinfo',
    hostname: 'mapservices.weather.noaa.gov'
  }
}
[weather] Weather snapshot unavailable for 47.95302,-93.75499
[weather] NWS fetch failed for 48.03469,-93.74156 [TypeError: fetch failed] {
  [cause]: Error: getaddrinfo ENOTFOUND api.weather.gov
      at GetAddrInfoReqWrap.onlookupall [as oncomplete] (node:dns:122:26) {
    errno: -3008,
    code: 'ENOTFOUND',
    syscall: 'getaddrinfo',
    hostname: 'api.weather.gov'
  }
}
[weather] NOAA precip fetch failed for 48.03469,-93.74156 [TypeError: fetch failed] {
  [cause]: Error: getaddrinfo ENOTFOUND mapservices.weather.noaa.gov
      at GetAddrInfoReqWrap.onlookupall [as oncomplete] (node:dns:122:26) {
    errno: -3008,
    code: 'ENOTFOUND',
    syscall: 'getaddrinfo',
    hostname: 'mapservices.weather.noaa.gov'
  }
}
[weather] Weather snapshot unavailable for 48.03469,-93.74156
[weather] NWS fetch failed for 47.86106,-96.42500 [TypeError: fetch failed] {
  [cause]: Error: getaddrinfo ENOTFOUND api.weather.gov
      at GetAddrInfoReqWrap.onlookupall [as oncomplete] (node:dns:122:26) {
    errno: -3008,
    code: 'ENOTFOUND',
    syscall: 'getaddrinfo',
    hostname: 'api.weather.gov'
  }
}
[weather] NOAA precip fetch failed for 47.86106,-96.42500 [TypeError: fetch failed] {
  [cause]: Error: getaddrinfo ENOTFOUND mapservices.weather.noaa.gov
      at GetAddrInfoReqWrap.onlookupall [as oncomplete] (node:dns:122:26) {
    errno: -3008,
    code: 'ENOTFOUND',
    syscall: 'getaddrinfo',
    hostname: 'mapservices.weather.noaa.gov'
  }
}
[weather] Weather snapshot unavailable for 47.86106,-96.42500
[weather] NWS fetch failed for 47.16726,-92.77927 [TypeError: fetch failed] {
  [cause]: Error: getaddrinfo ENOTFOUND api.weather.gov
      at GetAddrInfoReqWrap.onlookupall [as oncomplete] (node:dns:122:26) {
    errno: -3008,
    code: 'ENOTFOUND',
    syscall: 'getaddrinfo',
    hostname: 'api.weather.gov'
  }
}
[weather] NOAA precip fetch failed for 47.16726,-92.77927 [TypeError: fetch failed] {
  [cause]: Error: getaddrinfo ENOTFOUND mapservices.weather.noaa.gov
      at GetAddrInfoReqWrap.onlookupall [as oncomplete] (node:dns:122:26) {
    errno: -3008,
    code: 'ENOTFOUND',
    syscall: 'getaddrinfo',
    hostname: 'mapservices.weather.noaa.gov'
  }
}
[weather] Weather snapshot unavailable for 47.16726,-92.77927
[weather] NWS fetch failed for 46.77840,-94.89298 [TypeError: fetch failed] {
  [cause]: Error: getaddrinfo ENOTFOUND api.weather.gov
      at GetAddrInfoReqWrap.onlookupall [as oncomplete] (node:dns:122:26) {
    errno: -3008,
    code: 'ENOTFOUND',
    syscall: 'getaddrinfo',
    hostname: 'api.weather.gov'
  }
}
[weather] NOAA precip fetch failed for 46.77840,-94.89298 [TypeError: fetch failed] {
  [cause]: Error: getaddrinfo ENOTFOUND mapservices.weather.noaa.gov
      at GetAddrInfoReqWrap.onlookupall [as oncomplete] (node:dns:122:26) {
    errno: -3008,
    code: 'ENOTFOUND',
    syscall: 'getaddrinfo',
    hostname: 'mapservices.weather.noaa.gov'
  }
}
[weather] Weather snapshot unavailable for 46.77840,-94.89298
[weather] NWS fetch failed for 47.96108,-92.47595 [TypeError: fetch failed] {
  [cause]: Error: getaddrinfo ENOTFOUND api.weather.gov
      at GetAddrInfoReqWrap.onlookupall [as oncomplete] (node:dns:122:26) {
    errno: -3008,
    code: 'ENOTFOUND',
    syscall: 'getaddrinfo',
    hostname: 'api.weather.gov'
  }
}
[weather] NOAA precip fetch failed for 47.96108,-92.47595 [TypeError: fetch failed] {
  [cause]: Error: getaddrinfo ENOTFOUND mapservices.weather.noaa.gov
      at GetAddrInfoReqWrap.onlookupall [as oncomplete] (node:dns:122:26) {
    errno: -3008,
    code: 'ENOTFOUND',
    syscall: 'getaddrinfo',
    hostname: 'mapservices.weather.noaa.gov'
  }
}
[weather] Weather snapshot unavailable for 47.96108,-92.47595
[weather] NWS fetch failed for 47.66463,-90.71565 [TypeError: fetch failed] {
  [cause]: Error: getaddrinfo ENOTFOUND api.weather.gov
      at GetAddrInfoReqWrap.onlookupall [as oncomplete] (node:dns:122:26) {
    errno: -3008,
    code: 'ENOTFOUND',
    syscall: 'getaddrinfo',
    hostname: 'api.weather.gov'
  }
}
[weather] NOAA precip fetch failed for 47.66463,-90.71565 [TypeError: fetch failed] {
  [cause]: Error: getaddrinfo ENOTFOUND mapservices.weather.noaa.gov
      at GetAddrInfoReqWrap.onlookupall [as oncomplete] (node:dns:122:26) {
    errno: -3008,
    code: 'ENOTFOUND',
    syscall: 'getaddrinfo',
    hostname: 'mapservices.weather.noaa.gov'
  }
}
[weather] Weather snapshot unavailable for 47.66463,-90.71565
[weather] NWS fetch failed for 47.37290,-91.22870 [TypeError: fetch failed] {
  [cause]: Error: getaddrinfo ENOTFOUND api.weather.gov
      at GetAddrInfoReqWrap.onlookupall [as oncomplete] (node:dns:122:26) {
    errno: -3008,
    code: 'ENOTFOUND',
    syscall: 'getaddrinfo',
    hostname: 'api.weather.gov'
  }
}
[weather] NOAA precip fetch failed for 47.37290,-91.22870 [TypeError: fetch failed] {
  [cause]: Error: getaddrinfo ENOTFOUND mapservices.weather.noaa.gov
      at GetAddrInfoReqWrap.onlookupall [as oncomplete] (node:dns:122:26) {
    errno: -3008,
    code: 'ENOTFOUND',
    syscall: 'getaddrinfo',
    hostname: 'mapservices.weather.noaa.gov'
  }
}
[weather] Weather snapshot unavailable for 47.37290,-91.22870
[weather] NWS fetch failed for 47.27330,-91.32240 [TypeError: fetch failed] {
  [cause]: Error: getaddrinfo ENOTFOUND api.weather.gov
      at GetAddrInfoReqWrap.onlookupall [as oncomplete] (node:dns:122:26) {
    errno: -3008,
    code: 'ENOTFOUND',
    syscall: 'getaddrinfo',
    hostname: 'api.weather.gov'
  }
}
[weather] NOAA precip fetch failed for 47.27330,-91.32240 [TypeError: fetch failed] {
  [cause]: Error: getaddrinfo ENOTFOUND mapservices.weather.noaa.gov
      at GetAddrInfoReqWrap.onlookupall [as oncomplete] (node:dns:122:26) {
    errno: -3008,
    code: 'ENOTFOUND',
    syscall: 'getaddrinfo',
    hostname: 'mapservices.weather.noaa.gov'
  }
}
[weather] Weather snapshot unavailable for 47.27330,-91.32240
API server request failed. {
  requestId: 'req_msh421fz_a20dh5',
  method: 'GET',
  path: '/api/rivers/summary.json',
  error: Error: river summary scoring timed out after 12000ms
      at Timeout.<anonymous> (C:\Users\Yerff\source\repos\PaddleTodayV2\src\server\server-runtime.ts:18:18)
      at listOnTimeout (node:internal/timers:605:17)
      at process.processTimers (node:internal/timers:541:7)
}
[weather] NWS fetch failed for 48.01040,-89.70830 Error: HTTP 404
    at fetchJson (C:\Users\Yerff\source\repos\PaddleTodayV2\src\lib\http.ts:94:15)
    at process.processTicksAndRejections (node:internal/process/task_queues:104:5)
    at async fetchNwsWeatherSnapshot (C:\Users\Yerff\source\repos\PaddleTodayV2\src\lib\nws.ts:87:17)
    at async Promise.all (index 0)
    at async fetchWeatherSnapshot (C:\Users\Yerff\source\repos\PaddleTodayV2\src\lib\weather.ts:7:27)
    at async Promise.all (index 1)
    at async scoreRiver (C:\Users\Yerff\source\repos\PaddleTodayV2\src\lib\rivers.ts:179:28)
    at async worker (C:\Users\Yerff\source\repos\PaddleTodayV2\src\lib\async-concurrency.ts:22:24)
    at async Promise.all (index 2)
    at async mapWithConcurrency (C:\Users\Yerff\source\repos\PaddleTodayV2\src\lib\async-concurrency.ts:26:3)
[weather] Weather snapshot unavailable for 48.01040,-89.70830
API server request failed. {
  requestId: 'req_msh4lbw2_ntglfp',
  method: 'GET',
  path: '/api/rivers/summary.json',
  error: Error: river summary scoring timed out after 12000ms
      at Timeout.<anonymous> (C:\Users\Yerff\source\repos\PaddleTodayV2\src\server\server-runtime.ts:18:18)
      at listOnTimeout (node:internal/timers:605:17)
      at process.processTimers (node:internal/timers:541:7)
}
[weather] NWS fetch failed for 48.01040,-89.70830 Error: HTTP 404
    at fetchJson (C:\Users\Yerff\source\repos\PaddleTodayV2\src\lib\http.ts:94:15)
    at process.processTicksAndRejections (node:internal/process/task_queues:104:5)
    at async fetchNwsWeatherSnapshot (C:\Users\Yerff\source\repos\PaddleTodayV2\src\lib\nws.ts:87:17)
    at async Promise.all (index 0)
    at async fetchWeatherSnapshot (C:\Users\Yerff\source\repos\PaddleTodayV2\src\lib\weather.ts:7:27)
    at async Promise.all (index 1)
    at async scoreRiver (C:\Users\Yerff\source\repos\PaddleTodayV2\src\lib\rivers.ts:179:28)
    at async worker (C:\Users\Yerff\source\repos\PaddleTodayV2\src\lib\async-concurrency.ts:22:24)
    at async Promise.all (index 5)
    at async mapWithConcurrency (C:\Users\Yerff\source\repos\PaddleTodayV2\src\lib\async-concurrency.ts:26:3)
[weather] Weather snapshot unavailable for 48.01040,-89.70830
API server request failed. {
  requestId: 'req_msh4y6uq_5xltta',
  method: 'GET',
  path: '/api/rivers/summary.json',
  error: Error: river summary scoring timed out after 12000ms
      at Timeout.<anonymous> (C:\Users\Yerff\source\repos\PaddleTodayV2\src\server\server-runtime.ts:18:18)
      at listOnTimeout (node:internal/timers:605:17)
      at process.processTimers (node:internal/timers:541:7)
}
[weather] NWS fetch failed for 48.01040,-89.70830 Error: HTTP 404
    at fetchJson (C:\Users\Yerff\source\repos\PaddleTodayV2\src\lib\http.ts:94:15)
    at process.processTicksAndRejections (node:internal/process/task_queues:104:5)
    at async fetchNwsWeatherSnapshot (C:\Users\Yerff\source\repos\PaddleTodayV2\src\lib\nws.ts:87:17)
    at async Promise.all (index 0)
    at async fetchWeatherSnapshot (C:\Users\Yerff\source\repos\PaddleTodayV2\src\lib\weather.ts:7:27)
    at async Promise.all (index 1)
    at async scoreRiver (C:\Users\Yerff\source\repos\PaddleTodayV2\src\lib\rivers.ts:179:28)
    at async worker (C:\Users\Yerff\source\repos\PaddleTodayV2\src\lib\async-concurrency.ts:22:24)
    at async Promise.all (index 11)
    at async mapWithConcurrency (C:\Users\Yerff\source\repos\PaddleTodayV2\src\lib\async-concurrency.ts:26:3)
[weather] Weather snapshot unavailable for 48.01040,-89.70830
API server request failed. {
  requestId: 'req_msh5hhah_tk7bx1',
  method: 'GET',
  path: '/api/rivers/summary.json',
  error: Error: river summary scoring timed out after 12000ms
      at Timeout.<anonymous> (C:\Users\Yerff\source\repos\PaddleTodayV2\src\server\server-runtime.ts:18:18)
      at listOnTimeout (node:internal/timers:605:17)
      at process.processTimers (node:internal/timers:541:7)
}
[weather] NWS fetch failed for 48.01040,-89.70830 Error: HTTP 404
    at fetchJson (C:\Users\Yerff\source\repos\PaddleTodayV2\src\lib\http.ts:94:15)
    at process.processTicksAndRejections (node:internal/process/task_queues:104:5)
    at async fetchNwsWeatherSnapshot (C:\Users\Yerff\source\repos\PaddleTodayV2\src\lib\nws.ts:87:17)
    at async Promise.all (index 0)
    at async fetchWeatherSnapshot (C:\Users\Yerff\source\repos\PaddleTodayV2\src\lib\weather.ts:7:27)
    at async Promise.all (index 1)
    at async scoreRiver (C:\Users\Yerff\source\repos\PaddleTodayV2\src\lib\rivers.ts:179:28)
    at async worker (C:\Users\Yerff\source\repos\PaddleTodayV2\src\lib\async-concurrency.ts:22:24)
    at async Promise.all (index 7)
    at async mapWithConcurrency (C:\Users\Yerff\source\repos\PaddleTodayV2\src\lib\async-concurrency.ts:26:3)
[weather] Weather snapshot unavailable for 48.01040,-89.70830
API server request failed. {
  requestId: 'req_msh60rqc_eleew9',
  method: 'GET',
  path: '/api/rivers/summary.json',
  error: Error: river summary scoring timed out after 12000ms
      at Timeout.<anonymous> (C:\Users\Yerff\source\repos\PaddleTodayV2\src\server\server-runtime.ts:18:18)
      at listOnTimeout (node:internal/timers:605:17)
      at process.processTimers (node:internal/timers:541:7)
}
[weather] NWS fetch failed for 48.01040,-89.70830 Error: HTTP 404
    at fetchJson (C:\Users\Yerff\source\repos\PaddleTodayV2\src\lib\http.ts:94:15)
    at process.processTicksAndRejections (node:internal/process/task_queues:104:5)
    at async fetchNwsWeatherSnapshot (C:\Users\Yerff\source\repos\PaddleTodayV2\src\lib\nws.ts:87:17)
    at async Promise.all (index 0)
    at async fetchWeatherSnapshot (C:\Users\Yerff\source\repos\PaddleTodayV2\src\lib\weather.ts:7:27)
    at async Promise.all (index 1)
    at async scoreRiver (C:\Users\Yerff\source\repos\PaddleTodayV2\src\lib\rivers.ts:179:28)
    at async worker (C:\Users\Yerff\source\repos\PaddleTodayV2\src\lib\async-concurrency.ts:22:24)
    at async Promise.all (index 2)
    at async mapWithConcurrency (C:\Users\Yerff\source\repos\PaddleTodayV2\src\lib\async-concurrency.ts:26:3)
[weather] Weather snapshot unavailable for 48.01040,-89.70830
API server request failed. {
  requestId: 'req_msh6k26k_aag665',
  method: 'GET',
  path: '/api/rivers/summary.json',
  error: Error: river summary scoring timed out after 12000ms
      at Timeout.<anonymous> (C:\Users\Yerff\source\repos\PaddleTodayV2\src\server\server-runtime.ts:18:18)
      at listOnTimeout (node:internal/timers:605:17)
      at process.processTimers (node:internal/timers:541:7)
}
[weather] NWS fetch failed for 48.01040,-89.70830 Error: HTTP 404
    at fetchJson (C:\Users\Yerff\source\repos\PaddleTodayV2\src\lib\http.ts:94:15)
    at process.processTicksAndRejections (node:internal/process/task_queues:104:5)
    at async fetchNwsWeatherSnapshot (C:\Users\Yerff\source\repos\PaddleTodayV2\src\lib\nws.ts:87:17)
    at async Promise.all (index 0)
    at async fetchWeatherSnapshot (C:\Users\Yerff\source\repos\PaddleTodayV2\src\lib\weather.ts:7:27)
    at async Promise.all (index 1)
    at async scoreRiver (C:\Users\Yerff\source\repos\PaddleTodayV2\src\lib\rivers.ts:179:28)
    at async worker (C:\Users\Yerff\source\repos\PaddleTodayV2\src\lib\async-concurrency.ts:22:24)
    at async Promise.all (index 11)
    at async mapWithConcurrency (C:\Users\Yerff\source\repos\PaddleTodayV2\src\lib\async-concurrency.ts:26:3)
[weather] Weather snapshot unavailable for 48.01040,-89.70830
API server request failed. {
  requestId: 'req_msh73cmi_0fp8to',
  method: 'GET',
  path: '/api/rivers/summary.json',
  error: Error: river summary scoring timed out after 12000ms
      at Timeout.<anonymous> (C:\Users\Yerff\source\repos\PaddleTodayV2\src\server\server-runtime.ts:18:18)
      at listOnTimeout (node:internal/timers:605:17)
      at process.processTimers (node:internal/timers:541:7)
}
[weather] NWS fetch failed for 48.01040,-89.70830 Error: HTTP 404
    at fetchJson (C:\Users\Yerff\source\repos\PaddleTodayV2\src\lib\http.ts:94:15)
    at process.processTicksAndRejections (node:internal/process/task_queues:104:5)
    at async fetchNwsWeatherSnapshot (C:\Users\Yerff\source\repos\PaddleTodayV2\src\lib\nws.ts:87:17)
    at async Promise.all (index 0)
    at async fetchWeatherSnapshot (C:\Users\Yerff\source\repos\PaddleTodayV2\src\lib\weather.ts:7:27)
    at async Promise.all (index 1)
    at async scoreRiver (C:\Users\Yerff\source\repos\PaddleTodayV2\src\lib\rivers.ts:179:28)
    at async worker (C:\Users\Yerff\source\repos\PaddleTodayV2\src\lib\async-concurrency.ts:22:24)
    at async Promise.all (index 8)
    at async mapWithConcurrency (C:\Users\Yerff\source\repos\PaddleTodayV2\src\lib\async-concurrency.ts:26:3)
[weather] Weather snapshot unavailable for 48.01040,-89.70830
API server request failed. {
  requestId: 'req_msh7mn2s_fbt1qd',
  method: 'GET',
  path: '/api/rivers/summary.json',
  error: Error: river summary scoring timed out after 12000ms
      at Timeout.<anonymous> (C:\Users\Yerff\source\repos\PaddleTodayV2\src\server\server-runtime.ts:18:18)
      at listOnTimeout (node:internal/timers:605:17)
      at process.processTimers (node:internal/timers:541:7)
}
[weather] NWS fetch failed for 48.01040,-89.70830 Error: HTTP 404
    at fetchJson (C:\Users\Yerff\source\repos\PaddleTodayV2\src\lib\http.ts:94:15)
    at process.processTicksAndRejections (node:internal/process/task_queues:104:5)
    at async fetchNwsWeatherSnapshot (C:\Users\Yerff\source\repos\PaddleTodayV2\src\lib\nws.ts:87:17)
    at async Promise.all (index 0)
    at async fetchWeatherSnapshot (C:\Users\Yerff\source\repos\PaddleTodayV2\src\lib\weather.ts:7:27)
    at async Promise.all (index 1)
    at async scoreRiver (C:\Users\Yerff\source\repos\PaddleTodayV2\src\lib\rivers.ts:179:28)
    at async worker (C:\Users\Yerff\source\repos\PaddleTodayV2\src\lib\async-concurrency.ts:22:24)
    at async Promise.all (index 11)
    at async mapWithConcurrency (C:\Users\Yerff\source\repos\PaddleTodayV2\src\lib\async-concurrency.ts:26:3)
[weather] Weather snapshot unavailable for 48.01040,-89.70830
API server request failed. {
  requestId: 'req_msh85xin_z73lck',
  method: 'GET',
  path: '/api/rivers/summary.json',
  error: Error: river summary scoring timed out after 12000ms
      at Timeout.<anonymous> (C:\Users\Yerff\source\repos\PaddleTodayV2\src\server\server-runtime.ts:18:18)
      at listOnTimeout (node:internal/timers:605:17)
      at process.processTimers (node:internal/timers:541:7)
}
[weather] NWS fetch failed for 48.01040,-89.70830 Error: HTTP 404
    at fetchJson (C:\Users\Yerff\source\repos\PaddleTodayV2\src\lib\http.ts:94:15)
    at process.processTicksAndRejections (node:internal/process/task_queues:104:5)
    at async fetchNwsWeatherSnapshot (C:\Users\Yerff\source\repos\PaddleTodayV2\src\lib\nws.ts:87:17)
    at async Promise.all (index 0)
    at async fetchWeatherSnapshot (C:\Users\Yerff\source\repos\PaddleTodayV2\src\lib\weather.ts:7:27)
    at async Promise.all (index 1)
    at async scoreRiver (C:\Users\Yerff\source\repos\PaddleTodayV2\src\lib\rivers.ts:179:28)
    at async worker (C:\Users\Yerff\source\repos\PaddleTodayV2\src\lib\async-concurrency.ts:22:24)
    at async Promise.all (index 6)
    at async mapWithConcurrency (C:\Users\Yerff\source\repos\PaddleTodayV2\src\lib\async-concurrency.ts:26:3)
[weather] Weather snapshot unavailable for 48.01040,-89.70830
API server request failed. {
  requestId: 'req_msh8p7yr_21xoiq',
  method: 'GET',
  path: '/api/rivers/summary.json',
  error: Error: river summary scoring timed out after 12000ms
      at Timeout.<anonymous> (C:\Users\Yerff\source\repos\PaddleTodayV2\src\server\server-runtime.ts:18:18)
      at listOnTimeout (node:internal/timers:605:17)
      at process.processTimers (node:internal/timers:541:7)
}
[weather] NWS fetch failed for 48.01040,-89.70830 Error: HTTP 404
    at fetchJson (C:\Users\Yerff\source\repos\PaddleTodayV2\src\lib\http.ts:94:15)
    at process.processTicksAndRejections (node:internal/process/task_queues:104:5)
    at async fetchNwsWeatherSnapshot (C:\Users\Yerff\source\repos\PaddleTodayV2\src\lib\nws.ts:87:17)
    at async Promise.all (index 0)
    at async fetchWeatherSnapshot (C:\Users\Yerff\source\repos\PaddleTodayV2\src\lib\weather.ts:7:27)
    at async Promise.all (index 1)
    at async scoreRiver (C:\Users\Yerff\source\repos\PaddleTodayV2\src\lib\rivers.ts:179:28)
    at async worker (C:\Users\Yerff\source\repos\PaddleTodayV2\src\lib\async-concurrency.ts:22:24)
    at async Promise.all (index 0)
    at async mapWithConcurrency (C:\Users\Yerff\source\repos\PaddleTodayV2\src\lib\async-concurrency.ts:26:3)
[weather] Weather snapshot unavailable for 48.01040,-89.70830
API server request failed. {
  requestId: 'req_msh98ieh_2haog7',
  method: 'GET',
  path: '/api/rivers/summary.json',
  error: Error: river summary scoring timed out after 12000ms
      at Timeout.<anonymous> (C:\Users\Yerff\source\repos\PaddleTodayV2\src\server\server-runtime.ts:18:18)
      at listOnTimeout (node:internal/timers:605:17)
      at process.processTimers (node:internal/timers:541:7)
}
[weather] NWS fetch failed for 48.01040,-89.70830 Error: HTTP 404
    at fetchJson (C:\Users\Yerff\source\repos\PaddleTodayV2\src\lib\http.ts:94:15)
    at process.processTicksAndRejections (node:internal/process/task_queues:104:5)
    at async fetchNwsWeatherSnapshot (C:\Users\Yerff\source\repos\PaddleTodayV2\src\lib\nws.ts:87:17)
    at async Promise.all (index 0)
    at async fetchWeatherSnapshot (C:\Users\Yerff\source\repos\PaddleTodayV2\src\lib\weather.ts:7:27)
    at async Promise.all (index 1)
    at async scoreRiver (C:\Users\Yerff\source\repos\PaddleTodayV2\src\lib\rivers.ts:179:28)
    at async worker (C:\Users\Yerff\source\repos\PaddleTodayV2\src\lib\async-concurrency.ts:22:24)
    at async Promise.all (index 1)
    at async mapWithConcurrency (C:\Users\Yerff\source\repos\PaddleTodayV2\src\lib\async-concurrency.ts:26:3)
[weather] Weather snapshot unavailable for 48.01040,-89.70830
API server request failed. {
  requestId: 'req_msh9rsun_11zj4w',
  method: 'GET',
  path: '/api/rivers/summary.json',
  error: Error: river summary scoring timed out after 12000ms
      at Timeout.<anonymous> (C:\Users\Yerff\source\repos\PaddleTodayV2\src\server\server-runtime.ts:18:18)
      at listOnTimeout (node:internal/timers:605:17)
      at process.processTimers (node:internal/timers:541:7)
}
[weather] NWS fetch failed for 48.01040,-89.70830 Error: HTTP 404
    at fetchJson (C:\Users\Yerff\source\repos\PaddleTodayV2\src\lib\http.ts:94:15)
    at process.processTicksAndRejections (node:internal/process/task_queues:104:5)
    at async fetchNwsWeatherSnapshot (C:\Users\Yerff\source\repos\PaddleTodayV2\src\lib\nws.ts:87:17)
    at async Promise.all (index 0)
    at async fetchWeatherSnapshot (C:\Users\Yerff\source\repos\PaddleTodayV2\src\lib\weather.ts:7:27)
    at async Promise.all (index 1)
    at async scoreRiver (C:\Users\Yerff\source\repos\PaddleTodayV2\src\lib\rivers.ts:179:28)
    at async worker (C:\Users\Yerff\source\repos\PaddleTodayV2\src\lib\async-concurrency.ts:22:24)
    at async Promise.all (index 9)
    at async mapWithConcurrency (C:\Users\Yerff\source\repos\PaddleTodayV2\src\lib\async-concurrency.ts:26:3)
[weather] Weather snapshot unavailable for 48.01040,-89.70830
API server request failed. {
  requestId: 'req_msha4ntf_kko83m',
  method: 'GET',
  path: '/api/rivers/summary.json',
  error: Error: river summary scoring timed out after 12000ms
      at Timeout.<anonymous> (C:\Users\Yerff\source\repos\PaddleTodayV2\src\server\server-runtime.ts:18:18)
      at listOnTimeout (node:internal/timers:605:17)
      at process.processTimers (node:internal/timers:541:7)
}
[weather] NWS fetch failed for 48.01040,-89.70830 Error: HTTP 404
    at fetchJson (C:\Users\Yerff\source\repos\PaddleTodayV2\src\lib\http.ts:94:15)
    at process.processTicksAndRejections (node:internal/process/task_queues:104:5)
    at async fetchNwsWeatherSnapshot (C:\Users\Yerff\source\repos\PaddleTodayV2\src\lib\nws.ts:87:17)
    at async Promise.all (index 0)
    at async fetchWeatherSnapshot (C:\Users\Yerff\source\repos\PaddleTodayV2\src\lib\weather.ts:7:27)
    at async Promise.all (index 1)
    at async scoreRiver (C:\Users\Yerff\source\repos\PaddleTodayV2\src\lib\rivers.ts:179:28)
    at async worker (C:\Users\Yerff\source\repos\PaddleTodayV2\src\lib\async-concurrency.ts:22:24)
    at async Promise.all (index 11)
    at async mapWithConcurrency (C:\Users\Yerff\source\repos\PaddleTodayV2\src\lib\async-concurrency.ts:26:3)
[weather] Weather snapshot unavailable for 48.01040,-89.70830
API server request failed. {
  requestId: 'req_mshahirt_ih2g48',
  method: 'GET',
  path: '/api/rivers/summary.json',
  error: Error: river summary scoring timed out after 12000ms
      at Timeout.<anonymous> (C:\Users\Yerff\source\repos\PaddleTodayV2\src\server\server-runtime.ts:18:18)
      at listOnTimeout (node:internal/timers:605:17)
      at process.processTimers (node:internal/timers:541:7)
}
API server request failed. {
  requestId: 'req_mshany90_cxnnw8',
  method: 'GET',
  path: '/api/rivers/summary.json',
  error: Error: river summary scoring timed out after 12000ms
      at Timeout.<anonymous> (C:\Users\Yerff\source\repos\PaddleTodayV2\src\server\server-runtime.ts:18:18)
      at listOnTimeout (node:internal/timers:605:17)
      at process.processTimers (node:internal/timers:541:7)
}
[weather] NWS fetch failed for 48.01040,-89.70830 Error: HTTP 404
    at fetchJson (C:\Users\Yerff\source\repos\PaddleTodayV2\src\lib\http.ts:94:15)
    at process.processTicksAndRejections (node:internal/process/task_queues:104:5)
    at async fetchNwsWeatherSnapshot (C:\Users\Yerff\source\repos\PaddleTodayV2\src\lib\nws.ts:87:17)
    at async Promise.all (index 0)
    at async fetchWeatherSnapshot (C:\Users\Yerff\source\repos\PaddleTodayV2\src\lib\weather.ts:7:27)
    at async Promise.all (index 1)
    at async scoreRiver (C:\Users\Yerff\source\repos\PaddleTodayV2\src\lib\rivers.ts:179:28)
    at async worker (C:\Users\Yerff\source\repos\PaddleTodayV2\src\lib\async-concurrency.ts:22:24)
    at async Promise.all (index 3)
    at async mapWithConcurrency (C:\Users\Yerff\source\repos\PaddleTodayV2\src\lib\async-concurrency.ts:26:3)
[weather] Weather snapshot unavailable for 48.01040,-89.70830
API server request failed. {
  requestId: 'req_mshb0t80_8lin34',
  method: 'GET',
  path: '/api/rivers/summary.json',
  error: Error: river summary scoring timed out after 12000ms
      at Timeout.<anonymous> (C:\Users\Yerff\source\repos\PaddleTodayV2\src\server\server-runtime.ts:18:18)
      at listOnTimeout (node:internal/timers:605:17)
      at process.processTimers (node:internal/timers:541:7)
}
[weather] NWS fetch failed for 48.01040,-89.70830 Error: HTTP 404
    at fetchJson (C:\Users\Yerff\source\repos\PaddleTodayV2\src\lib\http.ts:94:15)
    at process.processTicksAndRejections (node:internal/process/task_queues:104:5)
    at async fetchNwsWeatherSnapshot (C:\Users\Yerff\source\repos\PaddleTodayV2\src\lib\nws.ts:87:17)
    at async Promise.all (index 0)
    at async fetchWeatherSnapshot (C:\Users\Yerff\source\repos\PaddleTodayV2\src\lib\weather.ts:7:27)
    at async Promise.all (index 1)
    at async scoreRiver (C:\Users\Yerff\source\repos\PaddleTodayV2\src\lib\rivers.ts:179:28)
    at async worker (C:\Users\Yerff\source\repos\PaddleTodayV2\src\lib\async-concurrency.ts:22:24)
    at async Promise.all (index 8)
    at async mapWithConcurrency (C:\Users\Yerff\source\repos\PaddleTodayV2\src\lib\async-concurrency.ts:26:3)
[weather] Weather snapshot unavailable for 48.01040,-89.70830
API server request failed. {
  requestId: 'req_mshbk3nz_hq2ly2',
  method: 'GET',
  path: '/api/rivers/summary.json',
  error: Error: river summary scoring timed out after 12000ms
      at Timeout.<anonymous> (C:\Users\Yerff\source\repos\PaddleTodayV2\src\server\server-runtime.ts:18:18)
      at listOnTimeout (node:internal/timers:605:17)
      at process.processTimers (node:internal/timers:541:7)
}
[weather] NWS fetch failed for 48.01040,-89.70830 Error: HTTP 404
    at fetchJson (C:\Users\Yerff\source\repos\PaddleTodayV2\src\lib\http.ts:94:15)
    at process.processTicksAndRejections (node:internal/process/task_queues:104:5)
    at async fetchNwsWeatherSnapshot (C:\Users\Yerff\source\repos\PaddleTodayV2\src\lib\nws.ts:87:17)
    at async Promise.all (index 0)
    at async fetchWeatherSnapshot (C:\Users\Yerff\source\repos\PaddleTodayV2\src\lib\weather.ts:7:27)
    at async Promise.all (index 1)
    at async scoreRiver (C:\Users\Yerff\source\repos\PaddleTodayV2\src\lib\rivers.ts:179:28)
    at async worker (C:\Users\Yerff\source\repos\PaddleTodayV2\src\lib\async-concurrency.ts:22:24)
    at async Promise.all (index 8)
    at async mapWithConcurrency (C:\Users\Yerff\source\repos\PaddleTodayV2\src\lib\async-concurrency.ts:26:3)
[weather] Weather snapshot unavailable for 48.01040,-89.70830
API server request failed. {
  requestId: 'req_mshc3e3v_9pbqoe',
  method: 'GET',
  path: '/api/rivers/summary.json',
  error: Error: river summary scoring timed out after 12000ms
      at Timeout.<anonymous> (C:\Users\Yerff\source\repos\PaddleTodayV2\src\server\server-runtime.ts:18:18)
      at listOnTimeout (node:internal/timers:605:17)
      at process.processTimers (node:internal/timers:541:7)
}
[weather] NWS fetch failed for 48.01040,-89.70830 Error: HTTP 404
    at fetchJson (C:\Users\Yerff\source\repos\PaddleTodayV2\src\lib\http.ts:94:15)
    at process.processTicksAndRejections (node:internal/process/task_queues:104:5)
    at async fetchNwsWeatherSnapshot (C:\Users\Yerff\source\repos\PaddleTodayV2\src\lib\nws.ts:87:17)
    at async Promise.all (index 0)
    at async fetchWeatherSnapshot (C:\Users\Yerff\source\repos\PaddleTodayV2\src\lib\weather.ts:7:27)
    at async Promise.all (index 1)
    at async scoreRiver (C:\Users\Yerff\source\repos\PaddleTodayV2\src\lib\rivers.ts:179:28)
    at async worker (C:\Users\Yerff\source\repos\PaddleTodayV2\src\lib\async-concurrency.ts:22:24)
    at async Promise.all (index 2)
    at async mapWithConcurrency (C:\Users\Yerff\source\repos\PaddleTodayV2\src\lib\async-concurrency.ts:26:3)
[weather] Weather snapshot unavailable for 48.01040,-89.70830
API server request failed. {
  requestId: 'req_mshcmok5_s3k4lr',
  method: 'GET',
  path: '/api/rivers/summary.json',
  error: Error: river summary scoring timed out after 12000ms
      at Timeout.<anonymous> (C:\Users\Yerff\source\repos\PaddleTodayV2\src\server\server-runtime.ts:18:18)
      at listOnTimeout (node:internal/timers:605:17)
      at process.processTimers (node:internal/timers:541:7)
}
[weather] NWS fetch failed for 48.01040,-89.70830 Error: HTTP 404
    at fetchJson (C:\Users\Yerff\source\repos\PaddleTodayV2\src\lib\http.ts:94:15)
    at process.processTicksAndRejections (node:internal/process/task_queues:104:5)
    at async fetchNwsWeatherSnapshot (C:\Users\Yerff\source\repos\PaddleTodayV2\src\lib\nws.ts:87:17)
    at async Promise.all (index 0)
    at async fetchWeatherSnapshot (C:\Users\Yerff\source\repos\PaddleTodayV2\src\lib\weather.ts:7:27)
    at async Promise.all (index 1)
    at async scoreRiver (C:\Users\Yerff\source\repos\PaddleTodayV2\src\lib\rivers.ts:179:28)
    at async worker (C:\Users\Yerff\source\repos\PaddleTodayV2\src\lib\async-concurrency.ts:22:24)
    at async Promise.all (index 9)
    at async mapWithConcurrency (C:\Users\Yerff\source\repos\PaddleTodayV2\src\lib\async-concurrency.ts:26:3)
[weather] Weather snapshot unavailable for 48.01040,-89.70830
API server request failed. {
  requestId: 'req_mshd5yzv_ctlap0',
  method: 'GET',
  path: '/api/rivers/summary.json',
  error: Error: river summary scoring timed out after 12000ms
      at Timeout.<anonymous> (C:\Users\Yerff\source\repos\PaddleTodayV2\src\server\server-runtime.ts:18:18)
      at listOnTimeout (node:internal/timers:605:17)
      at process.processTimers (node:internal/timers:541:7)
}
[weather] NWS fetch failed for 48.01040,-89.70830 Error: HTTP 404
    at fetchJson (C:\Users\Yerff\source\repos\PaddleTodayV2\src\lib\http.ts:94:15)
    at process.processTicksAndRejections (node:internal/process/task_queues:104:5)
    at async fetchNwsWeatherSnapshot (C:\Users\Yerff\source\repos\PaddleTodayV2\src\lib\nws.ts:87:17)
    at async Promise.all (index 0)
    at async fetchWeatherSnapshot (C:\Users\Yerff\source\repos\PaddleTodayV2\src\lib\weather.ts:7:27)
    at async Promise.all (index 1)
    at async scoreRiver (C:\Users\Yerff\source\repos\PaddleTodayV2\src\lib\rivers.ts:179:28)
    at async worker (C:\Users\Yerff\source\repos\PaddleTodayV2\src\lib\async-concurrency.ts:22:24)
    at async Promise.all (index 5)
    at async mapWithConcurrency (C:\Users\Yerff\source\repos\PaddleTodayV2\src\lib\async-concurrency.ts:26:3)
[weather] Weather snapshot unavailable for 48.01040,-89.70830
API server request failed. {
  requestId: 'req_mshdp9fz_6gu5r6',
  method: 'GET',
  path: '/api/rivers/summary.json',
  error: Error: river summary scoring timed out after 12000ms
      at Timeout.<anonymous> (C:\Users\Yerff\source\repos\PaddleTodayV2\src\server\server-runtime.ts:18:18)
      at listOnTimeout (node:internal/timers:605:17)
      at process.processTimers (node:internal/timers:541:7)
}
[weather] NWS fetch failed for 48.01040,-89.70830 Error: HTTP 404
    at fetchJson (C:\Users\Yerff\source\repos\PaddleTodayV2\src\lib\http.ts:94:15)
    at process.processTicksAndRejections (node:internal/process/task_queues:104:5)
    at async fetchNwsWeatherSnapshot (C:\Users\Yerff\source\repos\PaddleTodayV2\src\lib\nws.ts:87:17)
    at async Promise.all (index 0)
    at async fetchWeatherSnapshot (C:\Users\Yerff\source\repos\PaddleTodayV2\src\lib\weather.ts:7:27)
    at async Promise.all (index 1)
    at async scoreRiver (C:\Users\Yerff\source\repos\PaddleTodayV2\src\lib\rivers.ts:179:28)
    at async worker (C:\Users\Yerff\source\repos\PaddleTodayV2\src\lib\async-concurrency.ts:22:24)
    at async Promise.all (index 3)
    at async mapWithConcurrency (C:\Users\Yerff\source\repos\PaddleTodayV2\src\lib\async-concurrency.ts:26:3)
[weather] Weather snapshot unavailable for 48.01040,-89.70830
API server request failed. {
  requestId: 'req_mshe8jw3_wptzyo',
  method: 'GET',
  path: '/api/rivers/summary.json',
  error: Error: river summary scoring timed out after 12000ms
      at Timeout.<anonymous> (C:\Users\Yerff\source\repos\PaddleTodayV2\src\server\server-runtime.ts:18:18)
      at listOnTimeout (node:internal/timers:605:17)
      at process.processTimers (node:internal/timers:541:7)
}
[weather] NWS fetch failed for 48.01040,-89.70830 Error: HTTP 404
    at fetchJson (C:\Users\Yerff\source\repos\PaddleTodayV2\src\lib\http.ts:94:15)
    at process.processTicksAndRejections (node:internal/process/task_queues:104:5)
    at async fetchNwsWeatherSnapshot (C:\Users\Yerff\source\repos\PaddleTodayV2\src\lib\nws.ts:87:17)
    at async Promise.all (index 0)
    at async fetchWeatherSnapshot (C:\Users\Yerff\source\repos\PaddleTodayV2\src\lib\weather.ts:7:27)
    at async Promise.all (index 1)
    at async scoreRiver (C:\Users\Yerff\source\repos\PaddleTodayV2\src\lib\rivers.ts:179:28)
    at async worker (C:\Users\Yerff\source\repos\PaddleTodayV2\src\lib\async-concurrency.ts:22:24)
    at async Promise.all (index 10)
    at async mapWithConcurrency (C:\Users\Yerff\source\repos\PaddleTodayV2\src\lib\async-concurrency.ts:26:3)
[weather] Weather snapshot unavailable for 48.01040,-89.70830
API server request failed. {
  requestId: 'req_msheleuo_dmlxgz',
  method: 'GET',
  path: '/api/rivers/summary.json',
  error: Error: river summary scoring timed out after 12000ms
      at Timeout.<anonymous> (C:\Users\Yerff\source\repos\PaddleTodayV2\src\server\server-runtime.ts:18:18)
      at listOnTimeout (node:internal/timers:605:17)
      at process.processTimers (node:internal/timers:541:7)
}
[weather] NWS fetch failed for 48.01040,-89.70830 Error: HTTP 404
    at fetchJson (C:\Users\Yerff\source\repos\PaddleTodayV2\src\lib\http.ts:94:15)
    at process.processTicksAndRejections (node:internal/process/task_queues:104:5)
    at async fetchNwsWeatherSnapshot (C:\Users\Yerff\source\repos\PaddleTodayV2\src\lib\nws.ts:87:17)
    at async Promise.all (index 0)
    at async fetchWeatherSnapshot (C:\Users\Yerff\source\repos\PaddleTodayV2\src\lib\weather.ts:7:27)
    at async Promise.all (index 1)
    at async scoreRiver (C:\Users\Yerff\source\repos\PaddleTodayV2\src\lib\rivers.ts:179:28)
    at async worker (C:\Users\Yerff\source\repos\PaddleTodayV2\src\lib\async-concurrency.ts:22:24)
    at async Promise.all (index 9)
    at async mapWithConcurrency (C:\Users\Yerff\source\repos\PaddleTodayV2\src\lib\async-concurrency.ts:26:3)
[weather] Weather snapshot unavailable for 48.01040,-89.70830
API server request failed. {
  requestId: 'req_mshf4pau_drm5zk',
  method: 'GET',
  path: '/api/rivers/summary.json',
  error: Error: river summary scoring timed out after 12000ms
      at Timeout.<anonymous> (C:\Users\Yerff\source\repos\PaddleTodayV2\src\server\server-runtime.ts:18:18)
      at listOnTimeout (node:internal/timers:605:17)
      at process.processTimers (node:internal/timers:541:7)
}
[weather] NWS fetch failed for 48.01040,-89.70830 Error: HTTP 404
    at fetchJson (C:\Users\Yerff\source\repos\PaddleTodayV2\src\lib\http.ts:94:15)
    at process.processTicksAndRejections (node:internal/process/task_queues:104:5)
    at async fetchNwsWeatherSnapshot (C:\Users\Yerff\source\repos\PaddleTodayV2\src\lib\nws.ts:87:17)
    at async Promise.all (index 0)
    at async fetchWeatherSnapshot (C:\Users\Yerff\source\repos\PaddleTodayV2\src\lib\weather.ts:7:27)
    at async Promise.all (index 1)
    at async scoreRiver (C:\Users\Yerff\source\repos\PaddleTodayV2\src\lib\rivers.ts:179:28)
    at async worker (C:\Users\Yerff\source\repos\PaddleTodayV2\src\lib\async-concurrency.ts:22:24)
    at async Promise.all (index 3)
    at async mapWithConcurrency (C:\Users\Yerff\source\repos\PaddleTodayV2\src\lib\async-concurrency.ts:26:3)
[weather] Weather snapshot unavailable for 48.01040,-89.70830
API server request failed. {
  requestId: 'req_mshfhk9d_keu8hy',
  method: 'GET',
  path: '/api/rivers/summary.json',
  error: Error: river summary scoring timed out after 12000ms
      at Timeout.<anonymous> (C:\Users\Yerff\source\repos\PaddleTodayV2\src\server\server-runtime.ts:18:18)
      at listOnTimeout (node:internal/timers:605:17)
      at process.processTimers (node:internal/timers:541:7)
}
[weather] NWS fetch failed for 48.01040,-89.70830 Error: HTTP 404
    at fetchJson (C:\Users\Yerff\source\repos\PaddleTodayV2\src\lib\http.ts:94:15)
    at process.processTicksAndRejections (node:internal/process/task_queues:104:5)
    at async fetchNwsWeatherSnapshot (C:\Users\Yerff\source\repos\PaddleTodayV2\src\lib\nws.ts:87:17)
    at async Promise.all (index 0)
    at async fetchWeatherSnapshot (C:\Users\Yerff\source\repos\PaddleTodayV2\src\lib\weather.ts:7:27)
    at async Promise.all (index 1)
    at async scoreRiver (C:\Users\Yerff\source\repos\PaddleTodayV2\src\lib\rivers.ts:179:28)
    at async worker (C:\Users\Yerff\source\repos\PaddleTodayV2\src\lib\async-concurrency.ts:22:24)
    at async Promise.all (index 0)
    at async mapWithConcurrency (C:\Users\Yerff\source\repos\PaddleTodayV2\src\lib\async-concurrency.ts:26:3)
[weather] Weather snapshot unavailable for 48.01040,-89.70830
API server request failed. {
  requestId: 'req_mshg0up5_i6hb2g',
  method: 'GET',
  path: '/api/rivers/summary.json',
  error: Error: river summary scoring timed out after 12000ms
      at Timeout.<anonymous> (C:\Users\Yerff\source\repos\PaddleTodayV2\src\server\server-runtime.ts:18:18)
      at listOnTimeout (node:internal/timers:605:17)
      at process.processTimers (node:internal/timers:541:7)
}
[weather] NWS fetch failed for 48.01040,-89.70830 Error: HTTP 404
    at fetchJson (C:\Users\Yerff\source\repos\PaddleTodayV2\src\lib\http.ts:94:15)
    at process.processTicksAndRejections (node:internal/process/task_queues:104:5)
    at async fetchNwsWeatherSnapshot (C:\Users\Yerff\source\repos\PaddleTodayV2\src\lib\nws.ts:87:17)
    at async Promise.all (index 0)
    at async fetchWeatherSnapshot (C:\Users\Yerff\source\repos\PaddleTodayV2\src\lib\weather.ts:7:27)
    at async Promise.all (index 1)
    at async scoreRiver (C:\Users\Yerff\source\repos\PaddleTodayV2\src\lib\rivers.ts:179:28)
    at async worker (C:\Users\Yerff\source\repos\PaddleTodayV2\src\lib\async-concurrency.ts:22:24)
    at async Promise.all (index 0)
    at async mapWithConcurrency (C:\Users\Yerff\source\repos\PaddleTodayV2\src\lib\async-concurrency.ts:26:3)
[weather] Weather snapshot unavailable for 48.01040,-89.70830
API server request failed. {
  requestId: 'req_mshgix5q_4bg85p',
  method: 'GET',
  path: '/api/rivers/summary.json',
  error: Error: river summary scoring timed out after 12000ms
      at Timeout.<anonymous> (C:\Users\Yerff\source\repos\PaddleTodayV2\src\server\server-runtime.ts:18:18)
      at listOnTimeout (node:internal/timers:605:17)
      at process.processTimers (node:internal/timers:541:7)
}
[weather] NWS fetch failed for 48.01040,-89.70830 Error: HTTP 404
    at fetchJson (C:\Users\Yerff\source\repos\PaddleTodayV2\src\lib\http.ts:94:15)
    at process.processTicksAndRejections (node:internal/process/task_queues:104:5)
    at async fetchNwsWeatherSnapshot (C:\Users\Yerff\source\repos\PaddleTodayV2\src\lib\nws.ts:87:17)
    at async Promise.all (index 0)
    at async fetchWeatherSnapshot (C:\Users\Yerff\source\repos\PaddleTodayV2\src\lib\weather.ts:7:27)
    at async Promise.all (index 1)
    at async scoreRiver (C:\Users\Yerff\source\repos\PaddleTodayV2\src\lib\rivers.ts:179:28)
    at async worker (C:\Users\Yerff\source\repos\PaddleTodayV2\src\lib\async-concurrency.ts:22:24)
    at async Promise.all (index 6)
    at async mapWithConcurrency (C:\Users\Yerff\source\repos\PaddleTodayV2\src\lib\async-concurrency.ts:26:3)
[weather] Weather snapshot unavailable for 48.01040,-89.70830
API server request failed. {
  requestId: 'req_mshgvs4b_0xhpd5',
  method: 'GET',
  path: '/api/rivers/summary.json',
  error: Error: river summary scoring timed out after 12000ms
      at Timeout.<anonymous> (C:\Users\Yerff\source\repos\PaddleTodayV2\src\server\server-runtime.ts:18:18)
      at listOnTimeout (node:internal/timers:605:17)
      at process.processTimers (node:internal/timers:541:7)
}
[weather] NWS fetch failed for 48.01040,-89.70830 Error: HTTP 404
    at fetchJson (C:\Users\Yerff\source\repos\PaddleTodayV2\src\lib\http.ts:94:15)
    at process.processTicksAndRejections (node:internal/process/task_queues:104:5)
    at async fetchNwsWeatherSnapshot (C:\Users\Yerff\source\repos\PaddleTodayV2\src\lib\nws.ts:87:17)
    at async Promise.all (index 0)
    at async fetchWeatherSnapshot (C:\Users\Yerff\source\repos\PaddleTodayV2\src\lib\weather.ts:7:27)
    at async Promise.all (index 1)
    at async scoreRiver (C:\Users\Yerff\source\repos\PaddleTodayV2\src\lib\rivers.ts:179:28)
    at async worker (C:\Users\Yerff\source\repos\PaddleTodayV2\src\lib\async-concurrency.ts:22:24)
    at async Promise.all (index 9)
    at async mapWithConcurrency (C:\Users\Yerff\source\repos\PaddleTodayV2\src\lib\async-concurrency.ts:26:3)
[weather] Weather snapshot unavailable for 48.01040,-89.70830
API server request failed. {
  requestId: 'req_mshhgajm_3k4bwe',
  method: 'GET',
  path: '/api/rivers/summary.json',
  error: Error: river summary scoring timed out after 12000ms
      at Timeout.<anonymous> (C:\Users\Yerff\source\repos\PaddleTodayV2\src\server\server-runtime.ts:18:18)
      at listOnTimeout (node:internal/timers:605:17)
      at process.processTimers (node:internal/timers:541:7)
}
[weather] NWS fetch failed for 48.01040,-89.70830 Error: HTTP 404
    at fetchJson (C:\Users\Yerff\source\repos\PaddleTodayV2\src\lib\http.ts:94:15)
    at process.processTicksAndRejections (node:internal/process/task_queues:104:5)
    at async fetchNwsWeatherSnapshot (C:\Users\Yerff\source\repos\PaddleTodayV2\src\lib\nws.ts:87:17)
    at async Promise.all (index 0)
    at async fetchWeatherSnapshot (C:\Users\Yerff\source\repos\PaddleTodayV2\src\lib\weather.ts:7:27)
    at async Promise.all (index 1)
    at async scoreRiver (C:\Users\Yerff\source\repos\PaddleTodayV2\src\lib\rivers.ts:179:28)
    at async worker (C:\Users\Yerff\source\repos\PaddleTodayV2\src\lib\async-concurrency.ts:22:24)
    at async Promise.all (index 3)
    at async mapWithConcurrency (C:\Users\Yerff\source\repos\PaddleTodayV2\src\lib\async-concurrency.ts:26:3)
[weather] Weather snapshot unavailable for 48.01040,-89.70830
API server request failed. {
  requestId: 'req_mshhzkzn_p76qn3',
  method: 'GET',
  path: '/api/rivers/summary.json',
  error: Error: river summary scoring timed out after 12000ms
      at Timeout.<anonymous> (C:\Users\Yerff\source\repos\PaddleTodayV2\src\server\server-runtime.ts:18:18)
      at listOnTimeout (node:internal/timers:605:17)
      at process.processTimers (node:internal/timers:541:7)
}
[weather] NWS fetch failed for 48.01040,-89.70830 Error: HTTP 404
    at fetchJson (C:\Users\Yerff\source\repos\PaddleTodayV2\src\lib\http.ts:94:15)
    at process.processTicksAndRejections (node:internal/process/task_queues:104:5)
    at async fetchNwsWeatherSnapshot (C:\Users\Yerff\source\repos\PaddleTodayV2\src\lib\nws.ts:87:17)
    at async Promise.all (index 0)
    at async fetchWeatherSnapshot (C:\Users\Yerff\source\repos\PaddleTodayV2\src\lib\weather.ts:7:27)
    at async Promise.all (index 1)
    at async scoreRiver (C:\Users\Yerff\source\repos\PaddleTodayV2\src\lib\rivers.ts:179:28)
    at async worker (C:\Users\Yerff\source\repos\PaddleTodayV2\src\lib\async-concurrency.ts:22:24)
    at async Promise.all (index 6)
    at async mapWithConcurrency (C:\Users\Yerff\source\repos\PaddleTodayV2\src\lib\async-concurrency.ts:26:3)
[weather] Weather snapshot unavailable for 48.01040,-89.70830
API server request failed. {
  requestId: 'req_mshicfya_r4c63e',
  method: 'GET',
  path: '/api/rivers/summary.json',
  error: Error: river summary scoring timed out after 12000ms
      at Timeout.<anonymous> (C:\Users\Yerff\source\repos\PaddleTodayV2\src\server\server-runtime.ts:18:18)
      at listOnTimeout (node:internal/timers:605:17)
      at process.processTimers (node:internal/timers:541:7)
}
[weather] NWS fetch failed for 48.01040,-89.70830 Error: HTTP 404
    at fetchJson (C:\Users\Yerff\source\repos\PaddleTodayV2\src\lib\http.ts:94:15)
    at process.processTicksAndRejections (node:internal/process/task_queues:104:5)
    at async fetchNwsWeatherSnapshot (C:\Users\Yerff\source\repos\PaddleTodayV2\src\lib\nws.ts:87:17)
    at async Promise.all (index 0)
    at async fetchWeatherSnapshot (C:\Users\Yerff\source\repos\PaddleTodayV2\src\lib\weather.ts:7:27)
    at async Promise.all (index 1)
    at async scoreRiver (C:\Users\Yerff\source\repos\PaddleTodayV2\src\lib\rivers.ts:179:28)
    at async worker (C:\Users\Yerff\source\repos\PaddleTodayV2\src\lib\async-concurrency.ts:22:24)
    at async Promise.all (index 3)
    at async mapWithConcurrency (C:\Users\Yerff\source\repos\PaddleTodayV2\src\lib\async-concurrency.ts:26:3)
[weather] Weather snapshot unavailable for 48.01040,-89.70830
API server request failed. {
  requestId: 'req_mshivqe9_tvoyn1',
  method: 'GET',
  path: '/api/rivers/summary.json',
  error: Error: river summary scoring timed out after 12000ms
      at Timeout.<anonymous> (C:\Users\Yerff\source\repos\PaddleTodayV2\src\server\server-runtime.ts:18:18)
      at listOnTimeout (node:internal/timers:605:17)
      at process.processTimers (node:internal/timers:541:7)
}
[weather] NWS fetch failed for 48.01040,-89.70830 Error: HTTP 404
    at fetchJson (C:\Users\Yerff\source\repos\PaddleTodayV2\src\lib\http.ts:94:15)
    at process.processTicksAndRejections (node:internal/process/task_queues:104:5)
    at async fetchNwsWeatherSnapshot (C:\Users\Yerff\source\repos\PaddleTodayV2\src\lib\nws.ts:87:17)
    at async Promise.all (index 0)
    at async fetchWeatherSnapshot (C:\Users\Yerff\source\repos\PaddleTodayV2\src\lib\weather.ts:7:27)
    at async Promise.all (index 1)
    at async scoreRiver (C:\Users\Yerff\source\repos\PaddleTodayV2\src\lib\rivers.ts:179:28)
    at async worker (C:\Users\Yerff\source\repos\PaddleTodayV2\src\lib\async-concurrency.ts:22:24)
    at async Promise.all (index 10)
    at async mapWithConcurrency (C:\Users\Yerff\source\repos\PaddleTodayV2\src\lib\async-concurrency.ts:26:3)
[weather] Weather snapshot unavailable for 48.01040,-89.70830
API server request failed. {
  requestId: 'req_mshjf0um_0eshy1',
  method: 'GET',
  path: '/api/rivers/summary.json',
  error: Error: river summary scoring timed out after 12000ms
      at Timeout.<anonymous> (C:\Users\Yerff\source\repos\PaddleTodayV2\src\server\server-runtime.ts:18:18)
      at listOnTimeout (node:internal/timers:605:17)
      at process.processTimers (node:internal/timers:541:7)
}
[weather] NWS fetch failed for 48.01040,-89.70830 Error: HTTP 404
    at fetchJson (C:\Users\Yerff\source\repos\PaddleTodayV2\src\lib\http.ts:94:15)
    at process.processTicksAndRejections (node:internal/process/task_queues:104:5)
    at async fetchNwsWeatherSnapshot (C:\Users\Yerff\source\repos\PaddleTodayV2\src\lib\nws.ts:87:17)
    at async Promise.all (index 0)
    at async fetchWeatherSnapshot (C:\Users\Yerff\source\repos\PaddleTodayV2\src\lib\weather.ts:7:27)
    at async Promise.all (index 1)
    at async scoreRiver (C:\Users\Yerff\source\repos\PaddleTodayV2\src\lib\rivers.ts:179:28)
    at async worker (C:\Users\Yerff\source\repos\PaddleTodayV2\src\lib\async-concurrency.ts:22:24)
    at async Promise.all (index 9)
    at async mapWithConcurrency (C:\Users\Yerff\source\repos\PaddleTodayV2\src\lib\async-concurrency.ts:26:3)
[weather] Weather snapshot unavailable for 48.01040,-89.70830
API server request failed. {
  requestId: 'req_mshjybag_a1xxwh',
  method: 'GET',
  path: '/api/rivers/summary.json',
  error: Error: river summary scoring timed out after 12000ms
      at Timeout.<anonymous> (C:\Users\Yerff\source\repos\PaddleTodayV2\src\server\server-runtime.ts:18:18)
      at listOnTimeout (node:internal/timers:605:17)
      at process.processTimers (node:internal/timers:541:7)
}
[weather] NWS fetch failed for 48.01040,-89.70830 Error: HTTP 404
    at fetchJson (C:\Users\Yerff\source\repos\PaddleTodayV2\src\lib\http.ts:94:15)
    at process.processTicksAndRejections (node:internal/process/task_queues:104:5)
    at async fetchNwsWeatherSnapshot (C:\Users\Yerff\source\repos\PaddleTodayV2\src\lib\nws.ts:87:17)
    at async Promise.all (index 0)
    at async fetchWeatherSnapshot (C:\Users\Yerff\source\repos\PaddleTodayV2\src\lib\weather.ts:7:27)
    at async Promise.all (index 1)
    at async scoreRiver (C:\Users\Yerff\source\repos\PaddleTodayV2\src\lib\rivers.ts:179:28)
    at async worker (C:\Users\Yerff\source\repos\PaddleTodayV2\src\lib\async-concurrency.ts:22:24)
    at async Promise.all (index 8)
    at async mapWithConcurrency (C:\Users\Yerff\source\repos\PaddleTodayV2\src\lib\async-concurrency.ts:26:3)
[weather] Weather snapshot unavailable for 48.01040,-89.70830
API server request failed. {
  requestId: 'req_mshkb696_45xcuw',
  method: 'GET',
  path: '/api/rivers/summary.json',
  error: Error: river summary scoring timed out after 12000ms
      at Timeout.<anonymous> (C:\Users\Yerff\source\repos\PaddleTodayV2\src\server\server-runtime.ts:18:18)
      at listOnTimeout (node:internal/timers:605:17)
      at process.processTimers (node:internal/timers:541:7)
}
[weather] NWS fetch failed for 48.01040,-89.70830 Error: HTTP 404
    at fetchJson (C:\Users\Yerff\source\repos\PaddleTodayV2\src\lib\http.ts:94:15)
    at process.processTicksAndRejections (node:internal/process/task_queues:104:5)
    at async fetchNwsWeatherSnapshot (C:\Users\Yerff\source\repos\PaddleTodayV2\src\lib\nws.ts:87:17)
    at async Promise.all (index 0)
    at async fetchWeatherSnapshot (C:\Users\Yerff\source\repos\PaddleTodayV2\src\lib\weather.ts:7:27)
    at async Promise.all (index 1)
    at async scoreRiver (C:\Users\Yerff\source\repos\PaddleTodayV2\src\lib\rivers.ts:179:28)
    at async worker (C:\Users\Yerff\source\repos\PaddleTodayV2\src\lib\async-concurrency.ts:22:24)
    at async Promise.all (index 0)
    at async mapWithConcurrency (C:\Users\Yerff\source\repos\PaddleTodayV2\src\lib\async-concurrency.ts:26:3)
[weather] Weather snapshot unavailable for 48.01040,-89.70830
API server request failed. {
  requestId: 'req_mshkugp1_0ey1c5',
  method: 'GET',
  path: '/api/rivers/summary.json',
  error: Error: river summary scoring timed out after 12000ms
      at Timeout.<anonymous> (C:\Users\Yerff\source\repos\PaddleTodayV2\src\server\server-runtime.ts:18:18)
      at listOnTimeout (node:internal/timers:605:17)
      at process.processTimers (node:internal/timers:541:7)
}
[weather] NWS fetch failed for 48.01040,-89.70830 Error: HTTP 404
    at fetchJson (C:\Users\Yerff\source\repos\PaddleTodayV2\src\lib\http.ts:94:15)
    at process.processTicksAndRejections (node:internal/process/task_queues:104:5)
    at async fetchNwsWeatherSnapshot (C:\Users\Yerff\source\repos\PaddleTodayV2\src\lib\nws.ts:87:17)
    at async Promise.all (index 0)
    at async fetchWeatherSnapshot (C:\Users\Yerff\source\repos\PaddleTodayV2\src\lib\weather.ts:7:27)
    at async Promise.all (index 1)
    at async scoreRiver (C:\Users\Yerff\source\repos\PaddleTodayV2\src\lib\rivers.ts:179:28)
    at async worker (C:\Users\Yerff\source\repos\PaddleTodayV2\src\lib\async-concurrency.ts:22:24)
    at async Promise.all (index 1)
    at async mapWithConcurrency (C:\Users\Yerff\source\repos\PaddleTodayV2\src\lib\async-concurrency.ts:26:3)
[weather] Weather snapshot unavailable for 48.01040,-89.70830
API server request failed. {
  requestId: 'req_mshldr5h_esjbxx',
  method: 'GET',
  path: '/api/rivers/summary.json',
  error: Error: river summary scoring timed out after 12000ms
      at Timeout.<anonymous> (C:\Users\Yerff\source\repos\PaddleTodayV2\src\server\server-runtime.ts:18:18)
      at listOnTimeout (node:internal/timers:605:17)
      at process.processTimers (node:internal/timers:541:7)
}
[weather] NWS fetch failed for 48.01040,-89.70830 Error: HTTP 404
    at fetchJson (C:\Users\Yerff\source\repos\PaddleTodayV2\src\lib\http.ts:94:15)
    at process.processTicksAndRejections (node:internal/process/task_queues:104:5)
    at async fetchNwsWeatherSnapshot (C:\Users\Yerff\source\repos\PaddleTodayV2\src\lib\nws.ts:87:17)
    at async Promise.all (index 0)
    at async fetchWeatherSnapshot (C:\Users\Yerff\source\repos\PaddleTodayV2\src\lib\weather.ts:7:27)
    at async Promise.all (index 1)
    at async scoreRiver (C:\Users\Yerff\source\repos\PaddleTodayV2\src\lib\rivers.ts:179:28)
    at async worker (C:\Users\Yerff\source\repos\PaddleTodayV2\src\lib\async-concurrency.ts:22:24)
    at async Promise.all (index 11)
    at async mapWithConcurrency (C:\Users\Yerff\source\repos\PaddleTodayV2\src\lib\async-concurrency.ts:26:3)
[weather] Weather snapshot unavailable for 48.01040,-89.70830
API server request failed. {
  requestId: 'req_mshlqm3n_ij5h3i',
  method: 'GET',
  path: '/api/rivers/summary.json',
  error: Error: river summary scoring timed out after 12000ms
      at Timeout.<anonymous> (C:\Users\Yerff\source\repos\PaddleTodayV2\src\server\server-runtime.ts:18:18)
      at listOnTimeout (node:internal/timers:605:17)
      at process.processTimers (node:internal/timers:541:7)
}
[weather] NWS fetch failed for 48.01040,-89.70830 Error: HTTP 404
    at fetchJson (C:\Users\Yerff\source\repos\PaddleTodayV2\src\lib\http.ts:94:15)
    at process.processTicksAndRejections (node:internal/process/task_queues:104:5)
    at async fetchNwsWeatherSnapshot (C:\Users\Yerff\source\repos\PaddleTodayV2\src\lib\nws.ts:87:17)
    at async Promise.all (index 0)
    at async fetchWeatherSnapshot (C:\Users\Yerff\source\repos\PaddleTodayV2\src\lib\weather.ts:7:27)
    at async Promise.all (index 1)
    at async scoreRiver (C:\Users\Yerff\source\repos\PaddleTodayV2\src\lib\rivers.ts:179:28)
    at async worker (C:\Users\Yerff\source\repos\PaddleTodayV2\src\lib\async-concurrency.ts:22:24)
    at async Promise.all (index 6)
    at async mapWithConcurrency (C:\Users\Yerff\source\repos\PaddleTodayV2\src\lib\async-concurrency.ts:26:3)
[weather] Weather snapshot unavailable for 48.01040,-89.70830
API server request failed. {
  requestId: 'req_mshm9wk4_5forb6',
  method: 'GET',
  path: '/api/rivers/summary.json',
  error: Error: river summary scoring timed out after 12000ms
      at Timeout.<anonymous> (C:\Users\Yerff\source\repos\PaddleTodayV2\src\server\server-runtime.ts:18:18)
      at listOnTimeout (node:internal/timers:605:17)
      at process.processTimers (node:internal/timers:541:7)
}
[weather] NWS fetch failed for 48.01040,-89.70830 Error: HTTP 404
    at fetchJson (C:\Users\Yerff\source\repos\PaddleTodayV2\src\lib\http.ts:94:15)
    at process.processTicksAndRejections (node:internal/process/task_queues:104:5)
    at async fetchNwsWeatherSnapshot (C:\Users\Yerff\source\repos\PaddleTodayV2\src\lib\nws.ts:87:17)
    at async Promise.all (index 0)
    at async fetchWeatherSnapshot (C:\Users\Yerff\source\repos\PaddleTodayV2\src\lib\weather.ts:7:27)
    at async Promise.all (index 1)
    at async scoreRiver (C:\Users\Yerff\source\repos\PaddleTodayV2\src\lib\rivers.ts:179:28)
    at async worker (C:\Users\Yerff\source\repos\PaddleTodayV2\src\lib\async-concurrency.ts:22:24)
    at async Promise.all (index 8)
    at async mapWithConcurrency (C:\Users\Yerff\source\repos\PaddleTodayV2\src\lib\async-concurrency.ts:26:3)
[weather] Weather snapshot unavailable for 48.01040,-89.70830
API server request failed. {
  requestId: 'req_mshmt6zj_tcu4o3',
  method: 'GET',
  path: '/api/rivers/summary.json',
  error: Error: river summary scoring timed out after 12000ms
      at Timeout.<anonymous> (C:\Users\Yerff\source\repos\PaddleTodayV2\src\server\server-runtime.ts:18:18)
      at listOnTimeout (node:internal/timers:605:17)
      at process.processTimers (node:internal/timers:541:7)
}
[weather] NWS fetch failed for 48.01040,-89.70830 Error: HTTP 404
    at fetchJson (C:\Users\Yerff\source\repos\PaddleTodayV2\src\lib\http.ts:94:15)
    at process.processTicksAndRejections (node:internal/process/task_queues:104:5)
    at async fetchNwsWeatherSnapshot (C:\Users\Yerff\source\repos\PaddleTodayV2\src\lib\nws.ts:87:17)
    at async Promise.all (index 0)
    at async fetchWeatherSnapshot (C:\Users\Yerff\source\repos\PaddleTodayV2\src\lib\weather.ts:7:27)
    at async Promise.all (index 1)
    at async scoreRiver (C:\Users\Yerff\source\repos\PaddleTodayV2\src\lib\rivers.ts:179:28)
    at async worker (C:\Users\Yerff\source\repos\PaddleTodayV2\src\lib\async-concurrency.ts:22:24)
    at async Promise.all (index 3)
    at async mapWithConcurrency (C:\Users\Yerff\source\repos\PaddleTodayV2\src\lib\async-concurrency.ts:26:3)
[weather] Weather snapshot unavailable for 48.01040,-89.70830
API server request failed. {
  requestId: 'req_mshnchfo_nnlebo',
  method: 'GET',
  path: '/api/rivers/summary.json',
  error: Error: river summary scoring timed out after 12000ms
      at Timeout.<anonymous> (C:\Users\Yerff\source\repos\PaddleTodayV2\src\server\server-runtime.ts:18:18)
      at listOnTimeout (node:internal/timers:605:17)
      at process.processTimers (node:internal/timers:541:7)
}
[weather] NOAA precip fetch failed for 48.29914,-93.82038 [DOMException [AbortError]: This operation was aborted]
[weather] NOAA precip fetch failed for 47.85829,-92.87002 [DOMException [AbortError]: This operation was aborted]
[weather] NOAA precip fetch failed for 47.94853,-93.09927 [DOMException [AbortError]: This operation was aborted]
[weather] NOAA precip fetch failed for 44.51488,-92.89903 [DOMException [AbortError]: This operation was aborted]
[weather] NOAA precip fetch failed for 43.80301,-91.76036 [DOMException [AbortError]: This operation was aborted]
[weather] NOAA precip fetch failed for 45.55236,-91.22839 [DOMException [AbortError]: This operation was aborted]
[weather] NOAA precip fetch failed for 45.47296,-94.34970 [DOMException [AbortError]: This operation was aborted]
[weather] NOAA precip fetch failed for 45.47450,-94.34029 [DOMException [AbortError]: This operation was aborted]
[weather] NOAA precip fetch failed for 45.52903,-94.77653 [DOMException [AbortError]: This operation was aborted]
[weather] NOAA precip fetch failed for 45.83958,-92.93640 [DOMException [AbortError]: This operation was aborted]
[weather] NOAA precip fetch failed for 46.02387,-93.23192 [DOMException [AbortError]: This operation was aborted]
[weather] NOAA precip fetch failed for 45.09276,-93.72942 [DOMException [AbortError]: This operation was aborted]
[weather] NOAA precip fetch failed for 44.96505,-93.84545 [DOMException [AbortError]: This operation was aborted]
[weather] NOAA precip fetch failed for 44.23355,-92.48203 [DOMException [AbortError]: This operation was aborted]
[weather] NOAA precip fetch failed for 42.10443,-93.57549 [DOMException [AbortError]: This operation was aborted]
[weather] NOAA precip fetch failed for 42.03535,-93.59895 [DOMException [AbortError]: This operation was aborted]
[weather] NWS fetch failed for 48.01040,-89.70830 Error: HTTP 404
    at fetchJson (C:\Users\Yerff\source\repos\PaddleTodayV2\src\lib\http.ts:94:15)
    at process.processTicksAndRejections (node:internal/process/task_queues:104:5)
    at async fetchNwsWeatherSnapshot (C:\Users\Yerff\source\repos\PaddleTodayV2\src\lib\nws.ts:87:17)
    at async Promise.all (index 0)
    at async fetchWeatherSnapshot (C:\Users\Yerff\source\repos\PaddleTodayV2\src\lib\weather.ts:7:27)
    at async Promise.all (index 1)
    at async scoreRiver (C:\Users\Yerff\source\repos\PaddleTodayV2\src\lib\rivers.ts:179:28)
    at async worker (C:\Users\Yerff\source\repos\PaddleTodayV2\src\lib\async-concurrency.ts:22:24)
    at async Promise.all (index 2)
    at async mapWithConcurrency (C:\Users\Yerff\source\repos\PaddleTodayV2\src\lib\async-concurrency.ts:26:3)
[weather] Weather snapshot unavailable for 48.01040,-89.70830
API server request failed. {
  requestId: 'req_mshnpcep_izde5m',
  method: 'GET',
  path: '/api/rivers/summary.json',
  error: Error: river summary scoring timed out after 12000ms
      at Timeout.<anonymous> (C:\Users\Yerff\source\repos\PaddleTodayV2\src\server\server-runtime.ts:18:18)
      at listOnTimeout (node:internal/timers:605:17)
      at process.processTimers (node:internal/timers:541:7)
}
[weather] NOAA precip fetch failed for 37.17950,-86.11230 [DOMException [AbortError]: This operation was aborted]
[weather] NOAA precip fetch failed for 48.25007,-93.88611 [DOMException [AbortError]: This operation was aborted]
[weather] NOAA precip fetch failed for 48.21402,-93.48185 [DOMException [AbortError]: This operation was aborted]
[weather] NOAA precip fetch failed for 44.51488,-92.89903 [DOMException [AbortError]: This operation was aborted]
[weather] NOAA precip fetch failed for 44.24285,-93.24006 [DOMException [AbortError]: This operation was aborted]
API server request failed. {
  requestId: 'req_mshnvrvj_8l3e8o',
  method: 'GET',
  path: '/api/rivers/summary.json',
  error: Error: river summary scoring timed out after 12000ms
      at Timeout.<anonymous> (C:\Users\Yerff\source\repos\PaddleTodayV2\src\server\server-runtime.ts:18:18)
      at listOnTimeout (node:internal/timers:605:17)
      at process.processTimers (node:internal/timers:541:7)
}
[weather] NWS fetch failed for 48.01040,-89.70830 Error: HTTP 404
    at fetchJson (C:\Users\Yerff\source\repos\PaddleTodayV2\src\lib\http.ts:94:15)
    at process.processTicksAndRejections (node:internal/process/task_queues:104:5)
    at async fetchNwsWeatherSnapshot (C:\Users\Yerff\source\repos\PaddleTodayV2\src\lib\nws.ts:87:17)
    at async Promise.all (index 0)
    at async fetchWeatherSnapshot (C:\Users\Yerff\source\repos\PaddleTodayV2\src\lib\weather.ts:7:27)
    at async Promise.all (index 1)
    at async scoreRiver (C:\Users\Yerff\source\repos\PaddleTodayV2\src\lib\rivers.ts:179:28)
    at async worker (C:\Users\Yerff\source\repos\PaddleTodayV2\src\lib\async-concurrency.ts:22:24)
    at async Promise.all (index 9)
    at async mapWithConcurrency (C:\Users\Yerff\source\repos\PaddleTodayV2\src\lib\async-concurrency.ts:26:3)
[weather] Weather snapshot unavailable for 48.01040,-89.70830
API server request failed. {
  requestId: 'req_msho8mu8_67fyn3',
  method: 'GET',
  path: '/api/rivers/summary.json',
  error: Error: river summary scoring timed out after 12000ms
      at Timeout.<anonymous> (C:\Users\Yerff\source\repos\PaddleTodayV2\src\server\server-runtime.ts:18:18)
      at listOnTimeout (node:internal/timers:605:17)
      at process.processTimers (node:internal/timers:541:7)
}
[weather] NWS fetch failed for 48.01040,-89.70830 Error: HTTP 404
    at fetchJson (C:\Users\Yerff\source\repos\PaddleTodayV2\src\lib\http.ts:94:15)
    at process.processTicksAndRejections (node:internal/process/task_queues:104:5)
    at async fetchNwsWeatherSnapshot (C:\Users\Yerff\source\repos\PaddleTodayV2\src\lib\nws.ts:87:17)
    at async Promise.all (index 0)
    at async fetchWeatherSnapshot (C:\Users\Yerff\source\repos\PaddleTodayV2\src\lib\weather.ts:7:27)
    at async Promise.all (index 1)
    at async scoreRiver (C:\Users\Yerff\source\repos\PaddleTodayV2\src\lib\rivers.ts:179:28)
    at async worker (C:\Users\Yerff\source\repos\PaddleTodayV2\src\lib\async-concurrency.ts:22:24)
    at async Promise.all (index 10)
    at async mapWithConcurrency (C:\Users\Yerff\source\repos\PaddleTodayV2\src\lib\async-concurrency.ts:26:3)
[weather] Weather snapshot unavailable for 48.01040,-89.70830
API server request failed. {
  requestId: 'req_mshorxae_fzek06',
  method: 'GET',
  path: '/api/rivers/summary.json',
  error: Error: river summary scoring timed out after 12000ms
      at Timeout.<anonymous> (C:\Users\Yerff\source\repos\PaddleTodayV2\src\server\server-runtime.ts:18:18)
      at listOnTimeout (node:internal/timers:605:17)
      at process.processTimers (node:internal/timers:541:7)
}
[weather] NWS fetch failed for 48.01040,-89.70830 Error: HTTP 404
    at fetchJson (C:\Users\Yerff\source\repos\PaddleTodayV2\src\lib\http.ts:94:15)
    at process.processTicksAndRejections (node:internal/process/task_queues:104:5)
    at async fetchNwsWeatherSnapshot (C:\Users\Yerff\source\repos\PaddleTodayV2\src\lib\nws.ts:87:17)
    at async Promise.all (index 0)
    at async fetchWeatherSnapshot (C:\Users\Yerff\source\repos\PaddleTodayV2\src\lib\weather.ts:7:27)
    at async Promise.all (index 1)
    at async scoreRiver (C:\Users\Yerff\source\repos\PaddleTodayV2\src\lib\rivers.ts:179:28)
    at async worker (C:\Users\Yerff\source\repos\PaddleTodayV2\src\lib\async-concurrency.ts:22:24)
    at async Promise.all (index 9)
    at async mapWithConcurrency (C:\Users\Yerff\source\repos\PaddleTodayV2\src\lib\async-concurrency.ts:26:3)
[weather] Weather snapshot unavailable for 48.01040,-89.70830
API server request failed. {
  requestId: 'req_mshpb7qj_kxx71o',
  method: 'GET',
  path: '/api/rivers/summary.json',
  error: Error: river summary scoring timed out after 12000ms
      at Timeout.<anonymous> (C:\Users\Yerff\source\repos\PaddleTodayV2\src\server\server-runtime.ts:18:18)
      at listOnTimeout (node:internal/timers:605:17)
      at process.processTimers (node:internal/timers:541:7)
}
[weather] NWS fetch failed for 48.01040,-89.70830 Error: HTTP 404
    at fetchJson (C:\Users\Yerff\source\repos\PaddleTodayV2\src\lib\http.ts:94:15)
    at process.processTicksAndRejections (node:internal/process/task_queues:104:5)
    at async fetchNwsWeatherSnapshot (C:\Users\Yerff\source\repos\PaddleTodayV2\src\lib\nws.ts:87:17)
    at async Promise.all (index 0)
    at async fetchWeatherSnapshot (C:\Users\Yerff\source\repos\PaddleTodayV2\src\lib\weather.ts:7:27)
    at async Promise.all (index 1)
    at async scoreRiver (C:\Users\Yerff\source\repos\PaddleTodayV2\src\lib\rivers.ts:179:28)
    at async worker (C:\Users\Yerff\source\repos\PaddleTodayV2\src\lib\async-concurrency.ts:22:24)
    at async Promise.all (index 7)
    at async mapWithConcurrency (C:\Users\Yerff\source\repos\PaddleTodayV2\src\lib\async-concurrency.ts:26:3)
[weather] Weather snapshot unavailable for 48.01040,-89.70830
API server request failed. {
  requestId: 'req_mshpnesj_1nu5t2',
  method: 'GET',
  path: '/api/rivers/summary.json',
  error: Error: river summary scoring timed out after 12000ms
      at Timeout.<anonymous> (C:\Users\Yerff\source\repos\PaddleTodayV2\src\server\server-runtime.ts:18:18)
      at listOnTimeout (node:internal/timers:605:17)
      at process.processTimers (node:internal/timers:541:7)
}
[weather] NWS fetch failed for 48.01040,-89.70830 Error: HTTP 404
    at fetchJson (C:\Users\Yerff\source\repos\PaddleTodayV2\src\lib\http.ts:94:15)
    at process.processTicksAndRejections (node:internal/process/task_queues:104:5)
    at async fetchNwsWeatherSnapshot (C:\Users\Yerff\source\repos\PaddleTodayV2\src\lib\nws.ts:87:17)
    at async Promise.all (index 0)
    at async fetchWeatherSnapshot (C:\Users\Yerff\source\repos\PaddleTodayV2\src\lib\weather.ts:7:27)
    at async Promise.all (index 1)
    at async scoreRiver (C:\Users\Yerff\source\repos\PaddleTodayV2\src\lib\rivers.ts:179:28)
    at async worker (C:\Users\Yerff\source\repos\PaddleTodayV2\src\lib\async-concurrency.ts:22:24)
    at async Promise.all (index 4)
    at async mapWithConcurrency (C:\Users\Yerff\source\repos\PaddleTodayV2\src\lib\async-concurrency.ts:26:3)
[weather] Weather snapshot unavailable for 48.01040,-89.70830
API server request failed. {
  requestId: 'req_mshq6p7p_m1rxvi',
  method: 'GET',
  path: '/api/rivers/summary.json',
  error: Error: river summary scoring timed out after 12000ms
      at Timeout.<anonymous> (C:\Users\Yerff\source\repos\PaddleTodayV2\src\server\server-runtime.ts:18:18)
      at listOnTimeout (node:internal/timers:605:17)
      at process.processTimers (node:internal/timers:541:7)
}
[weather] NWS fetch failed for 48.01040,-89.70830 Error: HTTP 404
    at fetchJson (C:\Users\Yerff\source\repos\PaddleTodayV2\src\lib\http.ts:94:15)
    at process.processTicksAndRejections (node:internal/process/task_queues:104:5)
    at async fetchNwsWeatherSnapshot (C:\Users\Yerff\source\repos\PaddleTodayV2\src\lib\nws.ts:87:17)
    at async Promise.all (index 0)
    at async fetchWeatherSnapshot (C:\Users\Yerff\source\repos\PaddleTodayV2\src\lib\weather.ts:7:27)
    at async Promise.all (index 1)
    at async scoreRiver (C:\Users\Yerff\source\repos\PaddleTodayV2\src\lib\rivers.ts:179:28)
    at async worker (C:\Users\Yerff\source\repos\PaddleTodayV2\src\lib\async-concurrency.ts:22:24)
    at async Promise.all (index 2)
    at async mapWithConcurrency (C:\Users\Yerff\source\repos\PaddleTodayV2\src\lib\async-concurrency.ts:26:3)
[weather] Weather snapshot unavailable for 48.01040,-89.70830
API server request failed. {
  requestId: 'req_mshqjk6d_2r4xux',
  method: 'GET',
  path: '/api/rivers/summary.json',
  error: Error: river summary scoring timed out after 12000ms
      at Timeout.<anonymous> (C:\Users\Yerff\source\repos\PaddleTodayV2\src\server\server-runtime.ts:18:18)
      at listOnTimeout (node:internal/timers:605:17)
      at process.processTimers (node:internal/timers:541:7)
}
[weather] NWS fetch failed for 48.01040,-89.70830 Error: HTTP 404
    at fetchJson (C:\Users\Yerff\source\repos\PaddleTodayV2\src\lib\http.ts:94:15)
    at process.processTicksAndRejections (node:internal/process/task_queues:104:5)
    at async fetchNwsWeatherSnapshot (C:\Users\Yerff\source\repos\PaddleTodayV2\src\lib\nws.ts:87:17)
    at async Promise.all (index 0)
    at async fetchWeatherSnapshot (C:\Users\Yerff\source\repos\PaddleTodayV2\src\lib\weather.ts:7:27)
    at async Promise.all (index 1)
    at async scoreRiver (C:\Users\Yerff\source\repos\PaddleTodayV2\src\lib\rivers.ts:179:28)
    at async worker (C:\Users\Yerff\source\repos\PaddleTodayV2\src\lib\async-concurrency.ts:22:24)
    at async Promise.all (index 6)
    at async mapWithConcurrency (C:\Users\Yerff\source\repos\PaddleTodayV2\src\lib\async-concurrency.ts:26:3)
[weather] Weather snapshot unavailable for 48.01040,-89.70830
API server request failed. {
  requestId: 'req_mshqx32d_uzoncc',
  method: 'GET',
  path: '/api/rivers/summary.json',
  error: Error: river summary scoring timed out after 12000ms
      at Timeout.<anonymous> (C:\Users\Yerff\source\repos\PaddleTodayV2\src\server\server-runtime.ts:18:18)
      at listOnTimeout (node:internal/timers:605:17)
      at process.processTimers (node:internal/timers:541:7)
}
[weather] NWS fetch failed for 48.01040,-89.70830 Error: HTTP 404
    at fetchJson (C:\Users\Yerff\source\repos\PaddleTodayV2\src\lib\http.ts:94:15)
    at process.processTicksAndRejections (node:internal/process/task_queues:104:5)
    at async fetchNwsWeatherSnapshot (C:\Users\Yerff\source\repos\PaddleTodayV2\src\lib\nws.ts:87:17)
    at async Promise.all (index 0)
    at async fetchWeatherSnapshot (C:\Users\Yerff\source\repos\PaddleTodayV2\src\lib\weather.ts:7:27)
    at async Promise.all (index 1)
    at async scoreRiver (C:\Users\Yerff\source\repos\PaddleTodayV2\src\lib\rivers.ts:179:28)
    at async worker (C:\Users\Yerff\source\repos\PaddleTodayV2\src\lib\async-concurrency.ts:22:24)
    at async Promise.all (index 8)
    at async mapWithConcurrency (C:\Users\Yerff\source\repos\PaddleTodayV2\src\lib\async-concurrency.ts:26:3)
[weather] Weather snapshot unavailable for 48.01040,-89.70830
API server request failed. {
  requestId: 'req_mshrgdid_8bxz3v',
  method: 'GET',
  path: '/api/rivers/summary.json',
  error: Error: river summary scoring timed out after 12000ms
      at Timeout.<anonymous> (C:\Users\Yerff\source\repos\PaddleTodayV2\src\server\server-runtime.ts:18:18)
      at listOnTimeout (node:internal/timers:605:17)
      at process.processTimers (node:internal/timers:541:7)
}
[weather] NWS fetch failed for 48.01040,-89.70830 Error: HTTP 404
    at fetchJson (C:\Users\Yerff\source\repos\PaddleTodayV2\src\lib\http.ts:94:15)
    at process.processTicksAndRejections (node:internal/process/task_queues:104:5)
    at async fetchNwsWeatherSnapshot (C:\Users\Yerff\source\repos\PaddleTodayV2\src\lib\nws.ts:87:17)
    at async Promise.all (index 0)
    at async fetchWeatherSnapshot (C:\Users\Yerff\source\repos\PaddleTodayV2\src\lib\weather.ts:7:27)
    at async Promise.all (index 1)
    at async scoreRiver (C:\Users\Yerff\source\repos\PaddleTodayV2\src\lib\rivers.ts:179:28)
    at async worker (C:\Users\Yerff\source\repos\PaddleTodayV2\src\lib\async-concurrency.ts:22:24)
    at async Promise.all (index 1)
    at async mapWithConcurrency (C:\Users\Yerff\source\repos\PaddleTodayV2\src\lib\async-concurrency.ts:26:3)
[weather] Weather snapshot unavailable for 48.01040,-89.70830
API server request failed. {
  requestId: 'req_mshrt8h2_xh2904',
  method: 'GET',
  path: '/api/rivers/summary.json',
  error: Error: river summary scoring timed out after 12000ms
      at Timeout.<anonymous> (C:\Users\Yerff\source\repos\PaddleTodayV2\src\server\server-runtime.ts:18:18)
      at listOnTimeout (node:internal/timers:605:17)
      at process.processTimers (node:internal/timers:541:7)
}
[weather] NWS fetch failed for 48.01040,-89.70830 Error: HTTP 404
    at fetchJson (C:\Users\Yerff\source\repos\PaddleTodayV2\src\lib\http.ts:94:15)
    at process.processTicksAndRejections (node:internal/process/task_queues:104:5)
    at async fetchNwsWeatherSnapshot (C:\Users\Yerff\source\repos\PaddleTodayV2\src\lib\nws.ts:87:17)
    at async Promise.all (index 0)
    at async fetchWeatherSnapshot (C:\Users\Yerff\source\repos\PaddleTodayV2\src\lib\weather.ts:7:27)
    at async Promise.all (index 1)
    at async scoreRiver (C:\Users\Yerff\source\repos\PaddleTodayV2\src\lib\rivers.ts:179:28)
    at async worker (C:\Users\Yerff\source\repos\PaddleTodayV2\src\lib\async-concurrency.ts:22:24)
    at async Promise.all (index 10)
    at async mapWithConcurrency (C:\Users\Yerff\source\repos\PaddleTodayV2\src\lib\async-concurrency.ts:26:3)
[weather] Weather snapshot unavailable for 48.01040,-89.70830
API server request failed. {
  requestId: 'req_mshscixe_7wyd4c',
  method: 'GET',
  path: '/api/rivers/summary.json',
  error: Error: river summary scoring timed out after 12000ms
      at Timeout.<anonymous> (C:\Users\Yerff\source\repos\PaddleTodayV2\src\server\server-runtime.ts:18:18)
      at listOnTimeout (node:internal/timers:605:17)
      at process.processTimers (node:internal/timers:541:7)
}
[weather] NWS fetch failed for 48.01040,-89.70830 Error: HTTP 404
    at fetchJson (C:\Users\Yerff\source\repos\PaddleTodayV2\src\lib\http.ts:94:15)
    at process.processTicksAndRejections (node:internal/process/task_queues:104:5)
    at async fetchNwsWeatherSnapshot (C:\Users\Yerff\source\repos\PaddleTodayV2\src\lib\nws.ts:87:17)
    at async Promise.all (index 0)
    at async fetchWeatherSnapshot (C:\Users\Yerff\source\repos\PaddleTodayV2\src\lib\weather.ts:7:27)
    at async Promise.all (index 1)
    at async scoreRiver (C:\Users\Yerff\source\repos\PaddleTodayV2\src\lib\rivers.ts:179:28)
    at async worker (C:\Users\Yerff\source\repos\PaddleTodayV2\src\lib\async-concurrency.ts:22:24)
    at async Promise.all (index 6)
    at async mapWithConcurrency (C:\Users\Yerff\source\repos\PaddleTodayV2\src\lib\async-concurrency.ts:26:3)
[weather] Weather snapshot unavailable for 48.01040,-89.70830
API server request failed. {
  requestId: 'req_mshsvtd6_e8ahlk',
  method: 'GET',
  path: '/api/rivers/summary.json',
  error: Error: river summary scoring timed out after 12000ms
      at Timeout.<anonymous> (C:\Users\Yerff\source\repos\PaddleTodayV2\src\server\server-runtime.ts:18:18)
      at listOnTimeout (node:internal/timers:605:17)
      at process.processTimers (node:internal/timers:541:7)
}
[weather] NWS fetch failed for 48.01040,-89.70830 Error: HTTP 404
    at fetchJson (C:\Users\Yerff\source\repos\PaddleTodayV2\src\lib\http.ts:94:15)
    at process.processTicksAndRejections (node:internal/process/task_queues:104:5)
    at async fetchNwsWeatherSnapshot (C:\Users\Yerff\source\repos\PaddleTodayV2\src\lib\nws.ts:87:17)
    at async Promise.all (index 0)
    at async fetchWeatherSnapshot (C:\Users\Yerff\source\repos\PaddleTodayV2\src\lib\weather.ts:7:27)
    at async Promise.all (index 1)
    at async scoreRiver (C:\Users\Yerff\source\repos\PaddleTodayV2\src\lib\rivers.ts:179:28)
    at async worker (C:\Users\Yerff\source\repos\PaddleTodayV2\src\lib\async-concurrency.ts:22:24)
    at async Promise.all (index 9)
    at async mapWithConcurrency (C:\Users\Yerff\source\repos\PaddleTodayV2\src\lib\async-concurrency.ts:26:3)
[weather] Weather snapshot unavailable for 48.01040,-89.70830
API server request failed. {
  requestId: 'req_mshtf3t0_9na5l2',
  method: 'GET',
  path: '/api/rivers/summary.json',
  error: Error: river summary scoring timed out after 12000ms
      at Timeout.<anonymous> (C:\Users\Yerff\source\repos\PaddleTodayV2\src\server\server-runtime.ts:18:18)
      at listOnTimeout (node:internal/timers:605:17)
      at process.processTimers (node:internal/timers:541:7)
}
[weather] NWS fetch failed for 48.01040,-89.70830 Error: HTTP 404
    at fetchJson (C:\Users\Yerff\source\repos\PaddleTodayV2\src\lib\http.ts:94:15)
    at process.processTicksAndRejections (node:internal/process/task_queues:104:5)
    at async fetchNwsWeatherSnapshot (C:\Users\Yerff\source\repos\PaddleTodayV2\src\lib\nws.ts:87:17)
    at async Promise.all (index 0)
    at async fetchWeatherSnapshot (C:\Users\Yerff\source\repos\PaddleTodayV2\src\lib\weather.ts:7:27)
    at async Promise.all (index 1)
    at async scoreRiver (C:\Users\Yerff\source\repos\PaddleTodayV2\src\lib\rivers.ts:179:28)
    at async worker (C:\Users\Yerff\source\repos\PaddleTodayV2\src\lib\async-concurrency.ts:22:24)
    at async Promise.all (index 6)
    at async mapWithConcurrency (C:\Users\Yerff\source\repos\PaddleTodayV2\src\lib\async-concurrency.ts:26:3)
[weather] Weather snapshot unavailable for 48.01040,-89.70830
API server request failed. {
  requestId: 'req_mshtryrp_nahtvw',
  method: 'GET',
  path: '/api/rivers/summary.json',
  error: Error: river summary scoring timed out after 12000ms
      at Timeout.<anonymous> (C:\Users\Yerff\source\repos\PaddleTodayV2\src\server\server-runtime.ts:18:18)
      at listOnTimeout (node:internal/timers:605:17)
      at process.processTimers (node:internal/timers:541:7)
}
[weather] NWS fetch failed for 48.01040,-89.70830 Error: HTTP 404
    at fetchJson (C:\Users\Yerff\source\repos\PaddleTodayV2\src\lib\http.ts:94:15)
    at process.processTicksAndRejections (node:internal/process/task_queues:104:5)
    at async fetchNwsWeatherSnapshot (C:\Users\Yerff\source\repos\PaddleTodayV2\src\lib\nws.ts:87:17)
    at async Promise.all (index 0)
    at async fetchWeatherSnapshot (C:\Users\Yerff\source\repos\PaddleTodayV2\src\lib\weather.ts:7:27)
    at async Promise.all (index 1)
    at async scoreRiver (C:\Users\Yerff\source\repos\PaddleTodayV2\src\lib\rivers.ts:179:28)
    at async worker (C:\Users\Yerff\source\repos\PaddleTodayV2\src\lib\async-concurrency.ts:22:24)
    at async Promise.all (index 3)
    at async mapWithConcurrency (C:\Users\Yerff\source\repos\PaddleTodayV2\src\lib\async-concurrency.ts:26:3)
[weather] Weather snapshot unavailable for 48.01040,-89.70830
API server request failed. {
  requestId: 'req_mshub97y_6lv2eh',
  method: 'GET',
  path: '/api/rivers/summary.json',
  error: Error: river summary scoring timed out after 12000ms
      at Timeout.<anonymous> (C:\Users\Yerff\source\repos\PaddleTodayV2\src\server\server-runtime.ts:18:18)
      at listOnTimeout (node:internal/timers:605:17)
      at process.processTimers (node:internal/timers:541:7)
}
[weather] NWS fetch failed for 48.01040,-89.70830 Error: HTTP 404
    at fetchJson (C:\Users\Yerff\source\repos\PaddleTodayV2\src\lib\http.ts:94:15)
    at process.processTicksAndRejections (node:internal/process/task_queues:104:5)
    at async fetchNwsWeatherSnapshot (C:\Users\Yerff\source\repos\PaddleTodayV2\src\lib\nws.ts:87:17)
    at async Promise.all (index 0)
    at async fetchWeatherSnapshot (C:\Users\Yerff\source\repos\PaddleTodayV2\src\lib\weather.ts:7:27)
    at async Promise.all (index 1)
    at async scoreRiver (C:\Users\Yerff\source\repos\PaddleTodayV2\src\lib\rivers.ts:179:28)
    at async worker (C:\Users\Yerff\source\repos\PaddleTodayV2\src\lib\async-concurrency.ts:22:24)
    at async Promise.all (index 2)
    at async mapWithConcurrency (C:\Users\Yerff\source\repos\PaddleTodayV2\src\lib\async-concurrency.ts:26:3)
[weather] Weather snapshot unavailable for 48.01040,-89.70830
node:events:486
      throw er; // Unhandled 'error' event
      ^

Error: listen EADDRINUSE: address already in use 0.0.0.0:4322
    at Server.setupListenHandle [as _listen2] (node:net:1948:16)
    at listenInCluster (node:net:2005:12)
    at node:net:2214:7
    at process.processTicksAndRejections (node:internal/process/task_queues:90:21)
Emitted 'error' event on Server instance at:
    at emitErrorNT (node:net:1984:8)
    at process.processTicksAndRejections (node:internal/process/task_queues:90:21) {
  code: 'EADDRINUSE',
  errno: -4091,
  syscall: 'listen',
  address: '0.0.0.0',
  port: 4322
}

Node.js v24.14.0
node:events:486
      throw er; // Unhandled 'error' event
      ^

Error: listen EADDRINUSE: address already in use 0.0.0.0:4322
    at Server.setupListenHandle [as _listen2] (node:net:1948:16)
    at listenInCluster (node:net:2005:12)
    at node:net:2214:7
    at process.processTicksAndRejections (node:internal/process/task_queues:90:21)
Emitted 'error' event on Server instance at:
    at emitErrorNT (node:net:1984:8)
    at process.processTicksAndRejections (node:internal/process/task_queues:90:21) {
  code: 'EADDRINUSE',
  errno: -4091,
  syscall: 'listen',
  address: '0.0.0.0',
  port: 4322
}

Node.js v24.14.0
node:events:486
      throw er; // Unhandled 'error' event
      ^

Error: listen EADDRINUSE: address already in use 0.0.0.0:4322
    at Server.setupListenHandle [as _listen2] (node:net:1948:16)
    at listenInCluster (node:net:2005:12)
    at node:net:2214:7
    at process.processTicksAndRejections (node:internal/process/task_queues:90:21)
Emitted 'error' event on Server instance at:
    at emitErrorNT (node:net:1984:8)
    at process.processTicksAndRejections (node:internal/process/task_queues:90:21) {
  code: 'EADDRINUSE',
  errno: -4091,
  syscall: 'listen',
  address: '0.0.0.0',
  port: 4322
}

Node.js v24.14.0
node:events:486
      throw er; // Unhandled 'error' event
      ^

Error: listen EADDRINUSE: address already in use 0.0.0.0:4322
    at Server.setupListenHandle [as _listen2] (node:net:1948:16)
    at listenInCluster (node:net:2005:12)
    at node:net:2214:7
    at process.processTicksAndRejections (node:internal/process/task_queues:90:21)
Emitted 'error' event on Server instance at:
    at emitErrorNT (node:net:1984:8)
    at process.processTicksAndRejections (node:internal/process/task_queues:90:21) {
  code: 'EADDRINUSE',
  errno: -4091,
  syscall: 'listen',
  address: '0.0.0.0',
  port: 4322
}

Node.js v24.14.0
node:events:486
      throw er; // Unhandled 'error' event
      ^

Error: listen EADDRINUSE: address already in use 0.0.0.0:4322
    at Server.setupListenHandle [as _listen2] (node:net:1948:16)
    at listenInCluster (node:net:2005:12)
    at node:net:2214:7
    at process.processTicksAndRejections (node:internal/process/task_queues:90:21)
Emitted 'error' event on Server instance at:
    at emitErrorNT (node:net:1984:8)
    at process.processTicksAndRejections (node:internal/process/task_queues:90:21) {
  code: 'EADDRINUSE',
  errno: -4091,
  syscall: 'listen',
  address: '0.0.0.0',
  port: 4322
}

Node.js v24.14.0
API server request failed. {
  requestId: 'req_msi5pchj_7b7p8o',
  method: 'GET',
  path: '/api/rivers/summary.json',
  error: Error: river summary scoring timed out after 12000ms
      at Timeout.<anonymous> (C:\Users\Yerff\source\repos\PaddleTodayV2\src\server\server-runtime.ts:18:18)
      at listOnTimeout (node:internal/timers:605:17)
      at process.processTimers (node:internal/timers:541:7)
}
[weather] NWS fetch failed for 48.01040,-89.70830 Error: HTTP 404
    at fetchJson (C:\Users\Yerff\source\repos\PaddleTodayV2\src\lib\http.ts:94:15)
    at process.processTicksAndRejections (node:internal/process/task_queues:104:5)
    at async fetchNwsWeatherSnapshot (C:\Users\Yerff\source\repos\PaddleTodayV2\src\lib\nws.ts:87:17)
    at async Promise.all (index 0)
    at async fetchWeatherSnapshot (C:\Users\Yerff\source\repos\PaddleTodayV2\src\lib\weather.ts:7:27)
    at async Promise.all (index 1)
    at async scoreRiver (C:\Users\Yerff\source\repos\PaddleTodayV2\src\lib\rivers.ts:179:28)
    at async worker (C:\Users\Yerff\source\repos\PaddleTodayV2\src\lib\async-concurrency.ts:22:24)
    at async Promise.all (index 7)
    at async mapWithConcurrency (C:\Users\Yerff\source\repos\PaddleTodayV2\src\lib\async-concurrency.ts:26:3)
[weather] Weather snapshot unavailable for 48.01040,-89.70830
API server request failed. {
  requestId: 'req_msi62828_q72d4w',
  method: 'GET',
  path: '/api/rivers/summary.json',
  error: Error: river summary scoring timed out after 12000ms
      at Timeout.<anonymous> (C:\Users\Yerff\source\repos\PaddleTodayV2\src\server\server-runtime.ts:18:18)
      at listOnTimeout (node:internal/timers:605:17)
      at process.processTimers (node:internal/timers:541:7)
}
[weather] NWS fetch failed for 48.01040,-89.70830 Error: HTTP 404
    at fetchJson (C:\Users\Yerff\source\repos\PaddleTodayV2\src\lib\http.ts:94:15)
    at process.processTicksAndRejections (node:internal/process/task_queues:104:5)
    at async fetchNwsWeatherSnapshot (C:\Users\Yerff\source\repos\PaddleTodayV2\src\lib\nws.ts:87:17)
    at async Promise.all (index 0)
    at async fetchWeatherSnapshot (C:\Users\Yerff\source\repos\PaddleTodayV2\src\lib\weather.ts:7:27)
    at async Promise.all (index 1)
    at async scoreRiver (C:\Users\Yerff\source\repos\PaddleTodayV2\src\lib\rivers.ts:179:28)
    at async worker (C:\Users\Yerff\source\repos\PaddleTodayV2\src\lib\async-concurrency.ts:22:24)
    at async Promise.all (index 1)
    at async mapWithConcurrency (C:\Users\Yerff\source\repos\PaddleTodayV2\src\lib\async-concurrency.ts:26:3)
[weather] Weather snapshot unavailable for 48.01040,-89.70830
API server request failed. {
  requestId: 'req_msi6liia_rh1dtc',
  method: 'GET',
  path: '/api/rivers/summary.json',
  error: Error: river summary scoring timed out after 12000ms
      at Timeout.<anonymous> (C:\Users\Yerff\source\repos\PaddleTodayV2\src\server\server-runtime.ts:18:18)
      at listOnTimeout (node:internal/timers:605:17)
      at process.processTimers (node:internal/timers:541:7)
}
[weather] NWS fetch failed for 48.01040,-89.70830 Error: HTTP 404
    at fetchJson (C:\Users\Yerff\source\repos\PaddleTodayV2\src\lib\http.ts:94:15)
    at process.processTicksAndRejections (node:internal/process/task_queues:104:5)
    at async fetchNwsWeatherSnapshot (C:\Users\Yerff\source\repos\PaddleTodayV2\src\lib\nws.ts:87:17)
    at async Promise.all (index 0)
    at async fetchWeatherSnapshot (C:\Users\Yerff\source\repos\PaddleTodayV2\src\lib\weather.ts:7:27)
    at async Promise.all (index 1)
    at async scoreRiver (C:\Users\Yerff\source\repos\PaddleTodayV2\src\lib\rivers.ts:179:28)
    at async worker (C:\Users\Yerff\source\repos\PaddleTodayV2\src\lib\async-concurrency.ts:22:24)
    at async Promise.all (index 0)
    at async mapWithConcurrency (C:\Users\Yerff\source\repos\PaddleTodayV2\src\lib\async-concurrency.ts:26:3)
[weather] Weather snapshot unavailable for 48.01040,-89.70830
API server request failed. {
  requestId: 'req_msi6yi3p_nimola',
  method: 'GET',
  path: '/api/rivers/summary.json',
  error: Error: river summary scoring timed out after 12000ms
      at Timeout.<anonymous> (C:\Users\Yerff\source\repos\PaddleTodayV2\src\server\server-runtime.ts:18:18)
      at listOnTimeout (node:internal/timers:605:17)
      at process.processTimers (node:internal/timers:541:7)
}
[weather] NWS fetch failed for 48.01040,-89.70830 Error: HTTP 404
    at fetchJson (C:\Users\Yerff\source\repos\PaddleTodayV2\src\lib\http.ts:94:15)
    at process.processTicksAndRejections (node:internal/process/task_queues:104:5)
    at async fetchNwsWeatherSnapshot (C:\Users\Yerff\source\repos\PaddleTodayV2\src\lib\nws.ts:87:17)
    at async Promise.all (index 0)
    at async fetchWeatherSnapshot (C:\Users\Yerff\source\repos\PaddleTodayV2\src\lib\weather.ts:7:27)
    at async Promise.all (index 1)
    at async scoreRiver (C:\Users\Yerff\source\repos\PaddleTodayV2\src\lib\rivers.ts:179:28)
    at async worker (C:\Users\Yerff\source\repos\PaddleTodayV2\src\lib\async-concurrency.ts:22:24)
    at async Promise.all (index 6)
    at async mapWithConcurrency (C:\Users\Yerff\source\repos\PaddleTodayV2\src\lib\async-concurrency.ts:26:3)
[weather] Weather snapshot unavailable for 48.01040,-89.70830
API server request failed. {
  requestId: 'req_msi74xl1_z6flgc',
  method: 'GET',
  path: '/api/rivers/summary.json',
  error: Error: river summary scoring timed out after 12000ms
      at Timeout.<anonymous> (C:\Users\Yerff\source\repos\PaddleTodayV2\src\server\server-runtime.ts:18:18)
      at listOnTimeout (node:internal/timers:605:17)
      at process.processTimers (node:internal/timers:541:7)
}
API server request failed. {
  requestId: 'req_msi7hsjv_ir7ep5',
  method: 'GET',
  path: '/api/rivers/summary.json',
  error: Error: river summary scoring timed out after 12000ms
      at Timeout.<anonymous> (C:\Users\Yerff\source\repos\PaddleTodayV2\src\server\server-runtime.ts:18:18)
      at listOnTimeout (node:internal/timers:605:17)
      at process.processTimers (node:internal/timers:541:7)
}
[weather] NWS fetch failed for 48.01040,-89.70830 Error: HTTP 404
    at fetchJson (C:\Users\Yerff\source\repos\PaddleTodayV2\src\lib\http.ts:94:15)
    at process.processTicksAndRejections (node:internal/process/task_queues:104:5)
    at async fetchNwsWeatherSnapshot (C:\Users\Yerff\source\repos\PaddleTodayV2\src\lib\nws.ts:87:17)
    at async Promise.all (index 0)
    at async fetchWeatherSnapshot (C:\Users\Yerff\source\repos\PaddleTodayV2\src\lib\weather.ts:7:27)
    at async Promise.all (index 1)
    at async scoreRiver (C:\Users\Yerff\source\repos\PaddleTodayV2\src\lib\rivers.ts:179:28)
    at async worker (C:\Users\Yerff\source\repos\PaddleTodayV2\src\lib\async-concurrency.ts:22:24)
    at async Promise.all (index 10)
    at async mapWithConcurrency (C:\Users\Yerff\source\repos\PaddleTodayV2\src\lib\async-concurrency.ts:26:3)
[weather] Weather snapshot unavailable for 48.01040,-89.70830
API server request failed. {
  requestId: 'req_msi81305_qe8y9l',
  method: 'GET',
  path: '/api/rivers/summary.json',
  error: Error: river summary scoring timed out after 12000ms
      at Timeout.<anonymous> (C:\Users\Yerff\source\repos\PaddleTodayV2\src\server\server-runtime.ts:18:18)
      at listOnTimeout (node:internal/timers:605:17)
      at process.processTimers (node:internal/timers:541:7)
}
[weather] NWS fetch failed for 48.01040,-89.70830 Error: HTTP 404
    at fetchJson (C:\Users\Yerff\source\repos\PaddleTodayV2\src\lib\http.ts:94:15)
    at process.processTicksAndRejections (node:internal/process/task_queues:104:5)
    at async fetchNwsWeatherSnapshot (C:\Users\Yerff\source\repos\PaddleTodayV2\src\lib\nws.ts:87:17)
    at async Promise.all (index 0)
    at async fetchWeatherSnapshot (C:\Users\Yerff\source\repos\PaddleTodayV2\src\lib\weather.ts:7:27)
    at async Promise.all (index 1)
    at async scoreRiver (C:\Users\Yerff\source\repos\PaddleTodayV2\src\lib\rivers.ts:179:28)
    at async worker (C:\Users\Yerff\source\repos\PaddleTodayV2\src\lib\async-concurrency.ts:22:24)
    at async Promise.all (index 3)
    at async mapWithConcurrency (C:\Users\Yerff\source\repos\PaddleTodayV2\src\lib\async-concurrency.ts:26:3)
[weather] Weather snapshot unavailable for 48.01040,-89.70830
API server request failed. {
  requestId: 'req_msi8dxyw_aqxxh0',
  method: 'GET',
  path: '/api/rivers/summary.json',
  error: Error: river summary scoring timed out after 12000ms
      at Timeout.<anonymous> (C:\Users\Yerff\source\repos\PaddleTodayV2\src\server\server-runtime.ts:18:18)
      at listOnTimeout (node:internal/timers:605:17)
      at process.processTimers (node:internal/timers:541:7)
}
[weather] NWS fetch failed for 48.01040,-89.70830 Error: HTTP 404
    at fetchJson (C:\Users\Yerff\source\repos\PaddleTodayV2\src\lib\http.ts:94:15)
    at process.processTicksAndRejections (node:internal/process/task_queues:104:5)
    at async fetchNwsWeatherSnapshot (C:\Users\Yerff\source\repos\PaddleTodayV2\src\lib\nws.ts:87:17)
    at async Promise.all (index 0)
    at async fetchWeatherSnapshot (C:\Users\Yerff\source\repos\PaddleTodayV2\src\lib\weather.ts:7:27)
    at async Promise.all (index 1)
    at async scoreRiver (C:\Users\Yerff\source\repos\PaddleTodayV2\src\lib\rivers.ts:179:28)
    at async worker (C:\Users\Yerff\source\repos\PaddleTodayV2\src\lib\async-concurrency.ts:22:24)
    at async Promise.all (index 9)
    at async mapWithConcurrency (C:\Users\Yerff\source\repos\PaddleTodayV2\src\lib\async-concurrency.ts:26:3)
[weather] Weather snapshot unavailable for 48.01040,-89.70830
API server request failed. {
  requestId: 'req_msi8x8ez_3d3e99',
  method: 'GET',
  path: '/api/rivers/summary.json',
  error: Error: river summary scoring timed out after 12000ms
      at Timeout.<anonymous> (C:\Users\Yerff\source\repos\PaddleTodayV2\src\server\server-runtime.ts:18:18)
      at listOnTimeout (node:internal/timers:605:17)
      at process.processTimers (node:internal/timers:541:7)
}
[weather] NWS fetch failed for 48.01040,-89.70830 Error: HTTP 404
    at fetchJson (C:\Users\Yerff\source\repos\PaddleTodayV2\src\lib\http.ts:94:15)
    at process.processTicksAndRejections (node:internal/process/task_queues:104:5)
    at async fetchNwsWeatherSnapshot (C:\Users\Yerff\source\repos\PaddleTodayV2\src\lib\nws.ts:87:17)
    at async Promise.all (index 0)
    at async fetchWeatherSnapshot (C:\Users\Yerff\source\repos\PaddleTodayV2\src\lib\weather.ts:7:27)
    at async Promise.all (index 1)
    at async scoreRiver (C:\Users\Yerff\source\repos\PaddleTodayV2\src\lib\rivers.ts:179:28)
    at async worker (C:\Users\Yerff\source\repos\PaddleTodayV2\src\lib\async-concurrency.ts:22:24)
    at async Promise.all (index 3)
    at async mapWithConcurrency (C:\Users\Yerff\source\repos\PaddleTodayV2\src\lib\async-concurrency.ts:26:3)
[weather] Weather snapshot unavailable for 48.01040,-89.70830
API server request failed. {
  requestId: 'req_msi9a3di_gae7ek',
  method: 'GET',
  path: '/api/rivers/summary.json',
  error: Error: river summary scoring timed out after 12000ms
      at Timeout.<anonymous> (C:\Users\Yerff\source\repos\PaddleTodayV2\src\server\server-runtime.ts:18:18)
      at listOnTimeout (node:internal/timers:605:17)
      at process.processTimers (node:internal/timers:541:7)
}
[weather] NWS fetch failed for 48.01040,-89.70830 Error: HTTP 404
    at fetchJson (C:\Users\Yerff\source\repos\PaddleTodayV2\src\lib\http.ts:94:15)
    at process.processTicksAndRejections (node:internal/process/task_queues:104:5)
    at async fetchNwsWeatherSnapshot (C:\Users\Yerff\source\repos\PaddleTodayV2\src\lib\nws.ts:87:17)
    at async Promise.all (index 0)
    at async fetchWeatherSnapshot (C:\Users\Yerff\source\repos\PaddleTodayV2\src\lib\weather.ts:7:27)
    at async Promise.all (index 1)
    at async scoreRiver (C:\Users\Yerff\source\repos\PaddleTodayV2\src\lib\rivers.ts:179:28)
    at async worker (C:\Users\Yerff\source\repos\PaddleTodayV2\src\lib\async-concurrency.ts:22:24)
    at async Promise.all (index 0)
    at async mapWithConcurrency (C:\Users\Yerff\source\repos\PaddleTodayV2\src\lib\async-concurrency.ts:26:3)
[weather] Weather snapshot unavailable for 48.01040,-89.70830
API server request failed. {
  requestId: 'req_msi9tdu7_lettad',
  method: 'GET',
  path: '/api/rivers/summary.json',
  error: Error: river summary scoring timed out after 12000ms
      at Timeout.<anonymous> (C:\Users\Yerff\source\repos\PaddleTodayV2\src\server\server-runtime.ts:18:18)
      at listOnTimeout (node:internal/timers:605:17)
      at process.processTimers (node:internal/timers:541:7)
}
[weather] NWS fetch failed for 48.01040,-89.70830 Error: HTTP 404
    at fetchJson (C:\Users\Yerff\source\repos\PaddleTodayV2\src\lib\http.ts:94:15)
    at process.processTicksAndRejections (node:internal/process/task_queues:104:5)
    at async fetchNwsWeatherSnapshot (C:\Users\Yerff\source\repos\PaddleTodayV2\src\lib\nws.ts:87:17)
    at async Promise.all (index 0)
    at async fetchWeatherSnapshot (C:\Users\Yerff\source\repos\PaddleTodayV2\src\lib\weather.ts:7:27)
    at async Promise.all (index 1)
    at async scoreRiver (C:\Users\Yerff\source\repos\PaddleTodayV2\src\lib\rivers.ts:179:28)
    at async worker (C:\Users\Yerff\source\repos\PaddleTodayV2\src\lib\async-concurrency.ts:22:24)
    at async Promise.all (index 4)
    at async mapWithConcurrency (C:\Users\Yerff\source\repos\PaddleTodayV2\src\lib\async-concurrency.ts:26:3)
[weather] Weather snapshot unavailable for 48.01040,-89.70830
node:events:486
      throw er; // Unhandled 'error' event
      ^

Error: listen EADDRINUSE: address already in use 0.0.0.0:4322
    at Server.setupListenHandle [as _listen2] (node:net:1948:16)
    at listenInCluster (node:net:2005:12)
    at node:net:2214:7
    at process.processTicksAndRejections (node:internal/process/task_queues:90:21)
Emitted 'error' event on Server instance at:
    at emitErrorNT (node:net:1984:8)
    at process.processTicksAndRejections (node:internal/process/task_queues:90:21) {
  code: 'EADDRINUSE',
  errno: -4091,
  syscall: 'listen',
  address: '0.0.0.0',
  port: 4322
}

Node.js v24.14.0
